SMILES,Accum,Accum_Class,Accum_SE,Compound_ID,SourceTable,SourceFile,MaxAbsEStateIndex,MaxEStateIndex,MinAbsEStateIndex,MinEStateIndex,qed,SPS,MolWt,HeavyAtomMolWt,ExactMolWt,NumValenceElectrons,NumRadicalElectrons,MaxPartialCharge,MinPartialCharge,MaxAbsPartialCharge,MinAbsPartialCharge,FpDensityMorgan1,FpDensityMorgan2,FpDensityMorgan3,BCUT2D_MWHI,BCUT2D_MWLOW,BCUT2D_CHGHI,BCUT2D_CHGLO,BCUT2D_LOGPHI,BCUT2D_LOGPLOW,BCUT2D_MRHI,BCUT2D_MRLOW,AvgIpc,BalabanJ,BertzCT,Chi0,Chi0n,Chi0v,Chi1,Chi1n,Chi1v,Chi2n,Chi2v,Chi3n,Chi3v,Chi4n,Chi4v,HallKierAlpha,Ipc,Kappa1,Kappa2,Kappa3,LabuteASA,PEOE_VSA1,PEOE_VSA10,PEOE_VSA11,PEOE_VSA12,PEOE_VSA13,PEOE_VSA14,PEOE_VSA2,PEOE_VSA3,PEOE_VSA4,PEOE_VSA5,PEOE_VSA6,PEOE_VSA7,PEOE_VSA8,PEOE_VSA9,SMR_VSA1,SMR_VSA10,SMR_VSA2,SMR_VSA3,SMR_VSA4,SMR_VSA5,SMR_VSA6,SMR_VSA7,SMR_VSA8,SMR_VSA9,SlogP_VSA1,SlogP_VSA10,SlogP_VSA11,SlogP_VSA12,SlogP_VSA2,SlogP_VSA3,SlogP_VSA4,SlogP_VSA5,SlogP_VSA6,SlogP_VSA7,SlogP_VSA8,SlogP_VSA9,TPSA,EState_VSA1,EState_VSA10,EState_VSA11,EState_VSA2,EState_VSA3,EState_VSA4,EState_VSA5,EState_VSA6,EState_VSA7,EState_VSA8,EState_VSA9,VSA_EState1,VSA_EState10,VSA_EState2,VSA_EState3,VSA_EState4,VSA_EState5,VSA_EState6,VSA_EState7,VSA_EState8,VSA_EState9,FractionCSP3,HeavyAtomCount,NHOHCount,NOCount,NumAliphaticCarbocycles,NumAliphaticHeterocycles,NumAliphaticRings,NumAmideBonds,NumAromaticCarbocycles,NumAromaticHeterocycles,NumAromaticRings,NumAtomStereoCenters,NumBridgeheadAtoms,NumHAcceptors,NumHDonors,NumHeteroatoms,NumHeterocycles,NumRotatableBonds,NumSaturatedCarbocycles,NumSaturatedHeterocycles,NumSaturatedRings,NumSpiroAtoms,NumUnspecifiedAtomStereoCenters,Phi,RingCount,MolLogP,MolMR,fr_Al_COO,fr_Al_OH,fr_Al_OH_noTert,fr_ArN,fr_Ar_COO,fr_Ar_N,fr_Ar_NH,fr_Ar_OH,fr_COO,fr_COO2,fr_C_O,fr_C_O_noCOO,fr_C_S,fr_HOCCN,fr_Imine,fr_NH0,fr_NH1,fr_NH2,fr_N_O,fr_Ndealkylation1,fr_Ndealkylation2,fr_Nhpyrrole,fr_SH,fr_aldehyde,fr_alkyl_carbamate,fr_alkyl_halide,fr_allylic_oxid,fr_amide,fr_amidine,fr_aniline,fr_aryl_methyl,fr_azide,fr_azo,fr_barbitur,fr_benzene,fr_benzodiazepine,fr_bicyclic,fr_diazo,fr_dihydropyridine,fr_epoxide,fr_ester,fr_ether,fr_furan,fr_guanido,fr_halogen,fr_hdrzine,fr_hdrzone,fr_imidazole,fr_imide,fr_isocyan,fr_isothiocyan,fr_ketone,fr_ketone_Topliss,fr_lactam,fr_lactone,fr_methoxy,fr_morpholine,fr_nitrile,fr_nitro,fr_nitro_arom,fr_nitro_arom_nonortho,fr_nitroso,fr_oxazole,fr_oxime,fr_para_hydroxylation,fr_phenol,fr_phenol_noOrthoHbond,fr_phos_acid,fr_phos_ester,fr_piperdine,fr_piperzine,fr_priamide,fr_prisulfonamd,fr_pyridine,fr_quatN,fr_sulfide,fr_sulfonamd,fr_sulfone,fr_term_acetylene,fr_tetrazole,fr_thiazole,fr_thiocyan,fr_thiophene,fr_unbrch_alkane,fr_urea,water_RadiusOfGyration,water_Asphericity,water_SpherocityIndex,water_NPR1,water_NPR2,water_PMI1,water_PMI2,water_ChargeMean,water_ChargeMax,water_ChargeMin,chloroform_RadiusOfGyration,chloroform_Asphericity,chloroform_SpherocityIndex,chloroform_NPR1,chloroform_NPR2,chloroform_PMI1,chloroform_PMI2,chloroform_ChargeMean,chloroform_ChargeMax,chloroform_ChargeMin,octanol_RadiusOfGyration,octanol_Asphericity,octanol_SpherocityIndex,octanol_NPR1,octanol_NPR2,octanol_PMI1,octanol_PMI2,octanol_ChargeMean,octanol_ChargeMax,octanol_ChargeMin
CC1=C(C=CC2=C1OC(=O)C(=C2O)NC(=O)C3=CC(=C(C=C3)O)CC=C(C)C)O[C@H]4[C@@H]([C@@H]([C@H](C(O4)(C)C)OC)OC(=O)N)O,119.0,Low,21.0,novobiocin,Table1,small_data_set/smiles_review/table1_fixed_review.csv,13.014746278547964,13.014746278547964,0.0182902925813086,-1.5175884286813448,0.1837462897471011,20.977272727272727,612.6320000000002,576.3440000000004,612.2319099719999,236,0,0.4044634137547128,-0.5076631803449968,0.5076631803449968,0.4044634137547128,1.1590909090909092,1.8636363636363635,2.5,16.719079212437936,9.89156098963115,2.5281070451069274,-2.4693058253866864,2.3830247919867067,-2.6478925017400647,6.063419385456098,-0.3042932032699535,2.939599416761917,1.6287444552904171,1673.310532488681,32.507342731648755,25.16558685248321,25.16558685248321,20.637973893287096,13.716007538225623,13.716007538225623,11.217664128049757,11.217664128049757,7.325660893907068,7.325660893907068,5.062779157953828,5.062779157953828,-4.59,2331624222.2142544,32.326486476403616,12.564101184019576,6.490928505265244,252.3298196813052,49.73464101794418,23.186010195958357,23.644830883464078,6.290026729335213,5.907179729351506,11.718826390016403,4.794537184071822,9.589074368143644,0.0,0.0,11.64912463690315,76.93479445538416,18.236700524671527,10.987275025448485,48.2732593049193,28.65705043108052,0.0,0.0,5.733667477162185,71.24248432494292,12.426586145283864,69.09143795745199,0.0,17.248535499851716,21.412905354046558,10.481923458755384,17.248535499851716,0.0,64.63277622965337,20.63141048432616,6.923737199690624,49.179840457925295,51.19264810033636,0.0,10.969244356107035,0.0,200.01,59.26588093089918,29.703193736737585,0.0,33.59517100606884,11.984273114623004,5.573104530069267,37.441632883585584,20.771211599071872,19.92349450621513,5.316788604006331,29.09827022941573,27.86837695290111,0.0,37.485497807588814,34.58308517279489,4.5378921792482325,-1.0888174577475265,7.116365673609997,-3.80781623343763,8.686779259174543,1.3686366458675685,0.3870967741935484,44,6,13,0,1,1,2,2,1,3,0,0,11,5,13,2,8,0,1,1,0,0,9.230755613940351,4,3.627120000000002,158.92099999999974,0,1,1,0,0,0,0,2,0,0,2,2,0,0,0,0,1,1,0,0,0,0,0,0,0,0,2,2,0,1,1,0,0,0,2,0,1,0,0,0,0,4,0,0,0,0,0,0,0,0,0,0,0,0,0,1,0,0,0,0,0,0,0,0,0,1,1,0,0,0,0,1,0,0,0,0,0,0,0,0,0,0,0,0,0,6.68331580366165,0.7280293783943589,0.1038436868800446,0.10147492889766746,0.9576817613671922,2685.5269042912564,25475.22430657167,4.163336342344338e-18,0.4044634137547127,-0.5076631803449968,6.666314473800939,0.7237385747252401,0.10849410423376916,0.10347101427248709,0.9594480205616104,2713.7530248043186,25350.588534625185,4.163336342344338e-18,0.4044634137547127,-0.5076631803449968,6.641333515530008,0.7225290790326293,0.11063178493701122,0.1040119813915187,0.9604345429060965,2706.1393128015216,25170.126141227953,4.163336342344338e-18,0.4044634137547127,-0.5076631803449968
C[C@H]1[C@H](O)[C@@](OC)(C)C[C@@](O[C@H]([C@@H](C)C(O[C@H](CC)[C@]([C@H](O)[C@H]2C)(O)C)=O)[C@H](C)[C@@H](O[C@@]3([H])[C@H](O)[C@@H](N(C)C)C[C@@H](C)O3)[C@](C)(O)C[C@@H](C)C2=O)([H])O1,235.0,Low,73.0,erythromycin,Table1,small_data_set/smiles_review/table1_fixed_review.csv,14.07322487429698,14.07322487429698,0.0935549492728422,-1.9944057547695064,0.2378725059837361,49.74509803921568,733.9369999999999,666.4010000000003,733.4612412040001,298,0,0.3111884202841215,-0.4589365811706855,0.4589365811706855,0.3111884202841215,0.8823529411764706,1.4901960784313726,2.0392156862745097,16.71366524915591,9.7367164742323,2.5316490824793862,-2.487194460846705,2.4041435971386806,-2.608783388805357,5.832879433381548,-0.3175930575914985,3.051689271018922,2.183066335168143,1167.2981664566057,38.96337265727873,32.93794905930122,32.93794905930122,23.42551879562192,18.49411746576694,18.49411746576694,16.471853990396728,16.471853990396728,11.821553039137608,11.821553039137608,8.410333558667125,8.410333558667125,-1.3,26903252120.26668,44.099455271260695,17.014478793825404,9.506326969189503,303.594991693832,58.853724427854296,29.69619492059353,12.580053458670426,0.0,0.0,5.969305287951849,9.589074368143644,0.0,0.0,0.0,27.694948798762496,74.90023203227615,37.32617813183568,47.63983960687028,63.542889065147456,11.75255023431679,0.0,4.899909730850478,23.671624184645573,179.17743631136617,21.205141506631914,0.0,0.0,0.0,0.0,0.0,0.0,0.0,147.64701626875856,38.010252090943936,23.671624184645573,94.92065848861026,0.0,0.0,0.0,0.0,193.91,107.53514502482196,35.12171134234717,0.0,31.40827208567429,6.4208216229260096,0.0,27.88100914034941,41.54242319814374,25.918990895895483,0.0,28.42117772280029,37.05362066749547,0.0,29.75921155686774,57.61018969550547,-4.839054123328079,-4.976776577237162,-0.3237547973026045,-9.707663812251557,16.331179639911554,5.176381083672508,0.945945945945946,51,5,14,0,3,3,0,0,0,0,0,0,14,5,14,3,7,0,3,3,0,0,14.712338167296412,3,1.7856000000000058,186.25799999999944,0,5,3,0,0,0,0,0,0,0,2,2,0,0,0,1,0,0,0,1,0,0,0,0,0,0,0,0,0,0,0,0,0,0,0,0,0,0,0,0,1,6,0,0,0,0,0,0,0,0,0,1,1,0,1,1,0,0,0,0,0,0,0,0,0,0,0,0,0,0,0,0,0,0,0,0,0,0,0,0,0,0,0,0,0,4.94117234908507,0.19721850682115832,0.346048884770023,0.4464855351721645,0.7684799653495987,7217.187112487387,12418.261396235022,2.4109716106796296e-18,0.3111884202841216,-0.45893658117068564,4.933873096430645,0.2013040278482997,0.3525394605249179,0.44126625936239805,0.7808193024476455,7092.735297136241,12535.386263853405,2.4109716106796296e-18,0.3111884202841216,-0.45893658117068564,4.904275002732392,0.19688452068777065,0.3771555085390009,0.4426296207444258,0.7960654436766601,6966.452735610017,12549.268488319334,2.4109716106796296e-18,0.3111884202841216,-0.45893658117068564
C[C@H]1/C=C/C=C(\C(=O)NC2=C(C(=C3C(=C2O)C(=C(C4=C3C(=O)[C@](O4)(O/C=C/[C@@H]([C@H]([C@H]([C@@H]([C@@H]([C@@H]([C@H]1O)C)O)C)OC(=O)C)C)OC)C)C)O)O)/C=N/N5CCN(CC5)C)/C,213.0,Low,9.0,rifampicin,Table1,small_data_set/smiles_review/table1_fixed_review.csv,14.425629624280766,14.425629624280766,0.0559395816717662,-2.042566017680001,0.1094848447314065,32.067796610169495,822.9529999999996,764.4889999999999,822.4051232959999,322,0,0.3121091952257162,-0.5067356780024597,0.5067356780024597,0.3121091952257162,0.9491525423728814,1.6101694915254237,2.23728813559322,16.70616735456791,9.78126181986189,2.4964556995557383,-2.375655076796832,2.547004844477095,-2.461723060730101,6.23464789518405,-0.1602243035768758,3.4615674983505844,1.7035908752452271,2072.628069839793,43.670114959535766,35.34677769064765,35.34677769064765,27.730884027626534,19.788517156280783,19.788517156280783,16.119126113187438,16.119126113187438,11.863078208578584,11.863078208578584,7.923298320291876,7.923298320291876,-5.16,3443399886748.2905,44.93389855929172,17.991844748290085,8.905370775160415,343.9147588784284,54.69678712426053,23.35250188760002,5.749511833283905,0.0,11.690424675716445,11.756416440522448,19.39252407617,0.0,5.101407525739723,0.0,45.92300911926414,26.97116648889232,87.33070198518573,52.98909366374336,58.86370034161919,40.33416524681676,0.0,9.90882225480501,28.773031710385297,85.59287430108877,45.65328375161135,52.82961988091657,0.0,22.99804733313562,10.05365155780638,5.687386274683562,22.99804733313562,0.0,129.855261623381,23.79966322954379,30.5953613843362,69.95105205699716,41.24067293156531,0.0,10.772448428929591,0.0,220.15,88.78286635172938,39.91624852641899,0.0,44.47280554205732,13.08951281182515,13.08951281182515,59.43346758166389,44.85590153638479,7.04767198267719,15.318105860596532,18.9474518152002,23.59642051750562,0.0,42.62670316058528,66.84818411685347,-0.3500553082254873,-8.342717254488935,0.0,4.86038479538006,15.09043562091344,3.4206443514765565,0.5348837209302325,59,6,16,0,4,4,1,2,0,2,0,5,15,6,16,4,4,0,1,1,0,0,13.702436047698171,6,4.3354200000000045,220.47919999999937,0,2,2,0,0,0,0,3,0,0,3,3,0,0,0,3,1,0,0,1,0,0,0,0,0,0,2,1,0,1,0,0,0,0,2,0,14,0,0,0,1,4,0,0,0,0,1,0,0,0,0,1,1,0,0,1,0,0,0,0,0,0,0,0,0,3,3,0,0,0,1,0,0,0,0,0,0,0,0,0,0,0,0,0,0,5.159477752578105,0.12987587872435036,0.462742359371285,0.54446403707111,0.8081864785249968,10016.641226091953,15078.192980282594,-3.1432596316844714e-18,0.3121091952257161,-0.5067356780024598,5.140392213242077,0.11901057158504456,0.47848989342616605,0.5604040616621165,0.7939361576615376,10259.339244397714,14700.021394120726,-3.1432596316844714e-18,0.3121091952257161,-0.5067356780024598,5.242957110557154,0.15856635116087917,0.46187477588525,0.5168877849981457,0.8447723903656371,9652.807770330443,16317.843649880722,-3.1432596316844714e-18,0.3121091952257161,-0.5067356780024598
C[C@H]1[C@H]([C@@](C[C@@H](O1)O[C@@H]2[C@H]([C@@H]([C@H](O[C@H]2OC3=C4C=C5C=C3OC6=C(C=C(C=C6)[C@H]([C@H](C(=O)N[C@H](C(=O)N[C@H]5C(=O)N[C@@H]7C8=CC(=C(C=C8)O)C9=C(C=C(C=C9O)O)[C@H](NC(=O)[C@H]([C@@H](C1=CC(=C(O4)C=C1)Cl)O)NC7=O)C(=O)O)CC(=O)N)NC(=O)[C@@H](CC(C)C)NC)O)Cl)CO)O)O)(C)N)O,177.0,Low,26.0,vancomycin,Table1,small_data_set/smiles_review/table1_fixed_review.csv,16.01721413883496,16.01721413883496,0.0975310804436262,-2.345197558764132,0.0743480035553138,29.43564356435644,1449.2710000000004,1373.6709999999996,1447.4301996399995,542,0,0.3304406966705159,-0.5078102858634143,0.5078102858634143,0.3304406966705159,0.7128712871287128,1.316831683168317,1.900990099009901,35.496793075940296,9.860541944034832,2.5146787141547198,-2.465307714406073,2.4973193234090445,-2.6422881744034075,6.321583236316177,-0.3331638696227531,0.7690386542987827,1.239428306478138,4074.499151859221,73.53926501075027,54.32452697551593,55.83638486755283,47.65616109257952,31.62123161693568,32.37716056295413,25.71428135238943,26.52868160587064,17.77235433703853,18.36309346747261,12.493370224389476,12.948486372379747,-9.199999999999994,6.708219005479359e+25,74.48920068027212,30.16501983221306,15.81133472779694,583.8196751267814,128.17130685357608,89.47659525090083,29.934857612799284,53.38979666807965,0.0,5.969305287951849,33.561760288502754,4.794537184071822,0.0,0.0,55.248455385231104,110.08498363408832,34.71646841886195,41.32274381956614,117.84274914378196,70.52144317387742,0.0,37.21752022804432,17.385241000485763,156.20100928461645,13.654553947190108,116.7252959759686,0.0,57.12299764966523,62.89544404376884,0.0,45.99609466627124,23.20187978046503,190.94953164314492,52.56688633397472,5.917906046161393,105.10812638896596,78.86277189000094,10.045266627482652,11.126902983393991,0.0,530.4899999999999,237.11388471144392,75.03795986876617,14.383611552215466,46.22204891412963,0.0,66.73003775307771,33.02788051898166,0.0,13.847474399381248,37.21752022804432,63.0903924575897,38.2977198170486,14.10406061895364,116.81039621680978,130.50687133113215,8.003711425926712,-15.986784846104408,-0.6786651744934225,-18.550147892071845,5.659418699136037,1.472308692551599,0.4242424242424242,101,21,33,0,7,7,7,5,0,5,0,11,25,19,35,7,13,0,2,2,0,0,22.247210057486207,12,0.106200000000006,349.29170000000045,1,6,6,0,0,0,0,3,1,1,8,7,0,0,0,0,7,2,0,1,0,0,0,0,0,0,0,7,0,0,0,0,0,0,5,0,15,0,0,0,0,6,0,0,2,0,0,0,0,0,0,0,0,0,0,0,0,0,0,0,0,0,0,0,0,3,3,0,0,0,0,1,0,0,0,0,0,0,0,0,0,0,0,0,0,7.1913283246765625,0.17097599798146104,0.2524056364752748,0.4912703738008953,0.6903415709570163,33754.39526676104,47408.42526101759,0.0,0.330440696670516,-0.5078102858634141,7.234121971163264,0.17525274416748998,0.242161478868807,0.4886971901161549,0.6834825369835613,34129.78844462687,47706.601549420375,0.0,0.330440696670516,-0.5078102858634141,7.1843542641479265,0.17071584772927387,0.24015735603260158,0.49945589229022763,0.6740806341093666,34373.80187886158,46351.60012317869,0.0,0.330440696670516,-0.5078102858634141
CCCCCCCCCC(=O)N[C@@H](CC1=CNC2=CC=CC=C21)C(=O)N[C@H](CC(=O)N)C(=O)N[C@@H](CC(=O)O)C(=O)N[C@H]3[C@H](OC(=O)[C@@H](NC(=O)[C@@H](NC(=O)[C@H](NC(=O)CNC(=O)[C@@H](NC(=O)[C@H](NC(=O)[C@@H](NC(=O)[C@@H](NC(=O)CNC3=O)CCCN)CC(=O)O)C)CC(=O)O)CO)[C@H](C)CC(=O)O)CC(=O)C4=CC=CC=C4N)C,206.0,Low,85.0,daptomycin,Table1,small_data_set/smiles_review/table1_fixed_review.csv,14.837316182806164,14.837316182806164,0.0185988188706569,-2.4484380209522856,0.0112969223205895,21.18260869565217,1620.693000000001,1518.884999999999,1619.7103663519993,630,0,0.3289699637127585,-0.4812218027908548,0.4812218027908548,0.3289699637127585,0.5478260869565217,1.0869565217391304,1.6869565217391305,16.54704433175536,9.95511945149643,2.4107997097796345,-2.2967962626750005,2.2152427833133777,-2.615376843166112,6.050829049509542,-0.1560473071859897,1.6707520120120685,1.873572629797627,4040.349175350778,85.75911538260037,63.592281211898985,63.592281211898985,54.35180763038238,36.82416615230718,36.82416615230718,27.248720523058594,27.248720523058594,17.862111490159563,17.862111490159563,11.735508462138895,11.735508462138895,-12.7,1.626895279681309e+30,94.67553807734244,47.61268346719654,32.50454642339153,657.0231702290899,121.5727327325197,72.56421550837585,5.783244946364939,82.7005162109211,0.0,29.846526439759245,91.09620649736463,4.794537184071822,0.0,0.0,82.70423947924537,69.33515441731507,47.61307113885272,51.80050289096812,126.16024360944007,134.92059880380995,0.0,74.10223037302953,17.385241000485763,209.41313189688057,31.97481865941283,65.85468310269995,0.0,0.0,86.31925428356888,5.687386274683562,0.0,0.0,247.65226978282243,102.25389107409072,5.917906046161393,146.3495349330445,54.72778011930596,0.0,10.902924932081056,0.0,702.02,261.4545552884026,121.42338065564005,0.0,37.05805904107116,29.30801966963007,52.87531971370191,24.26546827384644,30.462311845459517,15.950365812018994,65.07560176070115,21.937865385286607,5.6809043968935615,0.0,276.08194645695204,78.6506564183417,18.078748646861463,-29.734865909292157,-10.539571705875815,-2.3322645975077863,1.114446293627012,0.0,0.5277777777777778,115,25,43,0,1,1,14,2,1,3,0,0,24,22,43,2,35,0,1,1,0,0,39.19788197011321,4,-5.621799999999963,400.26050000000095,4,1,1,1,0,1,1,0,4,4,20,16,0,0,0,0,14,3,0,0,0,1,0,0,0,0,0,14,0,1,0,0,0,0,2,0,1,0,0,0,1,1,0,0,0,0,0,0,0,0,0,1,1,0,1,0,0,0,0,0,0,0,0,0,2,0,0,0,0,0,0,1,0,0,0,0,0,0,0,0,0,0,0,6,0,8.21692228480016,0.4391323064409216,0.2070613117642632,0.2445098819351653,0.8958945780236234,25000.556711520498,91603.10016166292,4.11193712824132e-18,0.32896996371275855,-0.48122180279085486,,,,,,,,,,,,,,,,,,,,
CCC[C@@H]1C[C@H](N(C1)C)C(=O)N[C@@H]([C@@H]2[C@@H]([C@@H]([C@H]([C@H](O2)SC)O)O)O)[C@H](C)Cl,221.0,Low,19.0,clindamycin,Table1,small_data_set/smiles_review/table1_fixed_review.csv,12.900963325144875,12.900963325144875,0.1474848828420254,-1.3619375064202812,0.4382730169795819,39.92592592592592,424.9910000000001,391.7270000000001,424.179870836,158,0,0.2372173651571932,-0.3875084408731224,0.3875084408731224,0.2372173651571932,1.3333333333333333,2.0,2.555555555555556,35.49574543187553,9.92432400466202,2.480349009435058,-2.4367224343813643,2.3079692550603714,-2.6468306022085444,7.986428886294425,-0.204725324019968,2.9865070936692497,2.094099659349725,498.3724409623958,20.30060042939172,16.41614327385348,17.98856880079966,12.704815018005776,9.578734509045027,11.303071391235772,7.734255416479905,9.358687649788193,5.630970274445806,6.75701471757682,4.113387234869752,4.999021620212109,-0.09,784871.9832588409,23.191500616007254,10.093723701555763,5.291161799986219,170.32544535771044,25.37323374232849,29.85186392256229,0.0,5.907179729351506,0.0,0.0,9.6944469149223,0.0,0.0,23.36282483962363,13.344558822616634,38.98672765789263,6.544756405912575,17.460769526501647,24.85098232239399,29.27000456897514,0.0,10.216698334856808,5.917906046161393,80.42257271722319,19.84819757210117,0.0,0.0,0.0,5.316788604006331,0.0,0.0,23.36282483962363,93.2875026658892,9.53140013787187,5.917906046161393,33.10993926815928,0.0,0.0,0.0,0.0,102.26000000000002,41.27079261991598,20.11411936859394,0.0,11.949020558499466,5.917906046161393,25.807221274690605,11.761884949391115,13.179506383202028,11.947581713527669,12.240525803696954,16.337802844032566,5.794234216260731,7.548110585943435,14.949648342361638,33.024404647343616,-0.7024930619758367,0.3497252764104317,-0.9336548878810788,-0.0979641560509905,4.739755500358752,1.939344648340409,0.9444444444444444,27,4,7,0,2,2,1,0,0,0,0,0,7,4,9,2,7,0,2,2,0,0,8.669948127497685,2,0.3895000000000021,106.87510000000006,0,3,3,0,0,0,0,0,0,0,1,1,0,0,0,1,1,0,0,1,1,0,0,0,0,1,0,1,0,0,0,0,0,0,0,0,0,0,0,0,0,1,0,0,1,0,0,0,0,0,0,0,0,0,0,0,0,0,0,0,0,0,0,0,0,0,0,0,0,0,0,0,0,0,0,1,0,0,0,0,0,0,0,0,0,4.158116325884034,0.36905576281717195,0.2395144220045587,0.30252316321850065,0.8650956198961417,1998.0146719597094,5914.386765224671,6.938893903907231e-19,0.2372173651571933,-0.3875084408731226,4.04267350860893,0.29877067646411554,0.27527989590051455,0.362528347454618,0.8306107798056327,2226.2165157147374,5330.050114565687,6.938893903907231e-19,0.2372173651571933,-0.3875084408731226,4.127741558829938,0.35129622785264164,0.2351263776871069,0.31440877751702245,0.847768459233041,2054.883877353085,5736.7306634085135,6.938893903907231e-19,0.2372173651571933,-0.3875084408731226
C[C@H]([C@H]1[C@@H](O1)C[C@H]2CO[C@H]([C@@H]([C@@H]2O)O)C/C(=C/C(=O)OCCCCCCCCC(=O)O)/C)[C@H](C)O,89.0,Low,1.0,mupirocin,Table1,small_data_set/smiles_review/table1_fixed_review.csv,12.05413056512242,12.05413056512242,0.0160265383045741,-1.060177889743483,0.1086556858010655,30.51428571428572,500.6290000000005,456.2770000000003,500.2985329879999,202,0,0.3301846791560177,-0.481230389785217,0.481230389785217,0.3301846791560177,1.0285714285714285,1.6857142857142855,2.342857142857143,16.59843318571603,9.852450919134702,2.480142989888032,-2.3750878329772056,2.380338532289243,-2.5008758229869463,5.822051504664329,-0.1647964797488269,3.554535638786709,1.6150722202375696,692.3099433432227,25.95745467888409,21.304422850077803,21.304422850077803,16.59513190827299,12.96718370367431,12.96718370367431,10.21499273783596,10.21499273783596,7.090840516778862,7.090840516778862,4.589106345050171,4.589106345050171,-1.52,46042084.965057455,29.70865402318032,14.89886651597785,10.550259665501022,208.0021534458943,34.63669844076297,6.103966387748303,0.0,0.0,0.0,11.9386105759037,4.794537184071822,4.794537184071822,0.0,0.0,38.18012822146393,39.53076089108528,24.33265382208268,43.73359586776734,44.22577280890661,11.9386105759037,0.0,0.0,11.835812092322788,115.18240453189578,13.213763929025836,11.64912463690315,0.0,0.0,0.0,0.0,0.0,0.0,82.20228241078217,23.79966322954379,11.835812092322788,78.55860620540597,11.64912463690315,0.0,0.0,0.0,146.05,36.354476126896905,24.90865655266576,0.0,30.4645664907454,38.049333327873136,32.10410811463005,6.076020106833881,13.847474399381248,6.923737199690624,0.0,19.31711625624085,16.719009641896037,0.0,22.51096571717436,39.4698355031417,0.7078508872046936,-1.4219554285331526,0.0,4.614026472523698,6.066933873259326,0.0,0.8461538461538461,35,4,9,0,2,2,0,0,0,0,0,0,8,4,9,2,16,0,2,2,0,0,12.64643630459234,2,2.5925000000000007,128.6542000000001,1,3,3,0,0,0,0,0,1,1,2,1,0,0,0,0,0,0,0,0,0,0,0,0,0,0,0,0,0,0,0,0,0,0,0,0,0,0,0,1,1,3,0,0,0,0,0,0,0,0,0,0,0,0,0,0,0,0,0,0,0,0,0,0,0,0,0,0,0,0,0,0,0,0,0,0,0,0,0,0,0,0,0,5,0,6.758436683560516,0.7191007656359525,0.10426054012610945,0.10911252193393767,0.9472250328483565,2293.453939793271,21284.937242923257,2.1080184011870058e-18,0.33018467915601774,-0.4812303897852171,6.525331793475061,0.6597326160693895,0.12179122163026972,0.1378735646218069,0.9326260746590289,2679.651468687133,19419.638120134252,2.1080184011870058e-18,0.33018467915601774,-0.4812303897852171,6.654457734170082,0.6520052323662228,0.11000016706497905,0.14097419014051457,0.9184384710007821,2868.5205268540544,20024.747272209926,2.1080184011870058e-18,0.33018467915601774,-0.4812303897852171
C[C@H]1[C@@H]2CC[C@]3([C@H]([C@]2(CC[C@H]1O)C)[C@@H](C[C@@H]\4[C@@]3(C[C@@H](/C4=C(/CCC=C(C)C)\C(=O)O)OC(=O)C)C)O)C,52.0,Low,5.0,fusidic acid,Table1,small_data_set/smiles_review/table1_fixed_review.csv,12.617001138464987,12.617001138464987,0.0474355904870871,-0.9526968511169892,0.2472216940131739,46.24324324324324,516.7190000000004,468.3350000000003,516.3450892559999,208,0,0.3311714085847432,-0.4778730092669515,0.4778730092669515,0.3311714085847432,1.027027027027027,1.7027027027027026,2.2972972972972974,16.543093490641727,9.36219828276121,2.703959602710713,-2.685230059007926,2.7404448915106467,-2.652195773303504,5.879495477724018,-0.2337059128337769,3.050269441322801,1.8204996345856932,993.6572721139336,27.49927104214099,23.84204206090085,23.84204206090085,17.169081080373807,14.299858789845205,14.299858789845205,13.64576303567332,13.64576303567332,11.568248813139412,11.568248813139412,9.789008064506518,9.789008064506518,-1.66,81703040.92486295,28.350642770434703,9.82195377600086,4.400683647621715,222.10427446742483,20.056445138322168,6.103966387748303,0.0,0.0,0.0,11.9386105759037,4.794537184071822,4.794537184071822,0.0,0.0,39.34407343566564,110.70374750569452,12.496841729759891,12.207932775496603,29.64551950646581,11.9386105759037,0.0,0.0,39.91659559283591,118.14463254448734,0.0,22.795333697041684,0.0,0.0,0.0,0.0,0.0,0.0,45.57009192367072,14.325937321943693,39.91659559283591,99.83273338124243,22.795333697041684,0.0,0.0,0.0,104.06000000000002,24.146543351400304,24.90865655266576,0.0,40.10265593442282,37.174297067934695,36.82949555184257,6.923737199690624,0.0,19.92349450621513,27.694948798762496,4.736862953800049,5.872140425027781,0.0,24.825871442066184,32.87737237679315,1.5690634809980577,-0.9094616390722025,0.0,6.224408962369231,14.457271618484466,0.0,0.8064516129032258,37,3,6,4,0,4,0,0,0,0,0,0,5,3,6,0,5,4,0,4,0,0,7.525910886787098,4,5.666100000000006,142.55139999999997,1,2,2,0,0,0,0,0,1,1,2,1,0,0,0,0,0,0,0,0,0,0,0,0,0,0,2,0,0,0,0,0,0,0,0,0,5,0,0,0,1,1,0,0,0,0,0,0,0,0,0,0,0,0,0,0,0,0,0,0,0,0,0,0,0,0,0,0,0,0,0,0,0,0,0,0,0,0,0,0,0,0,0,0,0,4.679781600583245,0.3576058474657941,0.20863184096391482,0.30010059058365357,0.8013003145865327,3229.808765398364,8631.544974094313,-2.040851148208008e-18,0.3311714085847431,-0.47787300926695164,4.698559511314887,0.36637226693134195,0.20043985129282668,0.29395000114447295,0.803287998987611,3194.216654907939,8742.774565190008,-2.040851148208008e-18,0.3311714085847431,-0.47787300926695164,4.67066356464441,0.3669705776156048,0.2139811541504182,0.2941996451963832,0.8113067403964963,3140.031165238496,8696.403334977997,-2.040851148208008e-18,0.3311714085847431,-0.4778730092669517
CC1([C@@H](N2[C@H](S1)[C@@H](C2=O)NC(=O)[C@@H](C3=CC=CC=C3)N)C(=O)O)C,45.0,Low,11.0,ampcillin,Table1,small_data_set/smiles_review/table1_fixed_review.csv,12.334172965482493,12.334172965482493,0.3745154111027131,-1.033228263272455,0.674878289478739,28.70833333333333,349.4120000000001,330.26000000000005,349.109627088,128,0,0.3273993847027758,-0.4796728023655437,0.4796728023655437,0.3273993847027758,1.3333333333333333,1.9583333333333333,2.5416666666666665,32.16690622522437,9.954473240678944,2.637630873526472,-2.4338409232394884,2.50295287111765,-2.706287100924418,8.01314783689116,-0.1607100595704762,2.8039531202147363,1.7112933155712988,693.8227554205864,17.64589989101247,13.30092304475163,14.117419625679355,11.2368879901222,7.575211293076026,8.45486410433092,6.472759659838315,8.243644799210877,4.413850051011858,5.985380645859341,3.200201818159807,4.825598407769133,-2.06,206112.98596074485,16.785786144559395,5.784053910830547,2.552214838875696,143.1206585849213,21.056893206859694,23.499395300412623,0.0,11.814359458703011,0.0,5.969305287951849,9.589074368143644,4.794537184071822,0.0,11.761884949391115,30.33183534230805,19.410925891078243,4.747022453217559,0.0,19.49013894705617,29.54554969604597,0.0,10.216698334856808,5.733667477162185,42.093892153011424,0.0,35.89528683400505,0.0,0.0,11.050456081168516,0.0,0.0,11.761884949391115,49.99467879682826,14.383611552215466,0.0,25.452766720226204,30.33183534230805,0.0,0.0,0.0,112.73,34.749029957964794,19.49013894705617,0.0,11.281052542320246,5.563451491696996,0.0,16.66179468024159,38.112942673227685,6.06636706846161,5.316788604006331,5.733667477162185,-0.6178732809698717,1.384119373057865,37.458717839782125,11.668857470784292,6.59329714138742,-1.8568691887784596,6.376417836304615,0.0,3.5766661417653483,0.0,0.4375,24,4,7,0,2,2,2,1,0,1,0,0,5,3,8,2,4,0,2,2,0,0,4.0454121664918326,3,0.3180999999999994,89.02890000000005,1,0,0,0,0,0,0,0,1,1,3,2,0,0,0,1,1,1,0,0,0,0,0,0,0,0,0,2,0,0,0,0,0,0,1,0,1,0,0,0,0,0,0,0,0,0,0,0,0,0,0,0,0,1,0,0,0,0,0,0,0,0,0,0,0,0,0,0,0,0,0,0,0,0,0,1,0,0,0,0,0,0,0,0,0,3.8305759960041788,0.47519803761400475,0.25646123823565153,0.23122376876087683,0.9140542650745661,1070.3314761352224,4408.570634382091,8.068481283613057e-19,0.32739938470277585,-0.4796728023655437,3.7492622131497133,0.4386238806940497,0.2772072124815241,0.25384886697699993,0.9143500166869193,1113.050837629925,4185.19274070307,8.068481283613058e-19,0.32739938470277585,-0.4796728023655437,3.7657708311597955,0.4445494515927716,0.2763279531908325,0.2501787415741999,0.9170319735768477,1106.282335470885,4236.772021969704,8.068481283613057e-19,0.32739938470277585,-0.4796728023655437
C[C@@]1([C@H]2C[C@H]3[C@@H](C(=O)C(=C([C@]3(C(=O)C2=C(C4=C1C=CC=C4O)O)O)O)C(=O)N)N(C)C)O,1759.0,High,160.0,tetracycline,Table1,small_data_set/smiles_review/table1_fixed_review.csv,13.65171721466364,13.65171721466364,0.1695535714285718,-2.745033659297052,0.3315189639302198,34.375,444.4400000000001,420.24800000000016,444.1532657279999,170,0,0.2554498889674388,-0.5077369129004043,0.5077369129004043,0.2554498889674388,1.15625,1.78125,2.34375,16.349228954180713,9.54313443611199,2.6604044689716653,-2.5260958312511046,2.566340344739268,-2.66536475127878,6.241797599179934,-0.1587133548928129,2.679151582051959,2.051462576264064,1148.584974808633,23.91133089340096,17.65658510990527,17.65658510990527,14.772521257536154,9.970255028284184,9.970255028284184,8.960346980347513,8.960346980347513,7.020439957546727,7.020439957546727,5.501461462447081,5.501461462447081,-3.2100000000000004,7541988.52748068,22.00076096960224,6.644026762190543,2.4784840440451297,182.42923685321395,31.266304451365716,22.840946106665523,11.384295757348628,5.783244946364939,5.907179729351506,0.0,19.283521283065944,0.0,0.0,0.0,12.13273413692322,39.06972134812961,17.408916622392056,17.206343131828643,39.91624852641899,23.23283449373756,0.0,4.899909730850478,17.569479569484972,30.58850127373197,14.09534396535438,46.23137812057353,0.0,5.749511833283905,5.733667477162185,0.0,5.749511833283905,0.0,73.64445193262141,19.984662363199156,11.835812092322788,24.471461806010623,35.10447513717954,0.0,5.759164871656176,0.0,181.62000000000003,74.9674748022543,39.91624852641899,0.0,17.54772460632,0.0,0.0,44.118092101280304,0.0,0.0,0.0,5.733667477162185,0.0,0.0,39.99206647749397,54.89516337401709,-0.5479175396946854,-7.89778866394915,3.0152720117801737,-0.1999820483749055,1.4026620895271689,3.007190965867012,0.4090909090909091,32,7,10,3,0,3,1,1,0,1,0,0,9,6,10,0,2,1,0,1,0,0,4.567926395956076,4,-0.370999999999999,110.11140000000006,0,4,2,0,0,0,0,1,0,0,3,3,0,0,0,1,0,1,0,1,0,0,0,0,0,0,0,1,0,0,0,0,0,0,1,0,3,0,0,0,0,0,0,0,0,0,0,0,0,0,0,2,2,0,0,0,0,0,0,0,0,0,0,0,0,1,1,0,0,0,0,1,0,0,0,0,0,0,0,0,0,0,0,0,0,3.955631221401828,0.3335926821085775,0.32218562034022913,0.32137271700829406,0.9139998853967309,1985.0098987482147,5688.195869481894,3.9650822308041295e-18,0.2931486233910349,-0.5077369129004041,3.969135336769243,0.3413759650528347,0.3077205876019241,0.31485312786391223,0.9050306129094338,1970.5459579601572,5711.732954312104,3.96508223080413e-18,0.29314862339103487,-0.5077369129004043,3.9634290123037434,0.33902563714684525,0.3162011703275403,0.3168212663030352,0.9076555483794005,1974.145024620678,5698.508519490164,3.96508223080413e-18,0.2931486233910349,-0.5077369129004042
C1CC1N2C=C(C(=O)C3=CC(=C(C=C32)N4CCNCC4)F)C(=O)O,2263.0,High,286.0,ciprofloxacin,Table1,small_data_set/smiles_review/table1_fixed_review.csv,14.607685185185185,14.607685185185185,0.1372078136810282,-1.2751022303881248,0.8932298763507216,18.125,331.34700000000004,313.20300000000003,331.13321965599994,126,0,0.3407230786793809,-0.4774970228339016,0.4774970228339016,0.3407230786793809,1.25,1.9583333333333333,2.583333333333333,19.14221557544901,10.09018091417237,2.2763834013285016,-2.297744100277089,2.3770727924665405,-2.43489158164818,5.9325874482374825,0.0694556947879937,3.403898859383536,1.9485981247024455,882.760256896872,16.844570503761737,13.088143604314618,13.088143604314618,11.558550648063802,8.13388326683475,8.13388326683475,6.373312034026568,6.373312034026568,4.729110360732636,4.729110360732636,3.313857573432608,3.313857573432608,-2.41,672746.5705685621,15.137295119421712,5.592172599010578,2.4478616810646066,137.04307093590964,19.89032537748887,11.38067233274289,0.0,5.428790391900541,0.0,5.969305287951849,4.794537184071822,9.184952231746642,0.0,0.0,0.0,24.97437738277524,43.80393423887613,11.204086992299825,14.291479626587348,22.559616494716465,0.0,9.883888251797686,0.0,18.88348407499998,31.078935354500786,39.93357761725155,0.0,0.0,15.64548872675735,10.077801322358384,0.0,0.0,41.82195795423421,0.0,5.817220841045895,29.2414727507688,23.12411489260812,0.0,10.902924932081056,0.0,74.57000000000001,17.215316520898284,19.086016810659167,0.0,16.991516535309753,24.293599804124977,25.93115605767717,12.263210640074686,6.06636706846161,9.467009378641832,5.316788604006331,0.0,16.43241047808012,0.0,25.71456571096452,12.6196285019594,0.1594360985134804,-1.755300643086537,3.07809812505249,3.290533509700176,2.9606282188163497,0.0,0.4117647058823529,24,2,6,1,1,2,0,1,1,2,0,0,5,2,7,2,3,1,1,2,0,0,3.527098624581944,4,1.5833,88.47900000000006,0,0,0,0,1,1,0,0,1,1,1,0,0,0,0,2,1,0,0,0,0,0,0,0,0,0,0,0,0,1,0,0,0,0,1,0,1,0,0,0,0,0,0,0,1,0,0,0,0,0,0,0,0,0,0,0,0,0,0,0,0,0,0,0,0,0,0,0,0,0,1,0,0,1,0,0,0,0,0,0,0,0,0,0,0,3.833653255471964,0.44842367283888007,0.12351480518041656,0.2398004464566933,0.8029776225760844,1140.6480994313008,3831.441248727284,1.3216940769347105e-18,0.3407230786793809,-0.47749702283390155,3.831267892650034,0.4493223034751944,0.12122733066631448,0.2390490514254924,0.8029903404052086,1137.344339192314,3826.7079755835784,1.3216940769347105e-18,0.3407230786793809,-0.47749702283390155,3.8454399420059593,0.4550203491247827,0.11164974950050623,0.23585564797767128,0.8010450501866949,1133.1411638666082,3855.6670008883652,1.3216940769347105e-18,0.3407230786793809,-0.47749702283390155
C1=CC(=CC=C1[C@H]([C@@H](CO)NC(=O)C(Cl)Cl)O)[N+](=O)[O-],709.0,High,45.0,chloramphenicol,Table1,small_data_set/smiles_review/table1_fixed_review.csv,11.304786365163348,11.304786365163348,0.1323014298311915,-1.3258233558702537,0.4090709280478973,13.85,323.13200000000006,311.036,322.012326844,110,0,0.2689451330242998,-0.3941232075520646,0.3941232075520646,0.2689451330242998,1.35,1.9,2.3,35.53916852833984,10.022917884622364,2.243581563318955,-2.223138537588285,2.203148626798978,-2.4358850906246787,6.530354842931759,-0.3844532808687219,2.43167024792834,2.821158149823158,480.2067575330304,15.284092571446669,10.070873269423847,11.582731161460758,9.362279762904675,5.48271598351556,6.35558754445953,3.891831413863708,4.98809607340955,2.5491039297775187,2.9454959812884614,1.4956658012962225,1.621653958965965,-1.4099999999999997,20854.00404623344,16.64379236148467,7.392954608862727,4.309031435917423,123.81547365578696,15.529843393687743,6.103966387748303,4.836269690250055,0.0,11.594566004035068,0.0,14.908855452837392,0.0,0.0,0.0,23.20187978046503,17.696185628620217,12.13273413692322,17.57203384247855,19.930903022570902,34.7964457845001,0.0,5.316788604006331,0.0,16.98207690714632,6.606881964512918,39.943238034309005,0.0,0.0,5.316788604006331,5.687386274683562,0.0,23.20187978046503,38.52853805176152,4.794537184071822,10.114318268765572,11.6674178794453,24.26546827384644,0.0,0.0,0.0,112.70000000000002,34.419449649828415,20.0153828476781,0.0,5.687386274683562,5.563451491696996,0.0,24.26546827384644,0.0,0.0,5.316788604006331,28.30840717530574,0.0,10.701515153828764,19.91192496409848,31.946182154335563,0.1692216238347195,-0.7561620265390097,4.0536671005850895,-1.2529283194759382,-0.5511984284454523,0.0,0.3636363636363636,20,3,7,0,0,0,1,1,0,1,0,0,5,3,9,0,6,0,0,0,0,0,6.1523400723896176,1,0.9089999999999998,72.5667,0,2,2,0,0,0,0,0,0,0,1,1,0,0,0,1,1,0,0,0,0,0,0,0,0,2,0,1,0,0,0,0,0,0,1,0,0,0,0,0,0,0,0,0,2,0,0,0,0,0,0,0,0,0,0,0,0,0,1,1,1,0,0,0,0,0,0,0,0,0,0,0,0,0,0,0,0,0,0,0,0,0,0,0,0,3.788244818338799,0.442961978049534,0.2761188885482362,0.2624216705859165,0.8698488283868805,1070.576966427638,3869.661622974613,0.0,0.2689451330242998,-0.39412320755206465,3.7592621290659465,0.4114207529323431,0.28472691587954485,0.28021611483103154,0.8547553614396728,1136.573630465933,3732.0881305895823,0.0,0.26894513302429984,-0.3941232075520646,3.74296143505042,0.40725730108987696,0.2890698702138072,0.28180013871083676,0.8570470906135755,1135.391209646196,3696.7954848065774,0.0,0.26894513302429973,-0.39412320755206465
S(=O)(=O)(O[C@H]1[C@H]2OC[C@H]([NH3+])[C@H]2OC1)c1ccc(-c2ccccc2)cc1,1965.0,High,108.0,2-1,Table2,small_data_set/smiles_review/table2_fixed_review.csv,12.557089632149156,12.557089632149156,0.0059814620563591,-3.8791948276224058,0.8142052741949602,28.84,362.427,342.2670000000001,362.10567016009,132,0,0.2969155996474418,-0.3662181044895183,0.3662181044895183,0.2969155996474418,0.88,1.52,2.24,32.23997847458373,10.067649823184912,2.5007226409569965,-2.1576975010539465,2.298279540288493,-2.6628535957484103,7.863799107487132,-0.4304859330737651,3.192646497321131,1.508342064174948,837.5299634974573,17.440946820939047,13.57636358580796,14.392860166735687,12.04364332281354,8.19537687456857,9.603625165032437,6.335181234885854,7.907284135870626,4.610931470959317,5.96100102685253,3.2886875749417976,4.359711180238306,-1.7699999999999996,856753.0728491201,16.685205273040665,6.5103274790936325,3.210837273400757,146.18141634826014,15.207393384762284,30.96062195690579,0.0,0.0,10.118126859033554,0.0,4.183085432649707,0.0,8.417796984328938,0.0,42.46456947923127,23.25963712031721,0.0,11.502365440030694,27.80827580174093,10.118126859033554,0.0,0.0,0.0,29.24922346791064,13.213763929025836,54.59730361615449,0.0,11.126902983393991,5.733667477162185,0.0,0.0,0.0,45.98530090574764,23.77493819928336,0.0,0.0,59.49278709167226,0.0,11.126902983393991,0.0,89.47000000000001,16.222093246781856,8.417796984328938,0.0,29.75213904467526,6.606881964512918,11.126902983393991,0.0,24.26546827384644,30.33183534230805,5.733667477162185,13.656811340249806,41.66833877055274,0.0,0.1248162320483754,0.0,5.927843309351003,0.0,16.448906437317433,-1.1971542007329148,0.6564442790857699,-3.8791948276224058,0.3333333333333333,25,3,6,0,2,2,0,2,0,2,0,0,5,1,7,2,4,0,2,2,0,0,4.345046015335785,4,0.8356000000000012,90.09290000000004,0,0,0,0,0,0,0,0,0,0,0,0,0,0,0,0,0,0,0,0,0,0,0,0,0,0,0,0,0,0,0,0,0,0,2,0,1,0,0,0,0,2,0,0,0,0,0,0,0,0,0,0,0,0,0,0,0,0,0,0,0,0,0,0,0,0,0,0,0,0,0,0,0,0,1,0,0,0,0,0,0,0,0,0,0,4.431425099265061,0.6557623339947601,0.14497905910565298,0.13396352210681528,0.9452938426140917,908.1024323898656,6482.516502587072,0.022222222222222233,0.3443867549708703,-0.3662181044895185,4.427070891590478,0.6467888443085644,0.14897983425873773,0.1381389447821502,0.9409684993415354,931.2181848253659,6445.822133213817,0.022222222222222233,0.3443867549708703,-0.3662181044895185,4.447456517035402,0.6631729501079799,0.14139693479592405,0.13086942230976803,0.9469798855235253,890.1356883181128,6549.92571092447,0.022222222222222233,0.3443867549708703,-0.3662181044895185
Brc1ccc(S(=O)(=O)O[C@H]2[C@H]3OC[C@H]([NH3+])[C@H]3OC2)cc1,1647.0,High,108.0,2-2,Table2,small_data_set/smiles_review/table2_fixed_review.csv,12.205273998488284,12.205273998488284,0.0175784601668436,-3.817841080876795,0.7579588536202675,33.3,365.2250000000001,350.10500000000013,363.98488210009,110,0,0.2969162018796819,-0.3662181044895183,0.3662181044895183,0.2969162018796819,1.15,1.8,2.5,79.91873113374028,10.099853795208858,2.5005378100578453,-2.155206066154498,2.293467556943221,-2.6628533427857226,9.102996667478989,-0.4304855767258454,2.9457890354943634,1.7562410384840756,590.370174595103,14.328062645816686,10.567576712869055,12.970069832911488,9.471163677742108,6.223675508550227,8.42492206857144,4.898698586742594,7.386477016519056,3.4631305602804163,5.341865629211871,2.445295288430908,3.780651650246535,-0.5100000000000001,47874.9634048544,14.428222481005047,5.3581776365879445,2.634254063129829,124.9918697478375,15.207393384762284,30.96062195690579,0.0,0.0,10.118126859033554,0.0,4.183085432649707,0.0,8.417796984328938,0.0,15.929943897949348,24.26546827384644,4.472719515832414,11.502365440030694,27.80827580174093,26.048070756982906,0.0,0.0,0.0,29.24922346791065,13.213763929025836,28.73818778967885,0.0,0.0,5.733667477162185,0.0,0.0,15.929943897949348,45.98530090574764,23.77493819928336,0.0,0.0,33.63367126519663,0.0,0.0,0.0,89.47000000000001,16.222093246781856,8.417796984328938,0.0,29.752139044675257,6.606881964512918,4.472719515832414,12.13273413692322,12.13273413692322,0.0,21.66361137511153,13.656811340249806,41.51832907751153,3.261260099470101,0.1188151927437646,0.0,3.9187600559813767,0.0,6.312523712959319,-1.1497796595490055,0.6712659350930454,-3.817841080876795,0.5,20,3,6,0,2,2,0,1,0,1,0,0,5,1,8,2,3,0,2,2,0,0,3.8654489516718336,3,-0.0688999999999999,72.35690000000002,0,0,0,0,0,0,0,0,0,0,0,0,0,0,0,0,0,0,0,0,0,0,0,0,0,0,0,0,0,0,0,0,0,0,1,0,1,0,0,0,0,2,0,0,1,0,0,0,0,0,0,0,0,0,0,0,0,0,0,0,0,0,0,0,0,0,0,0,0,0,0,0,0,0,1,0,0,0,0,0,0,0,0,0,0,4.11619575086171,0.6433497539874234,0.20888939223047254,0.13858358676431365,0.9289876437690064,825.3454573916202,5566.625143498383,0.028571428571428567,0.3443867549708703,-0.3662181044895185,4.111182428745886,0.6446875820448573,0.21432890871224392,0.13811700356548287,0.9330081960985188,819.9776786096126,5565.834526167944,0.028571428571428567,0.34438675497087035,-0.3662181044895185,4.115591148076435,0.6527099387247207,0.2188126709445906,0.13467593608413986,0.9407545908020652,799.285006182242,5612.794865116149,0.028571428571428564,0.34438675497087035,-0.36621810448951847
O[C@@]12C(=C)C[C@]3([C@@H](C[NH3+])c4c(C)cccc4[C@H]3CC1)C2,1335.0,High,8.0,2-3,Table2,small_data_set/smiles_review/table2_fixed_review.csv,10.873723072562358,10.873723072562358,0.1947222222222224,-0.5973535525321239,0.7557059598905705,41.65,270.396,246.20399999999995,270.18524080809,106,0,0.0860023399120108,-0.3855040315863945,0.3855040315863945,0.0860023399120108,1.45,2.25,3.0,16.284944727708105,9.629763276464423,2.6383654965539507,-2.41400393928137,2.704763371577475,-2.556391348568246,5.507513526622139,-0.377365263396174,2.7851945721245874,1.9365601101599923,607.4358275500683,14.12095586463014,12.283712409753925,12.283712409753925,9.51662107137598,7.810141196472892,7.810141196472892,7.232189629789929,7.232189629789929,6.42716064614422,6.42716064614422,5.63284791126947,5.63284791126947,-1.12,54990.88163202786,12.607889201193814,3.745679156412777,1.2706220672468211,120.23773644869308,10.84019487200289,0.0,0.0,0.0,0.0,0.0,0.0,0.0,0.0,0.0,24.778036888983326,66.20337921211309,5.917906046161393,12.145807216896262,10.84019487200289,0.0,0.0,0.0,5.41499046939678,50.04388659470115,6.544756405912575,47.04149589414358,0.0,0.0,5.733667477162185,0.0,0.0,0.0,17.25233461173697,0.0,12.338727669087405,54.20945305911782,30.351141419052592,0.0,0.0,0.0,47.870000000000005,5.601050810983688,5.106527394840706,0.0,5.41499046939678,11.835812092322788,37.80114742768588,16.690354475090988,0.0,0.0,37.435441565836136,0.0,0.0,0.0,0.0,10.873723072562358,9.391943499622071,1.0957870370370366,6.735329270597129,3.873261999244142,7.363288454270597,0.0,0.5555555555555556,20,4,2,3,0,3,0,1,0,1,0,2,1,2,2,0,1,2,0,2,1,0,2.36125538936367,4,2.27902,79.40690000000005,0,1,0,0,0,0,0,0,0,0,0,0,0,0,0,0,0,0,0,0,0,0,0,0,0,0,0,0,0,0,1,0,0,0,1,0,3,0,0,0,0,0,0,0,0,0,0,0,0,0,0,0,0,0,0,0,0,0,0,0,0,0,0,0,0,0,0,0,0,0,0,0,0,0,1,0,0,0,0,0,0,0,0,0,0,3.0510323168661944,0.27960530595594363,0.3246988059184211,0.3571825575218253,0.8049610147887136,831.9627583591141,1873.8418199783991,0.02272727272727271,0.34402421461210425,-0.38550403158639457,3.051098633807235,0.279615533795604,0.3238984539233152,0.3571680914061872,0.8051480477962264,831.8968338035214,1874.2139904339867,0.02272727272727271,0.3440242146121043,-0.3855040315863945,3.051738803618992,0.2783604770995083,0.32218051226771954,0.35823685195995303,0.8031288791355786,835.0811124240303,1871.1527909723377,0.02272727272727271,0.3440242146121043,-0.38550403158639457
[NH3+]C[C@H]1c2c(C)cccc2[C@@H]2[C@@]31C[C@@H]([NH3+])[C@](C)(C3)CC2,946.0,High,138.0,2-4,Table2,small_data_set/smiles_review/table2_fixed_review.csv,4.5407208994709,4.5407208994709,0.4817592592592592,0.4817592592592592,0.7803222235543792,45.3,272.43600000000004,244.21199999999996,272.22415173618,108,0,0.0903328605534055,-0.3570351221180478,0.3570351221180478,0.0903328605534055,1.35,2.15,2.9,14.805055953732898,9.606756569646784,2.6544849301600557,-2.418176620670137,2.710619923585458,-2.6523215366799326,5.486113453703145,-0.4409502036159637,2.7851945721245874,1.914655639918136,566.5366918134971,14.12095586463014,12.91384908344359,12.91384908344359,9.51662107137598,8.234599333058906,8.234599333058906,7.975352764950747,7.975352764950747,7.107499944697825,7.107499944697825,6.168997292483245,6.168997292483245,-0.8600000000000001,54990.88163202786,12.848761441724625,3.863448425654548,1.3208935621394289,121.47299642569402,11.46733495432437,0.0,0.0,0.0,0.0,0.0,0.0,0.0,0.0,0.0,25.122838405075456,54.20945305911782,17.75371813848418,12.586597235060536,11.46733495432437,0.0,0.0,0.0,10.82998093879356,57.40841381255605,6.544756405912575,34.88945568047582,0.0,0.0,11.46733495432437,0.0,0.0,0.0,12.586597235060536,0.0,17.753718138484185,61.13319025880844,18.19910120538483,0.0,0.0,0.0,55.28,0.0,0.0,0.0,0.0,22.789727814102918,12.462662452073968,31.246737983401037,11.126902983393991,0.0,43.51391055909045,0.0,0.0,0.0,0.0,0.0,14.660643424036282,1.4574537037037034,7.600167705971277,5.440391628873773,5.841343537414966,0.0,0.6666666666666666,20,6,2,3,0,3,0,1,0,1,0,2,0,2,2,0,1,2,0,2,1,0,2.482026358182093,4,1.6085199999999993,80.10020000000004,0,0,0,0,0,0,0,0,0,0,0,0,0,0,0,0,0,0,0,0,0,0,0,0,0,0,0,0,0,0,1,0,0,0,1,0,3,0,0,0,0,0,0,0,0,0,0,0,0,0,0,0,0,0,0,0,0,0,0,0,0,0,0,0,0,0,0,0,0,0,0,0,0,0,2,0,0,0,0,0,0,0,0,0,0,3.077725907270487,0.2728998529430202,0.37141066076866897,0.36321625404750346,0.839022302750149,851.8998465956474,1965.026597563264,0.04166666666666666,0.34425651833467025,-0.35703512211804794,3.0714466332818446,0.27421266603215566,0.3801186583679673,0.3619892437637248,0.8468686291314953,843.0888093218758,1969.5464332199483,0.041666666666666664,0.34425651833467036,-0.35703512211804794,3.0705549182539587,0.269110465458557,0.3688442371690238,0.36631516774952944,0.8330078628138586,856.2944556769914,1944.6791011216014,0.041666666666666664,0.34425651833467036,-0.35703512211804794
O[C@@]12C(=C)C[C@]3([C@@H]([NH3+])c4c(C)cccc4[C@H]3CC1)C2,756.0,High,94.0,2-5,Table2,small_data_set/smiles_review/table2_fixed_review.csv,10.770831916099771,10.770831916099771,0.1374305555555557,-0.6087424414210127,0.6871127755973577,43.21052631578947,256.369,234.193,256.16959074409,100,0,0.1172086137919981,-0.3854997722356444,0.3854997722356444,0.1172086137919981,1.4210526315789471,2.210526315789474,3.0,16.28495726879211,9.653559820843531,2.6477156721782733,-2.3933689319596865,2.689542929325394,-2.602584054579903,5.490575859895354,-0.4546007567910106,2.713704575337698,1.9291735137206831,592.9249032101961,13.41384908344359,11.576605628567377,11.576605628567377,8.978616268915196,7.310141196472893,7.310141196472893,6.943514495195116,6.943514495195116,6.138485511549407,6.138485511549407,5.2010528654068,5.2010528654068,-1.12,32282.229628217254,11.685610604659356,3.306500325002578,1.196921063594193,113.87279433429646,10.84019487200289,6.041840829147961,0.0,0.0,0.0,0.0,0.0,0.0,0.0,0.0,24.778036888983326,55.22493725101933,10.978441961093775,5.601050810983688,10.84019487200289,0.0,0.0,0.0,5.41499046939678,50.16782137768772,0.0,47.04149589414358,0.0,0.0,5.733667477162185,0.0,0.0,0.0,10.707578205824394,0.0,12.338727669087405,54.33338784210439,30.351141419052592,0.0,0.0,0.0,47.870000000000005,5.601050810983688,5.106527394840706,0.0,5.41499046939678,11.959746875309351,31.256391021773304,16.690354475090988,0.0,0.0,37.435441565836136,0.0,0.0,0.0,0.0,10.770831916099771,9.396499433106577,0.5735416666666666,6.954973544973545,3.7763742441421018,6.361112528344672,0.0,0.5294117647058824,19,4,2,3,0,3,0,1,0,1,0,2,1,2,2,0,0,2,0,2,1,0,2.033603961166301,4,2.23652,74.53990000000003,0,1,0,0,0,0,0,0,0,0,0,0,0,0,0,0,0,0,0,0,0,0,0,0,0,0,0,0,0,0,1,0,0,0,1,0,3,0,0,0,0,0,0,0,0,0,0,0,0,0,0,0,0,0,0,0,0,0,0,0,0,0,0,0,0,0,0,0,0,0,0,0,0,0,1,0,0,0,0,0,0,0,0,0,0,2.986799690072067,0.3444041782741189,0.3284508161133556,0.30605459927114537,0.859010395499417,646.599958197983,1814.8267895631677,0.024390243902439015,0.3445474181014755,-0.38549977223564447,2.9867995646128906,0.3444039800154808,0.32845095468028757,0.30605474112117914,0.8590103296862267,646.600180855161,1814.82643432115,0.024390243902439015,0.34454741810147543,-0.3854997722356444,2.9868004293351946,0.34440500067999846,0.32845020695474575,0.30605400916361747,0.8590105985404611,646.5991471618905,1814.8284413520716,0.024390243902439015,0.34454741810147543,-0.3854997722356444
O=C1[C@]2(C)[C@H]([NH3+])C=C[C@]3(O1)[C@@H]2[C@H](C[NH3+])[C@@]12[C@H]3CC[C@@](O)(C(=C)C1)C2,504.0,High,39.0,2-6,Table2,small_data_set/smiles_review/table2_fixed_review.csv,12.873203380889391,12.873203380889391,0.0348611111111112,-0.7303649376417232,0.4427309353241581,60.16666666666666,332.44400000000013,304.2200000000001,332.20889559618,130,0,0.3191006416931977,-0.4535264110738614,0.4535264110738614,0.3191006416931977,1.5,2.25,2.958333333333333,16.56607648208126,9.60244532904158,2.8219997368748198,-2.4416665635397496,2.7637987076438386,-2.718240547293544,5.82999529174386,-0.4326466269365866,2.947332536870623,1.7498906540301098,704.7254695844132,17.120955864630137,14.384666041057825,14.384666041057825,11.24445379472622,9.202770390560698,9.202770390560698,9.177329525058056,9.177329525058056,8.559962860153274,8.559962860153274,7.50959976127352,7.50959976127352,-1.17,364104.6196073861,15.113743157765468,3.972453543996484,1.2536882073833475,141.64892973072594,21.310725302965125,17.05788210952843,0.0,0.0,0.0,5.969305287951849,4.794537184071822,0.0,0.0,0.0,6.578935683598497,55.74715890452848,17.75371813848418,12.145807216896262,26.105262487036946,5.969305287951849,0.0,0.0,28.583699077277743,49.85096614251,6.544756405912575,24.304080427335528,0.0,0.0,11.46733495432437,0.0,0.0,0.0,34.86453153982047,9.53140013787187,28.583699077277743,32.60702369139466,24.304080427335528,0.0,0.0,0.0,101.81,16.617092091364157,9.901064578912528,0.0,35.17985472498077,0.0,37.80114742768588,0.0,0.0,6.923737199690624,30.19831085159063,4.736862953800049,6.1805494142101285,0.0,12.873203380889391,11.056896573444192,7.625520715230538,0.540957105064247,-0.0697071050642479,7.45067578420257,7.008570798689847,0.0,0.7368421052631579,24,7,5,4,1,5,0,0,0,0,0,4,3,3,5,1,1,3,1,4,1,0,2.501610107088252,5,-0.5659999999999983,85.96200000000002,0,1,0,0,0,0,0,0,0,0,1,1,0,0,0,0,0,0,0,0,0,0,0,0,0,0,0,0,0,0,0,0,0,0,0,0,1,0,0,0,1,1,0,0,0,0,0,0,0,0,0,0,0,0,0,0,0,0,0,0,0,0,0,0,0,0,0,0,0,0,0,0,0,0,2,0,0,0,0,0,0,0,0,0,0,3.2492732889980767,0.30552957426068383,0.30965314970729885,0.33684023740635133,0.8783774724934468,1066.2534633939704,2784.4141169634663,0.03846153846153845,0.3445424186277746,-0.4535264110738614,3.247030315783637,0.3037684534740353,0.31004192564353295,0.3382314693169789,0.8780130069769664,1068.6674674837034,2778.155503841507,0.03846153846153845,0.3445424186277746,-0.4535264110738614,3.2506341980459137,0.3063964772080282,0.30923383972091006,0.33619185958058995,0.8783881229299912,1065.3274677281781,2787.6331958054925,0.03846153846153845,0.34454241862777457,-0.4535264110738614
O(C)c1cc2c([C@@H]3SC(=O)N4[C@H]3C[C@@H]([C@@H](C=C)C[NH3+])CC4)ccnc2cc1,458.0,High,58.0,2-7,Table2,small_data_set/smiles_review/table2_fixed_review.csv,12.68312003968254,12.68312003968254,0.1186914210128493,0.1186914210128493,0.8034129030578553,26.074074074074076,384.52500000000015,358.3170000000001,384.1740244920901,142,0,0.2821073180803612,-0.4967429476384734,0.4967429476384734,0.2821073180803612,1.4814814814814814,2.333333333333333,3.074074074074074,32.16673007266943,9.792067083928876,2.458104767069732,-2.3803082249927074,2.497767154238616,-2.5556953566860914,8.136721741857528,-0.3784137226666629,3.037316916513674,1.717831250434779,871.6255841570883,18.965890847321376,15.635315441407052,16.451812022334778,13.155728303040547,9.476121054121151,10.355773865376046,7.321048851670882,8.413859751939542,6.02767561399182,7.285852615399566,4.521867518892369,5.8487925920684605,-2.05,2239948.3303228384,18.319683276743227,7.522515396691219,3.210673858741055,163.5086573878272,15.370440161812713,5.749511833283905,0.0,0.0,5.239211713172287,0.0,9.77851570501903,0.0,0.0,6.578935683598497,17.837905056224997,48.58846905755685,30.0875710672998,24.421192694788544,15.265067615034056,27.90402159464445,0.0,9.883888251797686,11.835812092322788,24.13342210498216,20.199310353102685,48.68071912758889,0.0,5.749511833283905,10.470530430962237,4.794537184071822,5.749511833283905,11.761884949391115,41.36425114722062,0.0,11.835812092322788,23.65503276753119,43.11726763589189,0.0,10.902924932081056,0.0,70.07,0.0,4.794537184071822,0.0,16.53099057230242,11.835812092322788,42.58359282304213,17.325336441088112,7.109797541277533,30.471964883831788,28.26285848101998,4.736862953800049,5.415351461776425,1.4582201908541192,19.250622191777943,1.3868740551776273,6.205434224955885,1.7721266930019637,8.224135387753714,5.926235335948991,5.687658949135424,1.6733415096179067,0.4285714285714285,27,3,5,0,2,2,1,1,1,2,0,0,4,1,6,3,5,0,2,2,0,0,5.104077759696576,4,3.2760000000000016,108.68310000000002,0,0,0,0,0,1,0,0,0,0,1,1,0,0,0,2,0,0,0,0,0,0,0,0,0,0,0,1,0,0,0,0,0,0,1,0,2,0,0,0,0,1,0,0,0,0,0,0,0,0,0,0,0,0,0,1,0,0,0,0,0,0,0,0,0,0,0,0,0,1,0,0,0,1,1,1,0,0,0,0,0,0,0,0,0,3.7692137816464935,0.13538767481615038,0.4396104523553067,0.5373199627195165,0.7859047403041483,2510.450793691111,3700.819942747597,0.018867924528301883,0.3440237806685469,-0.4967429476384735,3.7629925903882233,0.13274332111077888,0.4441325587978805,0.5386861057207603,0.7740820670099922,2526.121065302307,3643.754034098053,0.018867924528301883,0.3440237806685469,-0.4967429476384735,3.74767374082061,0.1297123315204291,0.47906053721915565,0.5405508139075291,0.7938707645472289,2487.3323847063216,3679.583370034589,0.018867924528301883,0.3440237806685469,-0.4967429476384735
S(=O)(=O)(O[C@H]1[C@H]2OC[C@H]([NH3+])[C@H]2OC1)c1ccc(N)cc1,331.0,Low,68.0,2-8,Table2,small_data_set/smiles_review/table2_fixed_review.csv,12.179763794406652,12.179763794406652,0.0072478816544467,-3.852563303099017,0.5322681045062094,33.25,301.344,284.208,301.08526906409,110,0,0.2969174795904157,-0.3987277131345219,0.3987277131345219,0.2969174795904157,1.15,1.8,2.5,32.23997808845898,10.099853290757528,2.500532187008167,-2.1555057975711995,2.292146877467923,-2.66285358932332,7.863792607023647,-0.4304856269581191,2.9457890354943634,1.7562410384840756,588.3701745951029,14.328062645816686,10.766962509049456,11.583459089977184,9.471163677742108,6.323368406640426,7.73161669710429,5.013814029839936,6.585916930824707,3.52959249234055,4.879662048233767,2.478526254460975,3.549549859757485,-1.19,47874.9634048544,13.777565172272135,4.973613213119668,2.403649384028532,116.46421283920884,20.94106086192447,30.96062195690579,0.0,0.0,10.118126859033554,0.0,4.183085432649707,0.0,8.417796984328938,0.0,0.0,24.26546827384644,5.687386274683562,11.502365440030694,27.80827580174093,15.805513133717117,0.0,0.0,0.0,29.24922346791064,18.94743140618802,24.26546827384644,0.0,0.0,11.46733495432437,5.687386274683562,0.0,0.0,45.98530090574764,23.77493819928336,0.0,0.0,29.16095174936421,0.0,0.0,0.0,115.49,16.222093246781856,8.417796984328938,0.0,29.75213904467526,12.29426823919648,0.0,24.26546827384644,0.0,0.0,5.733667477162185,19.390478817411992,40.61148442092887,0.0,0.0688151927437648,0.0,9.939171416589796,0.0,5.868165356669144,-1.1972430083144383,0.6455032578152171,-3.852563303099017,0.5,20,5,7,0,2,2,0,1,0,1,0,0,6,2,8,2,3,0,2,2,0,0,3.426214009271502,3,-1.2491999999999972,69.06930000000003,0,0,0,1,0,0,0,0,0,0,0,0,0,0,0,0,0,1,0,0,0,0,0,0,0,0,0,0,0,1,0,0,0,0,1,0,1,0,0,0,0,2,0,0,0,0,0,0,0,0,0,0,0,0,0,0,0,0,0,0,0,0,0,0,0,0,0,0,0,0,0,0,0,0,1,0,0,0,0,0,0,0,0,0,0,3.5326506806006206,0.539942052712316,0.19524281779060934,0.19186188798763454,0.9300863114935213,671.6443981879682,3304.1206527426793,0.027027027027027042,0.3443867549708703,-0.39872771313452177,3.529207051158273,0.5427327631874399,0.19445163950896285,0.18974078257045407,0.9343209370518332,664.9935206947674,3306.973968435601,0.027027027027027042,0.3443867549708703,-0.39872771313452177,3.5021937663373928,0.5189344720959402,0.1984150956840435,0.20198287918696498,0.9282024872639479,694.7130821162594,3226.649650429251,0.027027027027027042,0.3443867549708703,-0.39872771313452177
O=C1[C@]2(C)[C@@H](O)C=C[C@]3(O1)[C@@H]2[C@H](C[NH3+])[C@@]12[C@H]3CC[C@@](O)(C(=C)C1)C2,309.0,High,38.0,2-9,Table2,small_data_set/smiles_review/table2_fixed_review.csv,12.753203380889394,12.753203380889394,0.0756944444444447,-0.9114725056689332,0.4716823681452933,60.16666666666666,332.42000000000013,306.21200000000005,332.18563473209,130,0,0.3156353496228454,-0.45363392955845,0.45363392955845,0.3156353496228454,1.5,2.25,2.958333333333333,16.567554433895705,9.607630280664011,2.8171744814763757,-2.441876448266807,2.76584713218727,-2.602094060735741,5.830810581933917,-0.389143157198228,2.947332536870623,1.7498906540301098,703.4803570865766,17.120955864630137,14.124772855371234,14.124772855371234,11.24445379472622,9.052720989843996,9.052720989843996,9.015673762804177,9.015673762804177,8.354093811762416,8.354093811762416,7.40729682323021,7.40729682323021,-1.17,364104.6196073861,15.113743157765468,3.972453543996484,1.2536882073833475,141.10327278590924,20.683585220643643,11.016041280380469,0.0,0.0,0.0,5.969305287951849,4.794537184071822,0.0,0.0,0.0,12.654955790432378,49.6711387976946,17.75371813848418,18.249773604644567,25.47812240471547,5.969305287951849,0.0,0.0,28.583699077277743,49.913091701110346,6.544756405912575,24.304080427335528,0.0,0.0,5.733667477162185,0.0,0.0,0.0,40.03318449326152,9.53140013787187,28.583699077277743,32.60702369139466,24.304080427335528,0.0,0.0,0.0,94.4,22.721058479112457,15.007591973753234,0.0,29.138013895832813,19.386399651764595,18.414747775921285,0.0,6.076020106833881,12.999757306524504,12.312603160760682,4.736862953800049,6.060549414210129,0.0,12.753203380889394,21.63050048028471,2.6795023148148163,-0.0373762282690861,0.0,5.879586876417233,6.700700428319475,0.0,0.7368421052631579,24,5,5,4,1,5,0,0,0,0,0,4,4,3,5,1,1,3,1,4,1,0,2.501610107088252,5,0.1844000000000007,85.29270000000004,0,2,1,0,0,0,0,0,0,0,1,1,0,0,0,0,0,0,0,0,0,0,0,0,0,0,0,0,0,0,0,0,0,0,0,0,1,0,0,0,1,1,0,0,0,0,0,0,0,0,0,0,0,0,0,0,0,0,0,0,0,0,0,0,0,0,0,0,0,0,0,0,0,0,1,0,0,0,0,0,0,0,0,0,0,3.185347714272391,0.25935968618781885,0.37209835480358977,0.3765291029010276,0.8957564692371597,1117.4194998248684,2659.851354026358,0.01999999999999999,0.3440152000271404,-0.45363392955845,3.18746904179841,0.26152803703005173,0.37817164456422875,0.37471476454236746,0.8972619796717343,1113.697651885146,2668.1527870074992,0.019999999999999993,0.3440152000271404,-0.45363392955845,3.191746933879209,0.26203829724456734,0.36857905001111324,0.3742199051426647,0.8969798979052814,1115.6344216917682,2675.362972485056,0.019999999999999997,0.3440152000271404,-0.45363392955844994
O(C)C=1C(=O)NC[C@@]23[C@@H]([C@@H](N(C)CC2)[C@H]([NH3+])c2c3c3OCOc3cc2)C=1,219.0,Low,16.0,2-10,Table2,small_data_set/smiles_review/table2_fixed_review.csv,12.493155313051146,12.493155313051146,0.0745214474678754,-0.2403935185185188,0.7338465945206011,34.96153846153846,358.4180000000001,334.2260000000001,358.17613266809,138,0,0.2855340542069291,-0.4914211832576768,0.4914211832576768,0.2855340542069291,1.3846153846153846,2.230769230769231,3.0384615384615383,16.69712961312469,9.555153359727829,2.5871348704577373,-2.5508491977377106,2.571215984542424,-2.715724962048905,5.917569717672037,-0.4454290721609371,3.063004067158454,1.7979562869323562,823.2474143627786,18.051677284948283,15.079842278425907,15.079842278425907,12.564515919973031,9.069352860396254,9.069352860396254,7.690911302356129,7.690911302356129,6.645729999921375,6.645729999921375,5.413262776983941,5.413262776983941,-2.25,1488166.6520370692,15.962482753023291,5.374200243438095,1.8708655370899876,151.61446729974023,25.261044942568663,6.041840829147961,17.258188538223987,6.792942306099827,5.907179729351506,0.0,9.6944469149223,0.0,0.0,0.0,0.0,38.22200425527287,29.004555904864738,13.151638370425497,24.738793522634158,5.907179729351506,0.0,10.216698334856808,5.917906046161393,23.91949375061871,34.0399246418797,35.09482209880727,0.0,11.49902366656781,20.52418198876861,0.0,11.49902366656781,0.0,50.88885493122964,14.94639060726865,5.917906046161393,23.58956543546796,23.96791911541328,0.0,0.0,0.0,87.67000000000002,0.0,4.794537184071822,0.0,36.11670020930543,12.303921277568753,30.02805318710339,5.563451491696996,7.109797541277533,12.142387175295491,29.064404863157797,14.210588861400147,16.94859150604686,0.0,14.861888306248424,3.0851577853363565,6.632034674981104,1.9542084225665584,4.384925280297303,2.941424792139077,1.7461353615520283,3.695633870832284,0.5263157894736842,26,4,7,1,3,4,1,1,0,1,0,2,5,2,7,3,1,0,1,1,0,0,3.299445334506699,5,-0.0698999999999985,92.49880000000005,0,0,0,0,0,0,0,0,0,0,1,1,0,0,0,1,1,0,0,1,1,0,0,0,0,0,0,1,0,0,0,0,0,0,1,0,3,0,0,0,0,3,0,0,0,0,0,0,0,0,0,0,0,0,0,1,0,0,0,0,0,0,0,0,0,0,0,0,0,1,0,0,0,0,1,0,0,0,0,0,0,0,0,0,0,3.3032211012892336,0.08984371419826695,0.6258064357954206,0.5936758426790258,0.7915118603099043,1941.879680008856,2603.10358974588,0.019999999999999997,0.3445776973142128,-0.4914211832576768,3.3011826980471466,0.08922615534963699,0.6249147098006257,0.5950670981365697,0.7901557608464511,1944.109738644044,2595.3494019625214,0.019999999999999997,0.3445776973142128,-0.49142118325767675,3.302521452248054,0.09070652475835515,0.6231372088676983,0.5921345952706062,0.7916696692350278,1937.2157553119944,2603.9996029312347,0.019999999999999997,0.3445776973142128,-0.49142118325767675
O(C)[C@H]1[C@H]([NH3+])C[C@@]23[C@@H]([C@@H]([NH2+]CC2)Cc2c3c(O)c(OC)cc2)C1,204.0,Low,14.0,2-11,Table2,small_data_set/smiles_review/table2_fixed_review.csv,10.902721009700176,10.902721009700176,0.034791666666667,0.034791666666667,0.6911587594218952,38.56521739130435,320.433,292.209,320.20889559618,126,0,0.1612871738260125,-0.5040429872461163,0.5040429872461163,0.1612871738260125,1.3478260869565215,2.1739130434782608,2.9130434782608696,16.478101789128587,9.510400152076906,2.590731492541144,-2.550438476249421,2.5588425372170214,-2.9706843776021232,5.557438398299056,-0.7115264082732875,2.531411758752089,1.879388732896884,620.5294156373055,16.189869965382485,14.047802747874352,14.047802747874352,11.102520722433816,8.689438435985926,8.689438435985926,7.529601937603117,7.529601937603117,6.628303241909061,6.628303241909061,5.695153409600309,5.695153409600309,-1.2999999999999998,225495.6280578774,15.240756281860056,5.363902409710953,2.030976490492664,136.7042921234991,25.63070938360932,12.145807216896262,11.49902366656781,0.0,0.0,0.0,0.0,0.0,0.0,0.0,6.06636706846161,18.050640183084617,43.26861041731073,19.696394776338067,25.63070938360932,0.0,0.0,0.0,5.917906046161393,49.28592500714505,20.764351488467643,23.25963712031721,0.0,11.49902366656781,15.787319034968563,0.0,11.49902366656781,0.0,44.05852692935257,16.57267504612284,5.917906046161393,30.38936785217202,12.13273413692322,0.0,0.0,0.0,82.94000000000001,0.0,5.106527394840706,0.0,17.560797686293043,23.45877054187716,37.79149438931361,5.563451491696996,14.219595082555069,6.06636706846161,17.116823149630125,9.473725907600098,11.109996693121692,0.0,0.0,13.405966710758378,6.85736008755354,1.5022946848492489,4.919186271730914,4.397544301671285,1.1266123393801966,3.431038910934744,0.6666666666666666,23,6,5,2,1,3,0,1,0,1,0,2,3,3,5,1,2,1,1,2,0,0,3.5543447541776736,4,-0.434099999999997,85.43530000000004,0,0,0,0,0,0,0,1,0,0,0,0,0,0,0,0,0,1,0,0,0,0,0,0,0,0,0,0,0,0,0,0,0,0,1,0,1,0,0,0,0,2,0,0,0,0,0,0,0,0,0,0,0,0,0,2,0,0,0,0,0,0,0,0,0,1,1,0,0,1,0,0,0,0,2,0,0,0,0,0,0,0,0,0,0,3.2418582907977345,0.11918139440042093,0.5219640299029339,0.5354964703515807,0.807102527367719,1539.6178025859465,2320.552468980132,0.03921568627450981,0.3460597720524814,-0.5040429872461162,3.2408787361308042,0.1190076101785134,0.5207727172399195,0.5358829266638315,0.8055556309699791,1540.5610076035061,2315.8533272143254,0.039215686274509796,0.3460597720524814,-0.5040429872461163,3.2401055884956538,0.1188638091460864,0.5198573820818714,0.536197136487469,0.804348585656199,1541.3167536032415,2312.161342711558,0.0392156862745098,0.3460597720524814,-0.5040429872461163
O(C)c1cc2c([C@H](N)[C@H]3[N@@H+]4C[C@H](C=C)[C@H](C3)CC4)ccnc2cc1,167.0,Low,12.0,2-12,Table2,small_data_set/smiles_review/table2_fixed_review.csv,6.785517290249434,6.785517290249434,0.033492063492063,0.033492063492063,0.8422487592022415,30.25,324.448,298.24,324.20703887209,126,0,0.1191238268762647,-0.4967429448261526,0.4967429448261526,0.1191238268762647,1.4166666666666667,2.2916666666666665,3.0,16.46529547198866,9.729061870855755,2.4470126597546096,-2.475594532249631,2.333904284332609,-3.1976344572622413,5.8357604649492965,-0.946753557677142,2.6616583780599465,1.6870853618182946,759.6324135403677,16.681433796945207,14.241848752982447,14.241848752982447,11.707039898056806,8.863252298862488,8.863252298862488,7.21192148221307,7.21192148221307,6.098491727111922,6.098491727111922,4.735902310318968,4.735902310318968,-1.91,512499.65903706464,15.60801064990268,6.187607918654215,2.5024063339993896,142.85908314802165,15.370440161812713,11.791352662431866,0.0,0.0,0.0,0.0,4.9839785209472085,0.0,0.0,6.578935683598497,6.076020106833881,35.74682581170483,30.342617078091283,31.757851899866907,9.636772684650529,10.902924932081056,0.0,4.9839785209472085,17.56947956948497,24.92532490414794,20.199310353102685,48.68071912758889,0.0,5.749511833283905,15.370440161812713,0.0,5.749511833283905,0.0,31.22512970319785,0.0,11.835812092322788,24.446935566696972,43.11726763589189,0.0,10.902924932081056,0.0,52.58,0.0,0.0,0.0,6.041840829147961,11.959746875309351,22.570342811526352,31.49460754937417,12.009707272128011,18.32957770853629,29.771668448302805,10.470530430962237,5.39559636142744,0.0,6.128352203535735,1.117284842949526,8.964026544259681,2.262643567451468,8.632680412053608,6.529458282535032,6.439692171961847,1.6969322804923317,0.45,24,3,4,0,3,3,0,1,1,2,0,2,3,2,4,4,4,0,3,3,0,0,4.024010428824048,5,1.7224999999999997,96.11910000000005,0,0,0,0,0,1,0,0,0,0,0,0,0,0,0,1,1,1,0,0,0,0,0,0,0,0,0,0,0,0,0,0,0,0,1,0,4,0,0,0,0,1,0,0,0,0,0,0,0,0,0,0,0,0,0,1,0,0,0,0,0,0,0,0,0,0,0,0,0,3,0,0,0,1,1,0,0,0,0,0,0,0,0,0,0,3.6277974741851216,0.27445430362602796,0.364701502147121,0.3630829451041039,0.8464911389349619,1399.20499996724,3278.961461485941,0.020000000000000007,0.34792584459635484,-0.49674294482615255,3.632361340213919,0.2844473778881274,0.3582772584131679,0.35500633230773926,0.8500604966444026,1372.9973961237922,3308.604045229405,0.020000000000000004,0.3479258445963549,-0.4967429448261526,3.6275847640209418,0.27121612602312667,0.36643812656756675,0.365469371827678,0.8453957664378777,1408.2411284328011,3270.3685711960948,0.020000000000000007,0.34792584459635484,-0.4967429448261526
[NH3+][C@@H]1[C@H]2OC[C@H]([NH3+])[C@H]2OC1,20.0,Low,2.0,2-13,Table2,small_data_set/smiles_review/table2_fixed_review.csv,5.451388888888889,5.451388888888889,0.2245370370370367,0.2245370370370367,0.3821621161414599,53.4,146.18999999999997,132.078,146.10443052818,58,0,0.143533535037486,-0.3626404652991306,0.3626404652991306,0.143533535037486,0.9,1.3,1.7,16.570978309212254,10.085652113436232,2.484065067183181,-2.0625980055616964,2.2221153976503136,-2.6865391020481346,4.920742034958758,-0.434797294919555,2.405109318244186,2.0917705580984776,125.70950594454668,7.137828201504695,5.954324782432419,5.954324782432419,4.787693700234704,3.6817479518361114,3.6817479518361114,3.116057210849924,3.116057210849924,2.2585353596569293,2.2585353596569293,1.657430589032673,1.657430589032673,-0.16,339.1204138724302,6.543966449258588,2.1655790225487195,0.7689940828402367,59.45917114579331,20.94106086192447,37.50537836281836,0.0,0.0,0.0,0.0,0.0,0.0,0.0,0.0,0.0,0.0,0.0,0.0,20.94106086192447,0.0,0.0,0.0,0.0,24.291614433792525,13.213763929025836,0.0,0.0,0.0,11.46733495432437,0.0,0.0,0.0,37.50537836281836,9.473725907600098,0.0,0.0,0.0,0.0,0.0,0.0,73.74000000000001,0.0,0.0,0.0,12.207932775496603,12.08368165829592,13.213763929025836,0.0,0.0,0.0,11.46733495432437,9.473725907600098,10.90277777777778,0.0,0.0,0.0,7.873703703703704,0.0,0.63287037037037,0.4490740740740735,1.4749074074074071,0.0,1.0,10,6,4,0,2,2,0,0,0,0,0,0,2,2,4,2,0,0,2,2,0,0,1.4171476466777029,2,-2.994999999999997,32.8322,0,0,0,0,0,0,0,0,0,0,0,0,0,0,0,0,0,0,0,0,0,0,0,0,0,0,0,0,0,0,0,0,0,0,0,0,1,0,0,0,0,2,0,0,0,0,0,0,0,0,0,0,0,0,0,0,0,0,0,0,0,0,0,0,0,0,0,0,0,0,0,0,0,0,2,0,0,0,0,0,0,0,0,0,0,2.1093920671557855,0.296651563242445,0.3555464139039242,0.34566496252968476,0.8275917732334239,206.90094881157924,494.04075999508376,0.08333333333333331,0.34438677238500776,-0.3626404652991306,2.113929988938893,0.29963865582618715,0.3452435614191569,0.3434972347340824,0.8162723073742534,207.78642946077179,492.39719927218687,0.08333333333333333,0.3443867723850077,-0.3626404652991306,2.117338390171552,0.30188868703255695,0.33750233223317905,0.34186359118460385,0.807775524461979,208.44809040994298,491.16601144003084,0.08333333333333331,0.34438677238500776,-0.3626404652991306
O[C@H]1[C@H]2OC[C@H]([NH3+])[C@H]2OC1,0.0,Low,0.0,2-14,Table2,small_data_set/smiles_review/table2_fixed_review.csv,9.239351851851852,9.239351851851852,0.0370370370370367,-0.433564814814815,0.4056998017812275,53.4,146.166,134.07,146.08116966409,58,0,0.1400484065020319,-0.3878898871269671,0.3878898871269671,0.1400484065020319,1.2,1.9,2.6,16.587600694975922,10.100070316911502,2.4709230516732004,-2.0769508282998794,2.24117791780057,-2.6626618228477565,4.92687723377573,-0.4304885646514026,2.405109318244186,2.0917705580984776,124.95461844238322,7.137828201504695,5.694431596745831,5.694431596745831,4.787693700234704,3.531698551119409,3.531698551119409,2.923325200194636,2.923325200194636,2.129836378883678,2.129836378883678,1.558117964386022,1.558117964386022,-0.16,339.1204138724302,6.543966449258588,2.1655790225487195,0.7689940828402367,58.91351420097661,20.313920779602988,30.96062195690579,0.0,0.0,0.0,0.0,0.0,0.0,0.0,0.0,0.0,0.0,0.0,6.606881964512918,20.313920779602988,0.0,0.0,0.0,0.0,24.353739992392867,13.213763929025836,0.0,0.0,0.0,5.733667477162185,0.0,0.0,0.0,42.67403131625941,9.473725907600098,0.0,0.0,0.0,0.0,0.0,0.0,66.33,6.103966387748303,5.106527394840706,0.0,18.249773604644567,13.213763929025836,0.0,0.0,0.0,0.0,5.733667477162185,9.473725907600098,10.52777777777778,0.0,0.0,9.239351851851852,3.853518518518519,0.0,0.1964351851851848,-0.505324074074075,1.021574074074074,0.0,1.0,10,4,4,0,2,2,0,0,0,0,0,0,3,2,4,2,0,0,2,2,0,0,1.4171476466777029,2,-2.2445999999999984,32.16289999999999,0,1,1,0,0,0,0,0,0,0,0,0,0,0,0,0,0,0,0,0,0,0,0,0,0,0,0,0,0,0,0,0,0,0,0,0,1,0,0,0,0,2,0,0,0,0,0,0,0,0,0,0,0,0,0,0,0,0,0,0,0,0,0,0,0,0,0,0,0,0,0,0,0,0,1,0,0,0,0,0,0,0,0,0,0,1.9771530183032924,0.1648177888461366,0.4786934028878438,0.48146721954114174,0.7939882649130989,240.63163163604196,399.70669545760944,0.04545454545454546,0.34438675494457544,-0.38788988712696704,1.9975245918115245,0.19557204992790445,0.47240412365842976,0.4476127889711845,0.7961997051975476,230.6432317740023,415.1327401689229,0.04545454545454546,0.34438675494457544,-0.3878898871269671,1.984457762914587,0.17015570757342965,0.45788312384301577,0.47736637632974094,0.7812924291122522,241.42485894996162,399.37032732891555,0.04545454545454546,0.34438675494457544,-0.38788988712696704
O(C)c1c(O)c2c(cc1)C=C[C@]1(CC[NH2+]C)C2=CC(=O)C(OC)=C1,525.0,High,22.0,2-15,Table2,small_data_set/smiles_review/table2_fixed_review.csv,12.357333632527084,12.357333632527084,0.0671480536659112,-0.4696348261526832,0.8589864285758063,21.541666666666668,328.38800000000003,306.21200000000005,328.15433460409,126,0,0.2198945681770658,-0.5038190673747817,0.5038190673747817,0.2198945681770658,1.25,2.0416666666666665,2.708333333333333,16.476378830415097,9.666405445000038,2.404314819481625,-2.365749372440201,2.523692770083424,-2.7970210597878262,6.114706889150935,-0.62759821207198,2.597047520689225,2.222679987835076,775.8166211990698,17.31962647737941,14.127623913592023,14.127623913592023,11.5580091786911,7.967695508045434,7.967695508045434,6.036256347745661,6.036256347745661,4.697687317087167,4.697687317087167,3.407852724178458,3.407852724178458,-2.53,286768.5842820249,16.332081955061795,6.167758617633647,2.4125571725322525,140.82788769790326,19.897041906447136,0.0,17.258188538223987,5.783244946364939,0.0,0.0,4.794537184071822,0.0,0.0,0.0,18.218407282129373,29.354963303895637,17.399263584019785,27.812023471144837,24.69157909051896,17.432369583268088,0.0,0.0,5.41499046939678,6.4208216229260096,27.812023471144837,47.24686231247503,0.0,11.49902366656781,10.05365155780638,0.0,11.49902366656781,0.0,38.70179581235048,9.53140013787187,5.41499046939678,17.547724606320003,36.11995932908104,0.0,11.64912463690315,0.0,72.37,5.41499046939678,9.901064578912528,0.0,11.532756779648844,17.072128196637077,24.10213405060485,14.219595082555069,12.142387175295491,25.26607926480656,11.392808710840212,9.473725907600098,10.4976988851096,0.0,12.357333632527084,12.74714057382212,1.8585837112622832,0.615558232552281,3.619125566893424,8.313179563492062,0.8784012818090198,5.029645219198791,0.3157894736842105,24,3,5,2,0,2,0,1,0,1,0,0,4,2,5,0,5,0,0,0,0,0,4.197180800926307,3,1.4936999999999996,91.53520000000005,0,0,0,0,0,0,0,1,0,0,1,1,0,0,0,0,0,1,0,0,0,0,0,0,0,0,4,0,0,0,0,0,0,0,1,0,3,0,0,0,0,2,0,0,0,0,0,0,0,0,0,1,0,0,0,2,0,0,0,0,0,0,0,0,0,1,1,0,0,0,0,0,0,0,1,0,0,0,0,0,0,0,0,0,0,3.624935884221938,0.232947093716799,0.3278620797573132,0.4027668573055569,0.8225171939585173,1562.956965560021,3186.674360211209,0.021739130434782608,0.3455741581848538,-0.5038190673747815,3.6400034411310664,0.228772064256487,0.3163675733757915,0.4060154716107352,0.8093297463777492,1596.2561023784515,3175.7929582616043,0.021739130434782605,0.3455741581848539,-0.5038190673747815,3.6299752338497853,0.2263533295409156,0.3182868241322103,0.4097702556161714,0.8076488294145185,1600.9532539077065,3146.6949415885147,0.021739130434782608,0.3455741581848539,-0.5038190673747815
OCC[NH2+][C@H]1c2c(C)cccc2[C@@H]2[C@]31CC(=C)[C@@](O)(C3)CC2,497.0,High,110.0,2-16,Table2,small_data_set/smiles_review/table2_fixed_review.csv,10.96075892857143,10.96075892857143,0.0909722222222222,-0.6550076766817838,0.7419384143795807,38.95454545454545,300.4220000000001,274.214,300.19580549209,118,0,0.1188230915048209,-0.3905173718963288,0.3905173718963288,0.1188230915048209,1.4090909090909092,2.227272727272727,3.0,16.285119602087185,9.650891989734758,2.6553975293467005,-2.4062010364429742,2.691711144551431,-2.8806314832431696,5.492011413247024,-0.7099850007023022,2.8561326703903447,1.8616804034337389,640.3223960431224,15.535169427003234,13.308276274443507,13.308276274443507,10.51662107137598,8.459702295823064,8.459702295823064,7.61658373080489,7.61658373080489,6.557897445387786,6.557897445387786,5.691055011294581,5.691055011294581,-1.16,146759.52113533748,14.43339669384262,4.668152360790418,1.674508779204438,131.606883801881,15.529843393687743,6.041840829147961,0.0,0.0,0.0,0.0,0.0,0.0,0.0,0.0,24.77803688898333,55.22493725101933,10.978441961093775,18.75268918140918,15.529843393687743,0.0,0.0,0.0,5.41499046939678,50.16782137768772,13.151638370425491,47.04149589414358,0.0,0.0,5.316788604006331,0.0,0.0,0.0,28.96574397109059,0.0,12.338727669087405,54.33338784210439,30.3511414190526,0.0,0.0,0.0,57.07000000000001,5.601050810983688,10.213054789681411,0.0,12.021872433909698,11.959746875309351,37.80114742768588,16.690354475090988,0.0,0.0,37.01856269268028,0.0,0.0,0.0,0.0,22.57399687421265,4.755607402683296,0.5295072751322749,6.988969277525825,3.6596104969765686,7.325642006802722,0.0,0.5789473684210527,22,4,3,3,0,3,0,1,0,1,0,2,2,3,3,0,3,2,0,2,1,0,3.0626043113902743,4,1.5503199999999993,85.53000000000004,0,2,1,0,0,0,0,0,0,0,0,0,0,0,0,0,0,1,0,0,0,0,0,0,0,0,0,0,0,0,1,0,0,0,1,0,3,0,0,0,0,0,0,0,0,0,0,0,0,0,0,0,0,0,0,0,0,0,0,0,0,0,0,0,0,0,0,0,0,0,0,0,0,0,1,0,0,0,0,0,0,0,0,0,0,3.2662498778738174,0.1789466502315063,0.29723254969086177,0.4919645979609784,0.6492210991692324,1474.0879226411073,1942.4386883700756,0.020833333333333346,0.34641837388919555,-0.3905173718963287,3.2650136110417995,0.18143089670639925,0.29104789881444654,0.48880748784644074,0.6488148977192758,1465.895553251348,1942.914154971791,0.020833333333333346,0.3464183738891956,-0.39051737189632874,3.2812658058418225,0.18386559621569545,0.28191082965322667,0.4877362737410228,0.6432784468945962,1481.061141880808,1952.702657954209,0.020833333333333346,0.34641837388919555,-0.3905173718963286
Oc1c(O)cccc1C[NH2+][C@H]1c2c(C)cccc2[C@@H]2[C@]31CC(=C)[C@@](O)(C3)CC2,493.0,Low,163.0,2-17,Table2,small_data_set/smiles_review/table2_fixed_review.csv,11.17742660491398,11.17742660491398,0.0228432067271351,-0.7304647213823801,0.4894043006117045,33.0,378.49200000000025,350.26800000000014,378.20637017608993,146,0,0.1658928510678628,-0.5042500855646936,0.5042500855646936,0.1658928510678628,1.1785714285714286,1.9642857142857144,2.7857142857142856,16.30388739560315,9.650626716176754,2.656235523537303,-2.406920149263903,2.6926116239410307,-2.858388918222206,5.496558175916667,-0.7237930346992006,3.034326001861713,1.5702134514981223,983.8107088831856,19.681433796945203,16.280433896325796,16.280433896325796,13.35562636662694,10.18825845175575,10.18825845175575,9.093294983377168,9.093294983377168,7.698183153464324,7.698183153464324,6.437168851790308,6.437168851790308,-2.2999999999999994,3142129.5360558564,17.77518507181807,5.849728674489499,2.2483560365190205,165.09326964574444,20.63637078852845,12.586597235060536,11.49902366656781,0.0,0.0,0.0,0.0,0.0,0.0,0.0,30.84440395744494,67.35767138794253,10.978441961093775,11.164502302680685,20.63637078852845,0.0,0.0,0.0,5.41499046939678,56.71257778360028,0.0,70.80404859122541,0.0,11.49902366656781,5.316788604006331,0.0,11.49902366656781,0.0,20.920632995505805,6.544756405912575,12.338727669087405,59.89683933380138,48.55024262443742,0.0,0.0,0.0,77.3,5.601050810983688,15.319582184522115,0.0,22.95585496511255,12.462662452073968,36.81984251347031,22.7567215435526,6.06636706846161,6.06636706846161,37.01856269268028,0.0,0.0,0.0,0.0,33.56103863406015,5.084536853321577,0.3323713335642906,11.931070198306852,3.4163391193509343,7.00797719472954,0.0,0.4166666666666667,28,5,4,3,0,3,0,2,0,2,0,2,3,4,4,0,3,2,0,2,1,0,3.713571778891851,5,3.169420000000001,107.05280000000003,0,1,0,0,0,0,0,2,0,0,0,0,0,0,0,0,0,1,0,0,0,0,0,0,0,0,0,0,0,0,1,0,0,0,2,0,3,0,0,0,0,0,0,0,0,0,0,0,0,0,0,0,0,0,0,0,0,0,0,0,0,0,0,0,1,2,2,0,0,0,0,0,0,0,1,0,0,0,0,0,0,0,0,0,0,3.830804191913444,0.24092002403157614,0.2619594449680828,0.4008519134049101,0.7281094591225393,2085.3084840411643,3803.6608641392672,0.017857142857142846,0.3466423949107552,-0.5042500855646936,3.860085736529896,0.25214315070214444,0.25388755439279276,0.3891735248612538,0.7354713536143935,2059.385455691416,3908.5472798331243,0.017857142857142846,0.3466423949107552,-0.5042500855646936,3.8533821504395247,0.25276974869008223,0.23899340351283013,0.39010959675973383,0.7237841968528415,2068.011473593064,3852.068470222865,0.01785714285714285,0.3466423949107552,-0.5042500855646936
O(C)c1cc2c([C@@H]3SC(=O)N4[C@H]3C[C@@H]([C@@H](C=C)C[NH2+]C)CC4)ccnc2cc1,390.0,High,24.0,2-18,Table2,small_data_set/smiles_review/table2_fixed_review.csv,12.745465718694886,12.745465718694886,0.1286829176114887,0.1286829176114887,0.7592736679161689,25.571428571428573,398.5520000000002,370.32800000000015,398.1896745560901,148,0,0.2821073180803612,-0.4967429476384734,0.4967429476384734,0.2821073180803612,1.4642857142857142,2.321428571428572,3.071428571428572,32.1667301411825,9.790883299564982,2.458872957377157,-2.382629751319086,2.497908493777396,-2.81112931213151,8.136722457425389,-0.6321685910744674,3.064319346960541,1.6891432475775303,887.2109516722019,19.67299762850792,16.50555892941013,17.322055510337858,13.655728303040547,9.96171961377464,10.841372425029537,7.676324267935448,8.769135168204107,6.202210068029911,7.460387069437657,4.729154789869818,6.056079863045909,-2.05,3624902.863974156,19.27442034238056,8.132379840919647,3.395654361049852,170.08357098881916,14.953561288656855,5.749511833283905,0.0,0.0,5.239211713172287,0.0,9.77851570501903,0.0,0.0,6.578935683598497,17.837905056224997,48.58846905755685,30.0875710672998,31.46886467746574,14.8481887418782,27.90402159464445,0.0,9.883888251797686,11.835812092322788,24.13342210498216,27.24698233577988,48.68071912758889,0.0,5.749511833283905,10.05365155780638,4.794537184071822,5.749511833283905,11.761884949391115,48.41192312989781,0.0,11.835812092322788,23.65503276753119,43.11726763589189,0.0,10.902924932081056,0.0,59.04,0.0,4.794537184071822,0.0,16.53099057230242,11.835812092322788,42.58359282304213,17.325336441088112,7.109797541277533,24.395944776997904,40.9696716973752,4.736862953800049,5.431171645865841,1.4717875776853948,19.34858494130996,3.646955950845291,2.133626430638065,1.883354118774844,8.275862309621328,6.050957558171213,5.967454867502772,3.790244599585294,0.4545454545454545,28,2,5,0,2,2,1,1,1,2,0,0,4,1,6,3,6,0,2,2,0,0,5.59810383706383,4,3.2273000000000023,113.64440000000003,0,0,0,0,0,1,0,0,0,0,1,1,0,0,0,2,0,1,0,0,0,0,0,0,0,0,0,1,0,0,0,0,0,0,1,0,2,0,0,0,0,1,0,0,0,0,0,0,0,0,0,0,0,0,0,1,0,0,0,0,0,0,0,0,0,0,0,0,0,1,0,0,0,1,1,1,0,0,0,0,0,0,0,0,0,3.888732607618996,0.16484157238219488,0.3973217780440124,0.5107054232176339,0.7699840993439016,2658.394676633248,4112.246624028705,0.017857142857142856,0.34559066176307385,-0.4967429476384735,3.8540999247166217,0.1418440725683034,0.4201993449601903,0.5315701489046359,0.7638795903894354,2721.952911784176,3955.705410623625,0.017857142857142856,0.34559066176307385,-0.4967429476384735,3.8372375478122067,0.14101751424729655,0.4157846384562084,0.5350810017308449,0.7488686360377791,2724.2179245908183,3863.4259032021578,0.017857142857142856,0.34559066176307385,-0.4967429476384735
O=C(CC[C@H]1[C@@H](C=C)C[NH2+]CC1)c1c2c(ncc1)ccc(OC)c2,201.0,Low,6.0,2-19,Table2,small_data_set/smiles_review/table2_fixed_review.csv,12.793703703703702,12.793703703703702,0.1879799697656843,0.1879799697656843,0.6559364351279914,20.70833333333333,325.432,300.232,325.19105446009,126,0,0.1631243236171556,-0.4967427343876687,0.4967427343876687,0.1631243236171556,1.4583333333333333,2.333333333333333,3.125,16.46530442825961,9.820715980754487,2.253952710482199,-2.2694871709952924,2.2663918653941444,-2.8755986814576104,6.069511100215993,-0.669698000694007,2.648404229861065,1.769552963871857,741.4963101674582,16.94094682093905,14.202503286253606,14.202503286253606,11.72387665046241,8.628054408108717,8.628054408108717,6.464807623487736,6.464807623487736,5.079974626377956,5.079974626377956,3.6424659093195295,3.6424659093195295,-2.2,385223.6372544413,16.65057552432738,7.579595478881619,3.4867825255102045,142.47657421798655,10.05365155780638,5.749511833283905,5.783244946364939,0.0,0.0,0.0,9.77851570501903,0.0,0.0,6.578935683598497,6.076020106833881,36.60419594293384,35.906068569788275,25.716011070718945,14.848188741878202,16.686169878445995,0.0,4.9839785209472085,11.835812092322788,19.26246486877803,20.19931035310268,48.68071912758889,0.0,5.749511833283905,10.05365155780638,0.0,5.749511833283905,0.0,30.96653382041483,0.0,11.835812092322788,29.620453544546844,43.11726763589189,0.0,10.902924932081056,0.0,55.8,0.0,4.794537184071822,0.0,5.783244946364939,18.2566337152488,48.14704431473913,0.0,13.30664111289061,24.26546827384644,22.95572291538592,4.736862953800049,5.287157220351665,0.0,17.143495261919682,3.2147584777202383,1.5780642951625097,2.020391864428661,7.4939253170403965,6.429579141063629,6.199148811468991,1.633479610844225,0.4,24,2,4,0,1,1,0,1,1,2,0,0,3,1,4,2,6,0,1,1,0,0,5.258526123540364,3,2.591800000000001,95.31290000000006,0,0,0,0,0,1,0,0,0,0,1,1,0,0,0,1,0,1,0,0,0,0,0,0,0,0,0,0,0,0,0,0,0,0,1,0,1,0,0,0,0,1,0,0,0,0,0,0,0,0,0,1,1,0,0,1,0,0,0,0,0,0,0,0,0,0,0,0,0,1,0,0,0,1,1,0,0,0,0,0,0,0,0,0,0,4.0199074279090805,0.410490392110877,0.1841821067849322,0.26457836051812245,0.8275813478473467,1315.4612952568816,4182.633870060194,0.02040816326530613,0.3458245045087132,-0.4967427343876686,4.039870222648861,0.4014548083481797,0.19068498005124854,0.2698239496662559,0.8324998379430398,1352.0688813674967,4223.673681402025,0.02040816326530613,0.3458245045087132,-0.4967427343876686,4.049227786288697,0.4212649362720239,0.17398088067346285,0.25806068116796976,0.8300132654853172,1301.9593316014564,4266.030078421202,0.02040816326530613,0.3458245045087132,-0.4967427343876686
Brc1ccc(S(=O)(=O)O[C@H]2[C@H]3OC[C@H]([NH2+]C)[C@H]3OC2)cc1,176.0,Low,7.0,2-20,Table2,small_data_set/smiles_review/table2_fixed_review.csv,12.282627393550012,12.282627393550012,0.1110020366171162,-3.814360000944822,0.7386946540670587,32.285714285714285,379.2520000000001,362.11600000000016,378.00053216409,116,0,0.2969162018797622,-0.3662167841221633,0.3662167841221633,0.2969162018797622,1.1904761904761905,1.8571428571428568,2.523809523809524,79.91873114939357,10.091790763460114,2.508461929277419,-2.1568687024301125,2.2954122863087014,-2.888118217375842,9.102996978096918,-0.6669442044809522,3.016817873945515,1.733122585146354,605.4925639439907,15.035169427003234,11.437820200872135,13.840313320914566,10.009168480202892,6.726110820609323,8.927357380630538,5.1358068752109896,7.623585304987451,3.827027547963045,5.705762616894499,2.6816151875471674,4.016971549362794,-0.5100000000000001,82697.01156059446,15.388161151015982,5.940942736947631,3.01208099981403,131.56678334882943,14.790514511606428,30.96062195690579,0.0,0.0,10.118126859033554,0.0,4.183085432649707,0.0,8.417796984328938,0.0,15.929943897949348,24.26546827384644,4.472719515832414,18.550037422707884,27.391396928585078,26.048070756982906,0.0,0.0,0.0,29.24922346791065,20.261435911703025,28.73818778967885,0.0,0.0,5.316788604006331,0.0,0.0,15.929943897949348,53.03297288842482,23.77493819928336,0.0,0.0,33.63367126519663,0.0,0.0,0.0,78.44000000000001,16.222093246781856,8.417796984328938,0.0,29.752139044675257,6.606881964512918,4.472719515832414,12.13273413692322,12.13273413692322,12.36446058668352,15.929943897949348,13.656811340249806,41.98237553830582,3.2726424137370307,0.1303249664063159,2.024076627437017,0.0,0.0,6.533140996909935,-1.0230204002897465,0.7772381573152677,-1.863444966488312,0.5384615384615384,21,2,6,0,2,2,0,1,0,1,0,0,5,1,8,2,4,0,2,2,0,0,4.353342105957528,3,-0.1175999999999994,77.31820000000003,0,0,0,0,0,0,0,0,0,0,0,0,0,0,0,0,0,1,0,1,0,0,0,0,0,0,0,0,0,0,0,0,0,0,1,0,1,0,0,0,0,2,0,0,1,0,0,0,0,0,0,0,0,0,0,0,0,0,0,0,0,0,0,0,0,0,0,0,0,0,0,0,0,0,1,0,0,0,0,0,0,0,0,0,0,4.271266696147509,0.6491239196130135,0.20496397461949006,0.137143637384659,0.9323690387960448,903.727664229765,6250.350036220111,0.026315789473684213,0.34595496956640953,-0.3662167841221635,4.299420055554751,0.6739900591567515,0.20077404800901325,0.1260691086946483,0.9398797064401799,845.5926267570902,6390.387923876582,0.026315789473684213,0.34595496956640953,-0.3662167841221635,4.320574663820997,0.6839382266467889,0.19176840171450196,0.12133198366503477,0.9422206822676298,825.4611502784371,6474.0478035875885,0.026315789473684213,0.34595496956640953,-0.3662167841221635
O=C(NC1CC1)[C@H]1[C@@H]2[C@@]3(C)[C@@H](O)[C@H](OC3=O)[C@H]3O[C@@]23[C@H]2[C@@]31CC(=O)[C@](C[NH2+]C(C)(C)C)(C3)CC2,175.0,Low,65.0,2-21,Table2,small_data_set/smiles_review/table2_fixed_review.csv,13.98814562862182,13.98814562862182,0.0118334475535955,-1.1933069964096743,0.3922467705498276,54.26470588235294,473.5900000000004,436.29400000000027,473.26461332409,186,0,0.3149808161140537,-0.4561594469092384,0.4561594469092384,0.3149808161140537,1.2352941176470589,1.9705882352941175,2.647058823529412,16.661883511910037,9.58499136044656,2.917648806685431,-2.4329962047482163,2.812907681136391,-2.961967418005649,5.927759193435249,-0.7246577097929281,3.643476853899616,1.350547824167787,1019.2512491041664,24.05167728494828,20.55700466964211,20.55700466964211,15.889918969772834,13.141288988061074,13.141288988061074,13.883420265913845,13.883420265913845,10.920605189333235,10.920605189333235,9.271780174712609,9.271780174712609,-1.51,72188206.90631309,21.74699278714577,6.06237624258363,2.3382412368807284,199.4276006915973,25.213830510453462,29.00721900224201,6.103966387748303,5.907179729351506,0.0,5.969305287951849,14.383611552215466,0.0,0.0,0.0,0.0,71.13195342895072,18.380568498235363,23.41657817385409,34.2806534586626,17.659729963668294,0.0,5.316788604006331,33.99868954667452,101.71359459207844,6.544756405912575,0.0,0.0,0.0,10.633577208012662,0.0,0.0,0.0,64.80472982018146,23.85733745981556,33.99868954667452,66.21987853631856,0.0,0.0,0.0,0.0,121.84,51.85907237494526,19.49013894705617,0.0,35.293063191157444,12.84164324585202,32.22804289761662,0.0,6.923737199690624,0.0,31.404788807084536,9.473725907600098,12.13246200245862,0.0,40.98482276023739,16.70571576519854,-2.789331046021611,-1.172776750749785,0.1797155366712544,2.5642204811982965,8.978504584340623,0.0,0.8846153846153846,34,4,8,5,2,7,1,0,0,0,0,4,6,3,8,2,4,5,2,7,2,0,3.877601541777356,7,0.0624000000000031,118.11890000000008,0,1,1,0,0,0,0,0,0,0,3,3,0,0,0,0,1,1,0,0,0,0,0,0,0,0,0,1,0,0,0,0,0,0,0,0,5,0,0,1,1,2,0,0,0,0,0,0,0,0,0,1,1,0,0,0,0,0,0,0,0,0,0,0,0,0,0,0,0,0,0,0,0,0,1,0,0,0,0,0,0,0,0,0,0,4.176613262809245,0.27442083769001707,0.24257433493772732,0.36117303174181015,0.8159758311353223,2739.610121835338,6194.0008264179305,0.014084507042253518,0.3462791481692911,-0.4561594469092383,4.1895990258693425,0.27832041186709583,0.23556938389884519,0.35770785339781525,0.8155166242611814,2735.338830181935,6240.282340782148,0.014084507042253518,0.3462791481692911,-0.4561594469092383,4.199068403216321,0.2826232623573347,0.2283994504464998,0.35435661941161084,0.8158101611490031,2725.202720566201,6280.245591607871,0.014084507042253518,0.3462791481692911,-0.4561594469092383
O(C)c1c(O)c2c(C(=O)[C@@H]3NCC[C@]42[C@@H]3C=C(OC)C(=O)C4)cc1,154.0,Low,89.0,2-22,Table2,small_data_set/smiles_review/table2_fixed_review.csv,12.937719198790628,12.937719198790628,0.0316973733938015,-0.6003009259259258,0.8510817909093902,31.0,329.3520000000001,310.20000000000005,329.126322708,126,0,0.1974310962218223,-0.5040335016912141,0.5040335016912141,0.1974310962218223,1.25,2.0416666666666665,2.75,16.476518090311785,9.53305463632872,2.575627741524561,-2.524139851878062,2.556799431634101,-2.6203323106112406,6.064908161200025,-0.1213516011658987,2.5788165539876564,2.020428822727799,783.8589534540995,17.06011345338556,13.588278446863184,13.588278446863184,11.530041077362386,8.002864329547403,8.002864329547403,6.601953280929116,6.601953280929116,5.640870625260381,5.640870625260381,4.58637895672675,4.58637895672675,-2.34,350107.8718190262,15.203127655333953,5.076821856175882,1.7435162972257985,138.99784259438965,19.897041906447136,0.0,28.824678430953863,0.0,0.0,0.0,9.589074368143644,0.0,0.0,0.0,0.0,31.174332272595684,28.88062112187817,20.26143591170303,24.169327670584448,11.566489892729878,0.0,5.316788604006331,5.917906046161393,24.29847454439676,20.764351488467643,35.09482209880727,0.0,11.49902366656781,10.05365155780638,0.0,11.49902366656781,0.0,43.47920960518619,14.94639060726865,5.917906046161393,28.763083413317837,23.96791911541328,0.0,0.0,0.0,84.86000000000001,11.45683129854474,14.69560176298435,0.0,29.654729395101185,35.60115771717266,0.0,14.219595082555069,18.208754243757102,0.0,5.316788604006331,9.473725907600098,10.425537840136055,0.0,25.45837640148652,14.015264786470146,0.4257823129251712,0.192136610817168,2.880479261148903,2.6322940287226,0.617491969009826,2.935970122616948,0.4444444444444444,24,2,6,2,1,3,0,1,0,1,0,2,6,2,6,1,2,0,1,1,0,0,3.2159821151179755,4,1.3160999999999996,85.28100000000003,0,0,0,0,0,0,0,1,0,0,2,2,0,0,0,0,1,0,0,0,0,0,0,0,0,0,1,0,0,0,0,0,0,0,1,0,1,0,0,0,0,2,0,0,0,0,0,0,0,0,0,2,2,0,0,2,0,0,0,0,0,0,0,0,0,1,1,0,0,1,0,0,0,0,0,0,0,0,0,0,0,0,0,0,0,3.1453604397425683,0.05907630121542114,0.53185537596698,0.6606093163146226,0.7938687991796082,1754.0614952473516,2107.5727000106967,-2.9046532621007004e-18,0.2933045117800796,-0.5040335016912141,3.143556614071381,0.0592823980265064,0.5287524650503351,0.6616269729870585,0.7878401611039045,1758.3420704559087,2093.4285813324777,-2.9046532621007e-18,0.2933045117800796,-0.5040335016912143,3.143982991372631,0.05922366599886962,0.5306149322290528,0.6611417034022021,0.7894946959481918,1756.6811786862052,2097.3797796595136,-2.9046532621007004e-18,0.2933045117800796,-0.5040335016912141
O=C1[C@]2(CO)C[C@]3([C@@H]([NH2+]CCO)c4c(C)cccc4[C@H]3CC2)C1,118.0,Low,3.0,2-23,Table2,small_data_set/smiles_review/table2_fixed_review.csv,12.778264282564876,12.778264282564876,0.0115568310657594,-0.5022298989040059,0.769490398902596,37.78260869565217,316.4210000000001,290.213,316.19072011209,124,0,0.1416867499650654,-0.3953347597828984,0.3953347597828984,0.1416867499650654,1.3478260869565215,2.1739130434782608,2.9130434782608696,16.25516394138872,9.620778375622471,2.6766679721937527,-2.4130203046331333,2.6930224100947924,-2.880457259569493,5.890999379138409,-0.7099456118639788,2.946162609616464,1.849859452969053,658.0148523866545,16.242276208189782,13.71652456490737,13.71652456490737,11.077281243155802,8.756447409321854,8.756447409321854,7.843066088834857,7.843066088834857,6.852038791145807,6.852038791145807,5.898076750089558,5.898076750089558,-1.23,264918.9418567124,15.306623818418917,5.132614578710663,1.857209020929536,136.45800893410905,15.529843393687743,11.8250857755129,0.0,0.0,0.0,0.0,4.794537184071822,0.0,0.0,0.0,18.19910120538483,43.23101109802404,17.399263584019785,25.17351080433519,20.324380577759563,5.783244946364939,0.0,0.0,10.82998093879356,44.56677056670402,19.75852033493841,34.88945568047582,0.0,0.0,5.316788604006331,0.0,0.0,0.0,35.75482007098476,4.794537184071822,17.75371813848418,54.33338784210439,18.19910120538483,0.0,0.0,0.0,74.14,5.41499046939678,15.007591973753234,0.0,30.45384017393552,18.883484074999977,19.26246486877803,16.690354475090988,0.0,0.0,30.439627009081786,0.0,0.0,0.0,12.778264282564876,21.46976532974301,3.512614205404385,0.6794680650037794,6.743903297430083,3.195166052532124,2.9541521006550777,0.0,0.631578947368421,23,4,4,3,0,3,0,1,0,1,0,2,3,3,4,0,4,2,0,2,1,0,3.4157826330981216,4,0.8108200000000001,85.96600000000005,0,2,2,0,0,0,0,0,0,0,1,1,0,0,0,0,0,1,0,0,0,0,0,0,0,0,0,0,0,0,1,0,0,0,1,0,3,0,0,0,0,0,0,0,0,0,0,0,0,0,0,1,1,0,0,0,0,0,0,0,0,0,0,0,0,0,0,0,0,0,0,0,0,0,1,0,0,0,0,0,0,0,0,0,0,3.348001435445625,0.19259770539421214,0.27696120699764976,0.459096030704367,0.7002303054771468,1509.4959472291928,2297.681496075422,0.02040816326530613,0.3464183769070479,-0.3953347597828984,3.3516676671030377,0.19842215213501593,0.27767338371891065,0.4515488877240115,0.7075815264376845,1487.2216108827774,2328.3732136683498,0.02040816326530613,0.3464183769070479,-0.39533475978289834,3.3788327647250145,0.19887219597309064,0.2760616678978614,0.44956563269535416,0.709451836247228,1504.757765736346,2372.618688446498,0.02040816326530613,0.3464183769070479,-0.39533475978289834
O=C(NC1CC1)[C@H]1[C@@H]2[C@@]3(C)[C@@H](O)[C@H](OC3=O)[C@H]3O[C@@]23[C@H]2[C@@]31CC(=O)[C@](C[NH2+]C1CC1)(C3)CC2,113.0,Low,0.0,2-24,Table2,small_data_set/smiles_review/table2_fixed_review.csv,13.947116822037456,13.947116822037456,0.039932865121357,-1.1768358029940371,0.3754142355677534,57.27272727272727,457.5470000000004,424.2830000000002,457.23331319609,178,0,0.3149808161140537,-0.4561594469092384,0.4561594469092384,0.3149808161140537,1.2121212121212122,2.0,2.727272727272727,16.661881662828037,9.58502874113904,2.9176582536479088,-2.4289096584510363,2.812937880033145,-2.886978618108929,5.927748133745256,-0.6773001153242328,3.651300848616377,1.2629669036444655,1008.8561844021164,22.543241116510995,19.04856850120483,19.04856850120483,15.76111045057115,13.00244376772732,13.00244376772732,12.886402901868465,12.886402901868465,11.279363612480712,11.279363612480712,9.494411556951992,9.494411556951992,-1.51,90694150.5966634,19.760215981976398,5.652657045956046,2.102630231802755,192.05682742367145,25.213830510453462,29.00721900224201,6.103966387748303,5.907179729351506,0.0,5.969305287951849,14.383611552215466,0.0,0.0,0.0,0.0,50.36074182987885,31.22221174408738,23.91949375061871,34.2806534586626,17.659729963668294,0.0,5.316788604006331,33.99868954667452,94.28694181562322,6.544756405912575,0.0,0.0,0.0,10.633577208012662,0.0,0.0,0.0,65.30764539694609,23.85733745981556,33.99868954667452,58.29031018309871,0.0,0.0,0.0,0.0,121.84,46.44408190554848,19.49013894705617,0.0,29.385883461805943,18.24590739843891,38.64886452054263,12.84164324585202,6.923737199690624,0.0,10.633577208012662,9.473725907600098,12.122272268417875,0.0,40.83138000276506,16.778442697824463,-2.66619930765516,-1.0457722534733724,0.8416117770633912,5.212635934258409,2.592295547466002,0.0,0.88,33,4,8,6,2,8,1,0,0,0,0,4,6,3,8,2,5,6,2,8,2,0,3.384779518185822,8,-0.5736999999999968,111.38790000000006,0,1,1,0,0,0,0,0,0,0,3,3,0,0,0,0,1,1,0,0,0,0,0,0,0,0,0,1,0,0,0,0,0,0,0,0,5,0,0,1,1,2,0,0,0,0,0,0,0,0,0,1,1,0,0,0,0,0,0,0,0,0,0,0,0,0,0,0,0,0,0,0,0,0,1,0,0,0,0,0,0,0,0,0,0,4.054631021507585,0.25149275968138,0.2450386271468056,0.382522844004729,0.7996565038679788,2631.997039684918,5518.106348248326,0.015151515151515148,0.34606869621293096,-0.4561594469092383,4.041753378312387,0.24732198065404418,0.2505491034482884,0.386195693522313,0.8000636067480474,2637.2495289080944,5474.041006615608,0.01515151515151515,0.34606869621293096,-0.4561594469092384,4.031559849565746,0.23962401933066488,0.24561894248500887,0.39428465846385186,0.7923093321651302,2676.7817085727793,5394.415210968929,0.01515151515151515,0.34606869621293096,-0.4561594469092384
O=C1[C@]2(C)C[C@]3([C@@H]([NH2+]CCO)c4c(C)cccc4[C@H]3CC2)C1,98.0,Low,30.0,2-25,Table2,small_data_set/smiles_review/table2_fixed_review.csv,12.707014282564876,12.707014282564876,0.0909722222222224,-0.099452121126228,0.8947420428704143,38.95454545454545,300.42200000000014,274.214,300.19580549209,118,0,0.139112862917801,-0.3905173718963062,0.3905173718963062,0.139112862917801,1.4090909090909092,2.227272727272727,3.0,16.25107869794737,9.624685890592607,2.664212606489352,-2.406779816333149,2.692904452410904,-2.880327943748066,5.885341520892341,-0.7099257629225387,2.8561326703903447,1.8616804034337384,640.3223960431222,15.535169427003234,13.562204188220864,13.562204188220864,10.51662107137598,8.586666252711742,8.586666252711742,7.96528229171635,7.96528229171635,6.756045036155519,6.756045036155519,5.839503621107929,5.839503621107929,-1.19,146759.52113533748,14.40529778745038,4.65344709899197,1.6678962400608666,131.663775181913,10.423315998847038,11.8250857755129,0.0,0.0,0.0,0.0,4.794537184071822,0.0,0.0,0.0,25.12283840507545,43.23101109802404,22.814254053416565,13.151638370425491,15.21785318291886,5.783244946364939,0.0,0.0,10.82998093879356,51.49050776639464,13.151638370425491,34.88945568047582,0.0,0.0,5.316788604006331,0.0,0.0,0.0,24.041410711631137,4.794537184071822,17.75371813848418,61.25712504179501,18.19910120538483,0.0,0.0,0.0,53.91,0.0,9.901064578912528,0.0,17.436862903306476,17.742991821674295,32.22804289761662,16.690354475090988,0.0,0.0,37.36336420877241,0.0,0.0,0.0,12.707014282564876,11.61323794564122,4.280739205404386,1.0043754724111866,6.988969277525825,3.9440549414210126,5.294942208364828,0.0,0.631578947368421,22,3,3,3,0,3,0,1,0,1,0,2,2,2,3,0,3,2,0,2,1,0,3.0470132363239286,4,1.83842,84.55420000000005,0,1,1,0,0,0,0,0,0,0,1,1,0,0,0,0,0,1,0,0,0,0,0,0,0,0,0,0,0,0,1,0,0,0,1,0,3,0,0,0,0,0,0,0,0,0,0,0,0,0,0,1,1,0,0,0,0,0,0,0,0,0,0,0,0,0,0,0,0,0,0,0,0,0,1,0,0,0,0,0,0,0,0,0,0,3.274555624922861,0.18661776913501663,0.2790828727242229,0.4744812940018991,0.6727265305381178,1425.0497693179207,2016.3566729462498,0.020833333333333343,0.34641837686601584,-0.3905173718963063,3.2662708189599274,0.18628022192475477,0.2801808447580195,0.4753160698081667,0.6723315375291322,1421.0972422603336,2003.3610578886685,0.020833333333333343,0.3464183768660159,-0.3905173718963063,3.2645535815863402,0.18695849187887584,0.2668673695840335,0.4776919682011876,0.658521668729322,1433.1359149612865,1972.2556035477983,0.020833333333333343,0.34641837686601584,-0.3905173718963063
O=C(NC1CCC1)[C@H]1[C@@H]2[C@@]3(C)[C@@H](O)[C@H](OC3=O)C=C2[C@H]2[C@@]31CC(=O)[C@](C[NH2+]Cc1occc1)(C3)CC2,67.0,Low,3.0,2-26,Table2,small_data_set/smiles_review/table2_fixed_review.csv,14.048455290901178,14.048455290901178,0.0465368999987503,-1.1645143508888096,0.4031989989417171,44.5,495.59600000000046,460.3160000000003,495.24896326009,192,0,0.315429593396789,-0.4633736114851985,0.4633736114851985,0.315429593396789,1.2777777777777777,2.111111111111111,2.833333333333333,16.565812620278837,9.589874437765989,2.7635615765239105,-2.4359616116966256,2.7361251018827235,-2.8562832439586385,5.929913767365003,-0.6812971938761077,3.5105086375270966,1.2614306317161506,1156.7556834983998,24.871668241257183,20.70326903958409,20.70326903958409,17.283113279990634,13.569757335784878,13.569757335784878,12.513648465650096,12.513648465650096,10.87450455761601,10.87450455761601,8.914768648061537,8.914768648061537,-2.45,199220161.07520005,22.724876654397363,7.540572640934741,2.79995120763771,209.75182282478303,24.894118493706763,29.9509245971709,5.760247418874442,5.907179729351506,0.0,5.969305287951849,14.383611552215466,0.0,0.0,0.0,5.573104530069267,74.99031769656196,18.380568498235363,24.140815917109805,33.9609414419159,17.659729963668294,0.0,5.316788604006331,33.99868954667452,76.66401857072984,6.544756405912575,35.80526918833987,0.0,0.0,10.633577208012662,0.0,0.0,0.0,47.56078736906613,25.665230911928088,33.99868954667452,57.62973597904714,34.46217270651877,0.0,0.0,0.0,122.45,46.25802156396157,19.49013894705617,0.0,23.6501715510258,25.93115605767717,43.437460063573766,0.0,13.18690019532968,18.208754243757102,10.633577208012662,9.154013890853395,11.062698532800166,0.0,41.0021352342154,16.553941860041245,-1.0608866549565945,-0.2234257986664255,3.976960062790257,7.64861361510204,3.123296482007251,0.0,0.6785714285714286,36,4,8,5,1,6,1,0,1,1,0,4,6,3,8,2,6,4,1,5,1,0,4.759960643576815,7,1.2360000000000009,125.87390000000003,0,1,1,0,0,0,0,0,0,0,3,3,0,0,0,0,1,1,0,0,0,0,0,0,0,0,1,1,0,0,0,0,0,0,0,0,6,0,0,0,1,1,1,0,0,0,0,0,0,0,0,1,1,0,0,0,0,0,0,0,0,0,0,0,0,0,0,0,0,0,0,0,0,0,1,0,0,0,0,0,0,0,0,0,0,4.618480983741108,0.3490898201333825,0.20365587941773725,0.30468492667141595,0.818184740535662,3018.0008786028147,8169.990369726004,0.014084507042253521,0.34621417109880614,-0.4633736114851987,4.657747727399823,0.3562094127604927,0.19299415104253967,0.2986855626895053,0.8195976479673173,3023.149542574391,8330.62445183515,0.014084507042253521,0.34621417109880614,-0.4633736114851987,4.561666046792799,0.3263089907809358,0.21895997446581783,0.3218268517753857,0.8103213214731916,3094.624676154707,7860.050090520887,0.014084507042253521,0.34621417109880614,-0.4633736114851987
O=C(OC)[C@H](NC[C@]12C(=O)C[C@@]3([C@@H](C(=O)OC)c4c(C)cccc4[C@H]3CC1)C2)CO,54.0,Low,24.0,2-27,Table2,small_data_set/smiles_review/table2_fixed_review.csv,13.377085774124463,13.377085774124463,0.1235350529100534,-0.8695627572016462,0.6806535917230208,32.333333333333336,415.4860000000002,386.2540000000002,415.199487648,162,0,0.3247573991169863,-0.4685306216662471,0.4685306216662471,0.3247573991169863,1.3,2.066666666666667,2.7333333333333334,16.528729541924914,9.600957811009003,2.679163069486589,-2.429122909699584,2.7117144075317827,-2.4868810930210468,5.927964307859294,-0.146170248860675,3.1485947172869744,1.6977612336877057,897.6795646151883,21.6814337969452,17.695197350076313,17.695197350076313,14.330500100779858,10.459458266204845,10.459458266204845,9.054690176394066,9.054690176394066,7.743120984226239,7.743120984226239,6.422456282285404,6.422456282285404,-2.25,6446180.936595968,21.00004957366647,7.463267587113741,2.8229633896712563,175.67367829860075,19.897041906447136,11.8250857755129,0.0,0.0,0.0,11.9386105759037,14.383611552215466,0.0,0.0,0.0,18.19910120538483,48.79446258972104,23.795558967632143,26.744383093229377,28.963864854656265,17.72185552226864,0.0,5.316788604006331,10.82998093879356,50.48467661286541,27.37123345298056,34.88945568047582,0.0,0.0,5.316788604006331,0.0,0.0,0.0,56.24145719923786,23.85733745981556,17.75371813848418,54.20945305911782,18.19910120538483,0.0,0.0,0.0,101.93,35.36591506656768,19.49013894705617,0.0,24.21521268639076,19.26246486877803,17.547724606320003,19.78304657425206,0.0,19.056471336613843,11.38315567246794,9.473725907600098,9.93605060701584,0.0,38.20909951627958,12.569354674064044,2.110593438789913,-1.0266731871556911,5.246735030725381,2.393041934366339,1.889397793514406,2.6724001924001923,0.6086956521739131,30,2,7,3,0,3,0,1,0,1,0,2,7,2,7,0,6,2,0,2,1,0,5.224299643697557,4,1.6018199999999998,107.91050000000006,0,1,1,0,0,0,0,0,0,0,3,3,0,0,0,0,1,0,0,0,0,0,0,0,0,0,0,0,0,0,1,0,0,0,1,0,3,0,0,0,2,2,0,0,0,0,0,0,0,0,0,1,1,0,0,2,0,0,0,0,0,0,0,0,0,0,0,0,0,0,0,0,0,0,0,0,0,0,0,0,0,0,0,0,0,4.237876618616811,0.4318016279576547,0.23816795433048127,0.25144790302009895,0.9011443923965056,1732.3404117147263,6255.291106381392,-4.704334850106596e-19,0.3247573991169864,-0.46853062166624704,4.21254350772583,0.41870658354036133,0.2426769741680546,0.25966711126915054,0.8980863933438716,1762.885943081225,6147.788667004556,-4.704334850106596e-19,0.3247573991169864,-0.46853062166624704,4.237028654733016,0.4235416531937674,0.2589467568967201,0.25910831603019885,0.9120081250939374,1760.1560950240166,6279.965570276369,-4.704334850106596e-19,0.3247573991169864,-0.46853062166624704
O=C(OC)[C@H](NC[C@]12C(=O)C[C@@]3([C@@H](C(=O)OC)c4c(C)cccc4[C@H]3CC1)C2)C,16.0,Low,4.0,2-28,Table2,small_data_set/smiles_review/table2_fixed_review.csv,13.351256692491807,13.351256692491807,0.1936162551440323,-0.5406741307634162,0.7668505042076064,33.03448275862069,399.4870000000002,370.25500000000017,399.204573028,156,0,0.322062474715746,-0.4685306216662471,0.4685306216662471,0.322062474715746,1.2758620689655171,2.034482758620689,2.7241379310344827,16.52796550869174,9.600980900629644,2.6788112671763056,-2.4287428624782974,2.711680959979655,-2.464101434526117,5.927847809851701,-0.1461506649591494,3.1233690506280523,1.7088838481232522,880.0192117203285,20.974327015758654,17.54087697338981,17.54087697338981,13.792495298319071,10.31233247891377,10.31233247891377,9.041217969284771,9.041217969284771,7.689368970054558,7.689368970054558,6.347782046430309,6.347782046430309,-2.2099999999999995,3844117.6927509815,20.07864454673821,6.939534426900209,2.7548425828546472,170.87944454640476,14.790514511606428,11.8250857755129,0.0,0.0,0.0,11.9386105759037,14.383611552215466,0.0,0.0,0.0,18.19910120538483,55.718199789411656,23.795558967632143,20.13750112871646,23.85733745981556,17.72185552226864,0.0,5.316788604006331,10.82998093879356,57.408413812556034,20.764351488467643,34.88945568047582,0.0,0.0,5.316788604006331,0.0,0.0,0.0,44.52804783988424,23.85733745981556,17.75371813848418,61.13319025880844,18.19910120538483,0.0,0.0,0.0,81.7,22.78972781410291,14.383611552215466,0.0,23.639761568430032,19.386399651764595,23.96854622924601,19.78304657425206,6.923737199690624,19.056471336613843,11.38315567246794,9.473725907600098,10.020461764040633,0.0,38.09875597183701,3.207459451373142,2.3916862114323347,-0.6000870928414226,5.715602493229207,2.66915446271101,4.209809888333969,2.7871568498841226,0.6086956521739131,29,1,6,3,0,3,0,1,0,1,0,2,6,1,6,0,5,2,0,2,1,0,4.80470500267524,4,2.6294200000000005,106.49870000000006,0,0,0,0,0,0,0,0,0,0,3,3,0,0,0,0,1,0,0,0,0,0,0,0,0,0,0,0,0,0,1,0,0,0,1,0,3,0,0,0,2,2,0,0,0,0,0,0,0,0,0,1,1,0,0,2,0,0,0,0,0,0,0,0,0,0,0,0,0,0,0,0,0,0,0,0,0,0,0,0,0,0,0,0,0,4.133977560540149,0.39563809676055484,0.2811636739513207,0.2806985990574501,0.9078081216790177,1716.1117535510666,5686.098368171559,-1.3159971197065427e-18,0.32206247471574606,-0.46853062166624704,4.137474539517965,0.3935256721028686,0.2809924648433746,0.28168111657803296,0.908855307651597,1723.5437963357738,5698.01651447412,-1.3159971197065427e-18,0.32206247471574606,-0.46853062166624704,4.126943615097455,0.3961643708940068,0.2757650370333762,0.2793619274563132,0.9020154057949654,1710.358276229751,5646.347034965877,-1.3159971197065427e-18,0.32206247471574606,-0.46853062166624704
O(C)c1c2O[C@@H]3C(=O)C(OC)=C[C@@H]4[C@H]5N(C)CC[C@@]34c2c(cc1)C5,407.0,High,6.0,2-29,Table2,small_data_set/smiles_review/table2_fixed_review.csv,12.990791288737716,12.990791288737716,0.0387443310657595,-0.4962962962962967,0.8271213472666143,35.875,327.38000000000005,306.21200000000005,327.147058152,126,0,0.2378087501684278,-0.4931935952027922,0.4931935952027922,0.2378087501684278,1.2916666666666667,2.125,2.875,16.534317800487553,9.53063595469004,2.656087945931873,-2.5506534166796166,2.619865530323074,-2.6436771694362253,6.008624362566746,-0.131964385700201,2.941975985413712,1.8196569255680688,785.8166211990697,16.63746372257519,14.16562871605281,14.16562871605281,11.612557423565889,8.487741552734214,8.487741552734214,7.296483751142552,7.296483751142552,6.51136761719494,6.51136761719494,5.423839682394024,5.423839682394024,-2.01,571349.3882232554,14.342919057126924,4.5384038250130505,1.4304358013875011,140.7247144191195,19.110498592250625,0.0,23.362154925972288,5.783244946364939,0.0,0.0,4.794537184071822,0.0,0.0,0.0,6.06636706846161,44.13991030143427,17.523198367006348,19.634585551951847,19.005126045471968,5.783244946364939,0.0,4.899909730850478,5.917906046161393,30.402440932145065,27.812023471144837,35.09482209880727,0.0,11.49902366656781,9.473725907600098,0.0,11.49902366656781,0.0,50.640985365256505,21.36721223019466,5.917906046161393,17.54772460632,23.96791911541328,0.0,0.0,0.0,48.00000000000001,6.103966387748303,4.794537184071822,0.0,17.116141461923114,11.801005700804136,30.885423318332403,11.126902983393991,14.219595082555069,6.06636706846161,24.08996888882316,14.210588861400147,17.191408493953137,0.0,15.405194397203324,0.0,2.233722127739985,2.12646872637944,4.482315759637188,3.4429700491307638,0.972769746787604,5.395150699168557,0.5263157894736842,24,0,5,2,2,4,0,1,0,1,0,2,5,0,5,2,2,0,1,1,1,0,2.712248279613225,5,1.6833999999999998,87.41600000000005,0,0,0,0,0,0,0,0,0,0,1,1,0,0,0,1,0,0,0,1,1,0,0,0,0,0,0,0,0,0,0,0,0,0,1,0,0,0,0,0,0,3,0,0,0,0,0,0,0,0,0,1,1,0,0,2,0,0,0,0,0,0,0,0,0,0,0,0,0,1,0,0,0,0,0,0,0,0,0,0,0,0,0,0,0,3.1459926248023953,0.09954036363414734,0.46866005712727354,0.5808054555795407,0.7449652565838882,1618.7697049206142,2075.219049542542,4.3175339846533866e-18,0.23780875016842784,-0.4931935952027922,3.148576771952889,0.10049234418410989,0.45719722234784127,0.5785648054526623,0.744664320231274,1616.6983980248701,2080.361622637736,4.317533984653385e-18,0.23780875016842792,-0.4931935952027924,3.150254924380621,0.09794923902134009,0.46744167612768167,0.5834143343464481,0.7461239341924015,1627.4553134128253,2081.0574754617983,4.317533984653385e-18,0.23780875016842792,-0.49319359520279243
O(C)c1cc2c([C@@H](O)[C@H]3[N@@H+]4C[C@H](C=C)[C@H](C3)CC4)ccnc2cc1,261.0,Low,16.0,2-30,Table2,small_data_set/smiles_review/table2_fixed_review.csv,11.172688492063491,11.172688492063491,0.2608805744520026,-0.466507936507937,0.8422426734888814,30.25,325.432,300.232,325.19105446009,126,0,0.1313302526467151,-0.496742939504062,0.496742939504062,0.1313302526467151,1.4166666666666667,2.2916666666666665,3.0,16.465326529228665,9.73349193597454,2.4529201270041114,-2.4714509958273063,2.3429900953658,-3.1954984112351026,5.834501929331075,-0.9493591406862624,2.6616583780599465,1.6870853618182946,760.3873010425311,16.681433796945207,14.11171207929278,14.11171207929278,11.707039898056806,8.788117855276315,8.788117855276315,7.130975369190094,7.130975369190094,6.005655716836483,6.005655716836483,4.654760508463033,4.654760508463033,-1.91,512499.65903706464,15.60801064990268,6.187607918654215,2.5024063339993896,142.3134262032049,14.743300079491233,17.89531905018017,0.0,0.0,0.0,0.0,4.9839785209472085,0.0,0.0,6.578935683598497,6.076020106833881,35.74682581170483,30.342617078091283,25.71601107071895,14.743300079491233,10.902924932081056,0.0,4.9839785209472085,11.835812092322788,24.98745046274828,20.199310353102685,48.68071912758889,0.0,5.749511833283905,9.636772684650529,0.0,5.749511833283905,0.0,36.33165709803856,0.0,11.835812092322788,24.50906112529732,43.11726763589189,0.0,10.902924932081056,0.0,46.79,6.103966387748303,5.106527394840706,0.0,6.041840829147961,11.835812092322788,41.72622269181311,11.320731353776488,13.30664111289061,24.26546827384644,17.638934311379586,4.736862953800049,5.354780034896828,0.0,5.94779664798018,12.164973335013016,1.8762870317880245,2.071532456340357,8.075594244253153,5.761578463940927,6.248442171961846,1.6656822804923317,0.45,24,2,4,0,3,3,0,1,1,2,0,2,3,2,4,4,4,0,3,3,0,0,4.024010428824048,5,1.756099999999999,94.15050000000002,0,1,1,0,0,1,0,0,0,0,0,0,0,0,0,1,1,0,0,0,0,0,0,0,0,0,0,0,0,0,0,0,0,0,1,0,4,0,0,0,0,1,0,0,0,0,0,0,0,0,0,0,0,0,0,1,0,0,0,0,0,0,0,0,0,0,0,0,0,3,0,0,0,1,1,0,0,0,0,0,0,0,0,0,0,3.642739135440891,0.2970940942769627,0.3187672513270598,0.3485737702640102,0.8449403780911261,1354.9883477439425,3342.373369046737,0.020408163265306135,0.3479565066102532,-0.49674293950406184,3.5961653685874886,0.2755779143596944,0.31998183757679843,0.3633114164279383,0.8300640347628722,1387.8388577392825,3192.7270416446972,0.020408163265306135,0.3479565066102532,-0.49674293950406184,3.5901251013170508,0.2713514079682468,0.33689973832237563,0.3653225019729226,0.8407649659258801,1388.4527111903822,3198.11249107746,0.02040816326530613,0.3479565066102532,-0.4967429395040619
O(C)c1cc2c([C@H](O)[C@H]3[N@@H+]4C[C@H](C=C)[C@H](C3)CC4)ccnc2cc1,232.0,Low,38.0,2-31,Table2,small_data_set/smiles_review/table2_fixed_review.csv,11.172688492063491,11.172688492063491,0.2608805744520026,-0.466507936507937,0.8422426734888814,30.25,325.432,300.232,325.19105446009,126,0,0.1313302526467151,-0.496742939504062,0.496742939504062,0.1313302526467151,1.4166666666666667,2.2916666666666665,3.0,16.465326529228665,9.73349193597454,2.4529201270041114,-2.4714509958273063,2.3429900953658,-3.1954984112351026,5.834501929331075,-0.9493591406862624,2.6616583780599465,1.6870853618182946,760.3873010425311,16.681433796945207,14.11171207929278,14.11171207929278,11.707039898056806,8.788117855276315,8.788117855276315,7.130975369190094,7.130975369190094,6.005655716836483,6.005655716836483,4.654760508463033,4.654760508463033,-1.91,512499.65903706464,15.60801064990268,6.187607918654215,2.5024063339993896,142.3134262032049,14.743300079491233,17.89531905018017,0.0,0.0,0.0,0.0,4.9839785209472085,0.0,0.0,6.578935683598497,6.076020106833881,35.74682581170483,30.342617078091283,25.71601107071895,14.743300079491233,10.902924932081056,0.0,4.9839785209472085,11.835812092322788,24.98745046274828,20.199310353102685,48.68071912758889,0.0,5.749511833283905,9.636772684650529,0.0,5.749511833283905,0.0,36.33165709803856,0.0,11.835812092322788,24.50906112529732,43.11726763589189,0.0,10.902924932081056,0.0,46.79,6.103966387748303,5.106527394840706,0.0,6.041840829147961,11.835812092322788,41.72622269181311,11.320731353776488,13.30664111289061,24.26546827384644,17.638934311379586,4.736862953800049,5.354780034896828,0.0,5.94779664798018,12.164973335013016,1.8762870317880245,2.071532456340357,8.075594244253153,5.761578463940927,6.248442171961846,1.6656822804923317,0.45,24,2,4,0,3,3,0,1,1,2,0,2,3,2,4,4,4,0,3,3,0,0,4.024010428824048,5,1.756099999999999,94.15050000000002,0,1,1,0,0,1,0,0,0,0,0,0,0,0,0,1,1,0,0,0,0,0,0,0,0,0,0,0,0,0,0,0,0,0,1,0,4,0,0,0,0,1,0,0,0,0,0,0,0,0,0,0,0,0,0,1,0,0,0,0,0,0,0,0,0,0,0,0,0,3,0,0,0,1,1,0,0,0,0,0,0,0,0,0,0,3.581501705426553,0.26223710986218046,0.33920819303161476,0.37220818202774125,0.8356394904197207,1407.6163958374625,3160.7435312144876,0.02040816326530613,0.3479565066102532,-0.4967429395040619,3.574635711825348,0.2535275768710386,0.3524217808455868,0.38031125375674496,0.8354307113821003,1427.1669229880588,3136.087303714891,0.020408163265306128,0.3479565066102532,-0.49674293950406206,3.5813344057905403,0.2569171286919177,0.3545147330652475,0.3773721598889246,0.841639873982929,1419.290754959488,3167.2024700531465,0.02040816326530613,0.3479565066102532,-0.4967429395040619
O(C)c1c(O)c2c(cc1)C[C@@H]1N(C)CC[C@]32[C@@H]1C=C(OC)C(=O)C3,218.0,Low,10.0,2-32,Table2,small_data_set/smiles_review/table2_fixed_review.csv,12.612387644872763,12.612387644872763,0.0204842214663645,-0.3586342592592593,0.8994421523150168,31.791666666666668,329.3960000000001,306.21200000000005,329.162708216,128,0,0.1974304148773584,-0.5040427859948662,0.5040427859948662,0.1974304148773584,1.2916666666666667,2.083333333333333,2.7916666666666665,16.47647319248764,9.532185523676093,2.56049961171221,-2.5613448979991893,2.570925362481525,-2.598224481305732,5.9576023352834175,-0.1224283282654291,2.57035908997729,1.9709864397110852,741.127490127954,17.06011345338556,14.334350533085829,14.334350533085829,11.513204324956778,8.401278456853667,8.401278456853667,7.169550167497999,7.169550167497999,6.205120750193197,6.205120750193197,5.031532672221934,5.031532672221934,-2.01,339426.199267861,15.513778779218766,5.244875922031269,1.8759421903542708,141.41123409533785,19.480163033291284,0.0,23.041433484588925,0.0,0.0,0.0,4.794537184071822,0.0,0.0,0.0,6.06636706846161,44.13991030143427,29.359010459329134,14.219595082555069,19.374790486512627,5.783244946364939,0.0,4.899909730850478,5.917906046161393,30.71929616732277,27.812023471144837,35.09482209880727,0.0,11.49902366656781,4.736862953800049,0.0,11.49902366656781,0.0,49.64354637234892,21.36721223019466,5.917906046161393,23.96854622924601,23.96791911541328,0.0,0.0,0.0,59.00000000000001,0.0,9.901064578912528,0.0,22.865653295207014,23.97133915701405,30.51330263515859,0.0,14.219595082555069,18.208754243757102,11.947581713527669,9.473725907600098,10.648486394557825,0.0,14.980158100277148,10.85363748740237,1.6822174981103557,1.320907396909382,4.1780255574452,4.081886337868481,0.9173530801209372,5.253994813974972,0.5263157894736842,24,1,5,2,1,3,0,1,0,1,0,2,5,1,5,1,2,0,1,1,0,0,3.3903268657851733,4,2.0181,89.28180000000005,0,0,0,0,0,0,0,1,0,0,1,1,0,0,0,1,0,0,0,1,1,0,0,0,0,0,1,0,0,0,0,0,0,0,1,0,1,0,0,0,0,2,0,0,0,0,0,0,0,0,0,1,1,0,0,2,0,0,0,0,0,0,0,0,0,1,1,0,0,1,0,0,0,0,0,0,0,0,0,0,0,0,0,0,0,3.2175743759011137,0.08913753405161927,0.49837831460871357,0.6066595850009668,0.7321737683816099,1769.1112458627388,2135.1833037776905,7.086529944415892e-18,0.2933043114060204,-0.5040427859948662,3.2216084502699425,0.08911078983476563,0.5000296031979625,0.6052924145963572,0.7360038726955839,1767.806861066441,2149.341241428361,7.086529944415892e-18,0.2933043114060204,-0.504042785994866,3.2159163136437665,0.09035167718396381,0.49412438910185497,0.6045069391085137,0.7309676859300145,1763.654750313818,2132.4518827543716,7.086529944415892e-18,0.2933043114060205,-0.504042785994866
O(C)C=1C(=O)C[C@@]23[C@@H]([C@@H](N(C)CC2)C=C2C3=C(O)C(=O)C=C2)C=1,213.0,Low,38.0,2-33,Table2,small_data_set/smiles_review/table2_fixed_review.csv,12.48576766817838,12.48576766817838,0.0223148148148144,-0.5090509259259259,0.7977368612103427,36.26086956521739,313.353,294.201,313.131408088,120,0,0.2199660809874578,-0.5039017500145334,0.5039017500145334,0.2199660809874578,1.3043478260869563,2.0869565217391304,2.8260869565217392,16.472598624865956,9.528004206995895,2.564506121922462,-2.5566512760743283,2.5789163378565743,-2.571189813758472,6.058341543481745,-0.1238384778864099,2.529743230434185,1.9853243430528191,742.1205453243394,16.353006672199015,13.204594021088909,13.204594021088909,10.975199522495991,7.853236953260813,7.853236953260813,6.781316779135597,6.781316779135597,5.748619015852246,5.748619015852246,4.613247592957236,4.613247592957236,-2.14,199303.2906665268,14.452131805467632,4.677965649418091,1.7679449107724234,134.15218708171176,9.843390348640757,0.0,17.30157468967729,5.783244946364939,0.0,0.0,14.48898409899412,0.0,0.0,0.0,12.152040213667762,37.7383947552528,29.36866349770141,7.109797541277533,19.4324647167844,11.566489892729878,0.0,4.899909730850478,11.332896515558172,18.88348407499998,20.7022259298673,46.96861923078641,0.0,0.0,0.0,0.0,0.0,0.0,48.31699377743632,14.325937321943693,11.332896515558172,12.84164324585202,46.96861923078641,0.0,0.0,0.0,66.84,5.41499046939678,14.69560176298435,0.0,35.70622326262142,11.332269401725444,18.53868255890785,13.185817648111414,6.076020106833881,6.076020106833881,18.02360182036155,4.736862953800049,5.246439830561855,0.0,26.73346718316956,10.454887487402369,1.0150878684807263,-0.2262148578567218,0.1309278155706723,8.166591789493575,0.8224870086923659,3.572992541152263,0.4444444444444444,23,1,5,3,1,4,0,0,0,0,0,2,5,1,5,1,1,0,1,1,0,0,2.939416354210445,4,1.6871999999999998,83.55880000000002,0,1,1,0,0,0,0,0,0,0,2,2,0,0,0,1,0,0,0,1,1,0,0,0,0,0,5,0,0,0,0,0,0,0,0,0,1,0,0,0,0,1,0,0,0,0,0,0,0,0,0,2,1,0,0,1,0,0,0,0,0,0,0,0,0,0,0,0,0,1,0,0,0,0,0,0,0,0,0,0,0,0,0,0,0,3.0767460951962677,0.07977076981184207,0.572177054288602,0.6228811702573337,0.7472495673416,1558.5393226694187,1870.83395914528,-4.956352788505163e-18,0.29330766212539,-0.5039017500145334,3.0807918727154324,0.07710110366852563,0.5830948798418772,0.6306784958420626,0.746158247107072,1577.500163800322,1867.8352143088457,-4.956352788505163e-18,0.29330766212539,-0.5039017500145334,3.076928451088718,0.07834945199565715,0.5708841672844203,0.6288657403684467,0.7431184711351216,1572.0648865408095,1859.51272515471,-4.956352788505162e-18,0.29330766212538995,-0.5039017500145333
O(C)c1c2O[C@H]3[C@@]45[C@@H]([C@@H]([N@@H+](C)CC4)Cc(c25)cc1)CCOC(=O)NC3,209.0,Low,24.0,2-34,Table2,small_data_set/smiles_review/table2_fixed_review.csv,11.916589033761651,11.916589033761651,0.0390740740740738,-0.3360740793230869,0.7677884426103608,38.24,345.4190000000001,320.219,345.18088370009,134,0,0.4067560690090516,-0.4928574921094832,0.4928574921094832,0.4067560690090516,1.4,2.28,3.12,16.551224748409933,9.546309392588084,2.6345296565088523,-2.5250181038685326,2.58792653429151,-3.162719910055039,5.675505561678892,-0.9185192702303924,2.9583961888428583,1.7259107132199163,736.3794319348999,17.181433796945207,14.762385194922867,14.762385194922867,12.147032266176534,9.248123039787334,9.248123039787334,7.846888787508557,7.846888787508557,6.974874997700594,6.974874997700594,5.899872775061708,5.899872775061708,-1.95,934430.1450193388,15.316289919741973,5.271891731112434,1.9141725705209844,146.96417963491177,24.427287196256955,6.103966387748303,11.49902366656781,0.0,0.0,6.093240070938415,0.0,4.794537184071822,0.0,0.0,6.06636706846161,18.050640183084617,24.323000783710405,45.310695598837526,23.90503577632245,6.093240070938415,0.0,5.316788604006331,5.917906046161393,36.82326255507107,33.85386430029279,23.25963712031721,0.0,11.49902366656781,19.690424242456903,4.794537184071822,11.49902366656781,0.0,52.09291158812746,16.57267504612284,5.917906046161393,23.96854622924601,12.13273413692322,0.0,0.0,0.0,61.23,0.0,4.794537184071822,0.0,17.612196928083495,25.111385245734848,37.30624494125841,11.126902983393991,12.009707272128011,6.06636706846161,18.43082765514513,14.210588861400147,17.441099930713023,0.0,13.502538763962376,2.9078316326530613,2.70337112622827,2.173412934618292,4.792809271856891,2.6410494089611154,2.09095277462837,3.9969341563786007,0.631578947368421,25,2,6,1,3,4,1,1,0,1,0,2,4,2,6,3,1,0,2,2,1,0,3.229832887168337,5,0.2832000000000015,90.40840000000004,0,0,0,0,0,0,0,0,0,0,1,1,0,0,0,0,2,0,0,1,1,0,0,0,1,0,0,1,0,0,0,0,0,0,1,0,0,0,0,0,0,3,0,0,0,0,0,0,0,0,0,0,0,0,1,1,0,0,0,0,0,0,0,0,0,0,0,0,0,1,0,0,0,0,1,0,0,0,0,0,0,0,0,0,0,3.2140315683158582,0.12667264677756765,0.46349910113453663,0.5360423399516661,0.7422669184933864,1677.001856489779,2325.7524263075156,0.020000000000000004,0.40675606900905154,-0.49285749210948326,3.201184259707825,0.12075379092087488,0.47271908718331357,0.5466236967834569,0.7422850444968125,1687.2383781475812,2297.4729353393336,0.02,0.40675606900905154,-0.49285749210948326,3.20118381935039,0.12075351395441676,0.47271874850165585,0.5466241982810899,0.7422845478031315,1687.2395707221456,2297.470660587014,0.02,0.40675606900905154,-0.49285749210948326
O(C)c1c(O)c2c(cc1)C[C@@H]1N(C)CC[C@]32[C@@H]1C=C(OC)/C(=N/O)/C3,204.0,Low,26.0,2-35,Table2,small_data_set/smiles_review/table2_fixed_review.csv,10.935270140463594,10.935270140463594,0.1918575207860919,-0.2986342592592592,0.6359244715499449,32.6,344.41100000000006,320.21900000000005,344.173607248,134,0,0.1612982934867336,-0.5040427916258234,0.5040427916258234,0.1612982934867336,1.28,2.08,2.76,16.478553350898533,9.531052679214891,2.55721351100469,-2.565050299742098,2.572620037363104,-2.598436703724712,5.999900424828587,0.0519905304660375,2.6299610896568586,1.9802304667160973,772.9327520896012,17.76722023457211,14.82052943362188,14.82052943362188,12.051209127417565,8.620761109371715,8.620761109371715,7.293067809468034,7.293067809468034,6.342320623297366,6.342320623297366,5.135683549658402,5.135683549658402,-2.2100000000000004,589976.5412816334,16.268821771756578,5.66055218156775,2.0972181827220973,146.89330673282817,24.68741605806857,11.47084987442688,11.49902366656781,0.0,0.0,0.0,0.0,0.0,0.0,0.0,11.22207979521215,44.13991030143427,29.359010459329134,14.219595082555069,19.787506327218093,5.711685002770702,0.0,4.899909730850478,11.073618772911932,30.71929616732277,27.812023471144837,35.09482209880727,0.0,11.49902366656781,4.736862953800049,0.0,11.49902366656781,0.0,54.77923945353197,16.57267504612284,5.917906046161393,23.96854622924601,29.123631842163817,0.0,0.0,0.0,74.52000000000001,0.0,10.313780419617997,0.0,17.08240834884208,29.683024159784758,30.51330263515859,0.0,14.219595082555069,6.06636706846161,29.245681615573695,9.473725907600098,10.83012219702696,0.0,2.3869031084656083,23.9455504377677,2.3435256046863198,1.5410047136138416,4.226148510330058,4.38140093537415,0.9366274565381708,5.325383702863862,0.5263157894736842,25,2,6,2,1,3,0,1,0,1,0,2,6,2,6,1,2,0,1,1,0,0,3.683620582866145,4,2.2792000000000003,93.49630000000003,0,0,0,0,0,0,0,1,0,0,0,0,0,0,0,2,0,0,0,1,1,0,0,0,0,0,1,0,0,0,0,0,0,0,1,0,1,0,0,0,0,2,0,0,0,0,0,0,0,0,0,0,0,0,0,2,0,0,0,0,0,0,0,1,0,1,1,0,0,1,0,0,0,0,0,0,0,0,0,0,0,0,0,0,0,3.305696425558889,0.08696104168897968,0.45724307534703035,0.6390821182624168,0.6812909860864701,2073.30518995437,2209.9204536577654,0.0,0.3295750616442325,-0.5040427916258235,3.3039234207985637,0.08396223035766513,0.4762498529510059,0.639756345393513,0.6934657975791813,2061.9956028091383,2233.905026672269,0.0,0.32957506164423245,-0.5040427916258235,3.2977889660561197,0.08278614861956413,0.4827363694975617,0.6403487569298566,0.6972156364100294,2052.3339346513603,2233.4876421372246,0.0,0.3295750616442325,-0.5040427916258234
O(C)C=1C(=O)C[C@@]2(CC[NH+](C)C)c3c4OCOc4ccc3C(=O)C=C2C=1,139.0,Low,7.0,2-36,Table2,small_data_set/smiles_review/table2_fixed_review.csv,12.76416115520282,12.76416115520282,0.0599782690854115,-0.598541666666667,0.8650626242871675,23.384615384615383,356.3980000000001,334.2220000000001,356.14924922409,136,0,0.2308175399377579,-0.4930177407911823,0.4930177407911823,0.2308175399377579,1.1923076923076923,2.0,2.730769230769231,16.697131842858912,9.609662924003947,2.4925469891349885,-2.411618199536845,2.5370661264875314,-3.054677352422726,6.10855242434211,-0.8584697876930677,3.086308186852876,1.966532970884807,867.197671122698,18.474327015758657,15.179069653824012,15.179069653824012,12.458362770090387,8.735816989088454,8.735816989088454,7.287718862254008,7.287718862254008,5.417894932127026,5.417894932127026,4.101364537798007,4.101364537798007,-2.6,1084207.7208086678,16.846280991735537,5.98514784475717,2.36231259748114,151.5674067549048,19.110498592250625,0.0,28.824678430953863,6.792942306099827,0.0,0.0,9.589074368143644,0.0,0.0,0.0,0.0,29.85787888066025,29.38353669864279,27.74989791254449,28.699572960394267,11.566489892729878,0.0,0.0,0.0,18.2566337152488,34.542840218644315,46.743946735710416,0.0,11.49902366656781,14.373635638450576,0.0,11.49902366656781,0.0,46.10933011137419,14.94639060726865,0.0,28.76308341331783,35.61704375231643,0.0,0.0,0.0,66.27000000000001,5.41499046939678,9.589074368143644,0.0,24.780253821755714,22.82164002992098,24.10213405060485,12.009707272128011,24.284774350590983,0.0,14.09534396535438,14.210588861400147,16.515893172083647,0.0,26.775422204375577,0.0,1.5972231670445962,1.3778568541614191,3.5482357804232803,4.333562925170067,0.9722945011337872,5.629511395607626,0.4,26,1,6,2,1,3,0,1,0,1,0,0,5,1,6,1,4,0,0,0,0,0,3.877980091148448,4,0.8134999999999992,93.66720000000004,0,0,0,0,0,0,0,0,0,0,2,2,0,0,0,0,1,0,0,0,0,0,0,0,0,0,4,0,0,0,0,0,0,0,1,0,5,0,0,0,0,3,0,0,0,0,0,0,0,0,0,2,1,0,0,1,0,0,0,0,0,0,0,0,0,0,0,0,0,0,0,0,0,0,1,0,0,0,0,0,0,0,0,0,0,3.5196972457107716,0.12197370005512759,0.4906622304396911,0.5417858734202881,0.8880635256981125,1968.0124416597114,3221.256978772523,0.020833333333333346,0.3471475530672631,-0.49301774079118243,3.5152542767286703,0.1305887242152434,0.4603092105123791,0.5291157186932016,0.8555996625281902,1953.6057880645417,3153.8206118899725,0.020833333333333343,0.3471475530672631,-0.4930177407911824,3.508163616086273,0.12811410709883048,0.472963361758249,0.5328116530303435,0.8618206360020446,1950.818030190932,3149.3748139298846,0.020833333333333346,0.3471475530672631,-0.4930177407911825
O(C)c1c(O)c2c(cc1)C=CC=1[C@]32C[C@@](O)(N(C)CC3)C(=O)C=1,134.0,Low,65.0,2-37,Table2,small_data_set/smiles_review/table2_fixed_review.csv,12.41938460569413,12.41938460569413,0.0986130007558581,-1.5141700916477705,0.8237883201898207,32.130434782608695,313.35300000000007,294.201,313.131408088,120,0,0.2022760694174655,-0.5040271271936604,0.5040271271936604,0.2022760694174655,1.3043478260869563,2.0869565217391304,2.8260869565217392,16.47420737712058,9.578063474294412,2.5719416972124405,-2.535476867979178,2.563709226189728,-2.632765861581098,6.001561435078508,-0.1676584801016718,2.5310799845439416,2.015359504110198,781.4714189005399,16.405412915006313,13.166209056935374,13.166209056935374,10.920504622625405,7.710135981709826,7.710135981709826,6.624970299763055,6.624970299763055,5.601611966745724,5.601611966745724,4.24337640336847,4.24337640336847,-2.11,191587.5683500691,14.480238222101054,4.460367331922628,1.661936778674845,134.03737747144612,14.94991774348146,0.0,17.224009260538065,5.783244946364939,0.0,0.0,9.6944469149223,0.0,0.0,0.0,18.218407282129373,36.74743680266496,23.94401998993236,7.109797541277533,19.74445492755328,11.85926505319882,0.0,4.899909730850478,0.0,23.98161930921905,20.7022259298673,40.98478186405424,0.0,11.49902366656781,4.736862953800049,0.0,11.49902366656781,0.0,47.32342099073438,10.2095276534686,0.0,23.96854622924601,29.85787888066025,0.0,6.076020106833881,0.0,70.0,11.139976063367032,15.007591973753232,0.0,17.953578402574852,12.29426823919648,23.12082913638927,13.185817648111414,18.013948781989278,18.218407282129373,0.0,4.736862953800049,5.2591127330561855,0.0,14.11688106261023,21.63991299760645,0.4445151880196532,0.2170887135718491,3.641567617787856,6.331688397581255,0.572926351095994,3.2763069386705297,0.3888888888888889,23,2,5,2,1,3,0,1,0,1,0,2,5,2,5,1,1,0,1,1,1,0,2.8081383271442144,4,1.5886999999999998,85.27460000000004,0,1,0,0,0,0,0,1,0,0,1,1,0,0,0,1,0,0,0,1,1,0,0,0,0,0,2,0,0,0,0,0,0,0,1,0,2,0,0,0,0,1,0,0,0,0,0,0,0,0,0,1,0,0,0,1,0,0,0,0,0,0,0,0,0,1,1,0,0,1,0,0,0,0,0,0,0,0,0,0,0,0,0,0,0,3.3469546575787468,0.3644543782706009,0.22661565830193675,0.2919176183954928,0.8374944682843785,962.0851349382287,2761.602247013483,1.9825411154020648e-18,0.2933046830320816,-0.5040271271936604,3.3435872980949313,0.36166351330696145,0.22791795542820834,0.2938660561639475,0.8353140861935501,966.6678797007462,2749.174801468488,1.982541115402065e-18,0.2933046830320817,-0.5040271271936604,3.346954677422819,0.364454912912322,0.22661560684112536,0.2919172293035801,0.8374946758238172,962.0839756979017,2761.603188778207,1.9825411154020648e-18,0.2933046830320816,-0.5040271271936604
O(C)c1c(O)c2c(C(=O)[C@@H]3N(C)CC[C@]42[C@@H]3C=C(OC)/C(=N/O)/C4)cc1,107.0,Low,39.0,2-38,Table2,small_data_set/smiles_review/table2_fixed_review.csv,13.243814877802974,13.243814877802974,0.0019354686318968,-0.5390509259259257,0.6199174263595397,31.884615384615383,358.39400000000006,336.2180000000001,358.152871804,138,0,0.1805173311499614,-0.5040335073267861,0.5040335073267861,0.1805173311499614,1.3076923076923077,2.076923076923077,2.730769230769231,16.478613645036223,9.527744645180183,2.587190743248525,-2.554523363658468,2.5722543716741013,-2.623067806857339,6.073410054146086,0.0406702270487694,2.65296820340953,2.0412145537071065,846.5763892872272,18.637463722575184,15.021670942899195,15.021670942899195,12.478729482346129,8.601758708141322,8.601758708141322,7.219120826425747,7.219120826425747,6.1953998803748,6.1953998803748,4.97928572674252,4.97928572674252,-2.54,892981.1383630376,16.90315725786409,5.737321771797525,1.974005246842152,151.05482883287192,19.787506327218093,11.47084987442688,17.28226861293275,0.0,0.0,0.0,9.6944469149223,0.0,0.0,0.0,5.15571272675054,38.22200425527287,28.88062112187817,20.26143591170303,24.58204351128992,11.494929949135642,0.0,4.899909730850478,11.073618772911932,24.29847454439676,27.812023471144837,35.09482209880727,0.0,11.49902366656781,4.736862953800049,0.0,11.49902366656781,0.0,60.562484399896896,10.15185342319683,5.917906046161393,28.763083413317837,29.123631842163817,0.0,0.0,0.0,91.59,5.41499046939678,15.10831760368982,0.0,23.4925036549582,41.31284271994336,6.4208216229260096,14.219595082555069,12.13273413692322,13.12369208951107,10.055622457601018,9.473725907600098,10.678005794910558,0.0,15.299699467750065,23.830254787100028,1.003524659863947,0.618151350046193,3.0134170288485755,2.9821551398337114,0.706210789871504,4.951914315108759,0.4736842105263157,26,2,7,2,1,3,0,1,0,1,0,2,7,2,7,1,2,0,1,1,0,0,3.729955851833116,4,1.9194,94.12280000000004,0,0,0,0,0,0,0,1,0,0,1,1,0,0,0,2,0,0,0,1,1,0,0,0,0,0,1,0,0,0,0,0,0,0,1,0,1,0,0,0,0,2,0,0,0,0,0,0,0,0,0,1,1,0,0,2,0,0,0,0,0,0,0,1,0,1,1,0,0,1,0,0,0,0,0,0,0,0,0,0,0,0,0,0,0,3.312298471085235,0.06838769112484132,0.4711959864076567,0.6687630819415082,0.7149235908082001,2206.569675492388,2357.9041778083147,6.360652745248293e-18,0.3295750616442711,-0.5040335073267862,3.313928446553013,0.06958900538127348,0.46457706225484047,0.6668163302638738,0.7118470587637181,2206.864818705716,2355.2973303141334,6.360652745248293e-18,0.32957506164427103,-0.5040335073267862,3.311685764703261,0.06795923518521053,0.48084842069202127,0.6691184994975704,0.717129359822368,2204.6407721713263,2361.56384779572,6.3606527452482924e-18,0.32957506164427103,-0.5040335073267861
O=C(NCCC[NH+](C)C)CC[C@@]1(C)C(=O)CC[C@@H]2[C@@H]1C(=O)C[C@]1(C)C(=O)CC[C@@H]21,72.0,Low,5.0,2-39,Table2,small_data_set/smiles_review/table2_fixed_review.csv,13.195155637292771,13.195155637292771,0.0425504561392453,-0.779670558809944,0.6185573589926584,36.86206896551724,405.5590000000002,368.26300000000015,405.27478408409,162,0,0.2195330272356872,-0.3558791526113795,0.3558791526113795,0.2195330272356872,1.103448275862069,1.793103448275862,2.4827586206896552,16.152086957807654,9.48470162421149,2.622396246727662,-2.5249068686745715,2.5995834282685086,-3.0529210650334,5.990520227997124,-0.8578685852402461,2.940956689910839,1.676089357086303,702.9914036940854,21.39697674656903,18.436111781289803,18.436111781289803,13.59189525841446,11.244112357052748,11.244112357052748,10.310358129393729,10.310358129393729,8.046359585759577,8.046359585759577,6.335395868364801,6.335395868364801,-1.5600000000000005,2215684.419655237,22.132547111294897,8.2874137075977,4.050774479310517,173.70626833795373,10.216698334856808,17.34973483909482,0.0,5.907179729351506,0.0,0.0,19.178148736287287,0.0,0.0,0.0,13.847474399381248,31.09827696110081,55.396751505497576,20.640100371266957,24.07805846713776,23.256914568446323,0.0,5.316788604006331,28.583699077277743,65.21404738278933,27.18485677717953,0.0,0.0,0.0,10.216698334856808,0.0,0.0,0.0,50.44177134562585,19.178148736287287,28.583699077277743,65.21404738278933,0.0,0.0,0.0,0.0,84.75,10.82998093879356,19.178148736287287,0.0,53.85227595278251,32.22804289761662,19.386399651764595,4.899909730850478,0.0,13.847474399381248,19.41213256936071,0.0,0.0,0.0,52.31159109630631,2.9485865613463016,-1.3160306646128463,0.3154784516376914,0.0,4.4254330719248784,5.485878603340256,4.16239621339074,0.8260869565217391,29,2,6,3,0,3,1,0,0,0,0,0,4,2,6,0,7,3,0,3,0,0,6.324881872903353,3,0.9772000000000014,109.32840000000006,0,0,0,0,0,0,0,0,0,0,4,4,0,0,0,0,2,0,0,0,0,0,0,0,0,0,0,1,0,0,0,0,0,0,0,0,3,0,0,0,0,0,0,0,0,0,0,0,0,0,0,3,3,0,0,0,0,0,0,0,0,0,0,0,0,0,0,0,0,0,0,0,0,0,1,0,0,0,0,0,0,0,0,0,0,4.61773797596756,0.5842752824804283,0.17929502534690833,0.16835739286415938,0.9141524020791333,1376.8475127005493,7624.92536745675,0.015151515151515155,0.3471478620920774,-0.3558791526113795,4.637275560239819,0.5767613338174175,0.18131411923405355,0.17282118289411647,0.9129493899116383,1415.9006910785763,7682.1690122053,0.015151515151515155,0.3471478620920774,-0.3558791526113795,4.646301847157438,0.6008224051064996,0.17756124670697382,0.16000552188786932,0.9214435888059109,1324.978605486806,7785.630815227564,0.015151515151515155,0.3471478620920774,-0.3558791526113795
O(C)[C@H]1[C@@H]2N(C)CC[C@@]3([C@@H]2C=C(OC)C(=O)C3)C=2C(=O)C(OC)=CC(=O)C1=2,3.0,Low,0.0,2-40,Table2,small_data_set/smiles_review/table2_fixed_review.csv,13.251054028092716,13.251054028092716,0.0213640348114558,-0.7307175925925926,0.6770531068064479,36.0,373.40500000000014,350.2210000000001,373.152537456,144,0,0.2242783563285859,-0.4933557137780577,0.4933557137780577,0.2242783563285859,1.1111111111111112,1.8148148148148149,2.4444444444444446,16.482134484089517,9.507928469933413,2.622218228312705,-2.5844036764529363,2.5842513217372343,-2.647109076842452,6.233289129450433,-0.1325902290010427,2.653167169543226,2.004075836878859,837.4100006917271,19.507707210578268,15.90477502779091,15.90477502779091,12.889413084869089,9.006743953964607,9.006743953964607,7.589182763339246,7.589182763339246,6.541552071683401,6.541552071683401,5.35552298272292,5.35552298272292,-2.25,1270676.0461749982,18.1291088385683,6.138190131394151,2.244549813332668,157.16605314955072,14.210588861400147,6.103966387748303,23.08481963604223,5.783244946364939,0.0,0.0,19.28352128306594,0.0,0.0,0.0,0.0,26.089270118349653,48.127585675882095,14.219595082555069,28.59420041361561,17.34973483909482,0.0,4.899909730850478,11.332896515558172,24.98745046274828,34.92182101242237,34.81657901711865,0.0,0.0,0.0,0.0,0.0,0.0,69.31727279926392,28.59420041361561,11.332896515558172,12.84164324585202,34.81657901711865,0.0,0.0,0.0,82.14000000000001,11.51895685714508,14.383611552215466,0.0,41.48946820898635,29.87095196063329,0.0,20.295615189388947,7.109797541277533,13.12369208951107,4.899909730850478,14.210588861400147,16.21744842844545,0.0,41.0498864638448,0.0,0.0386989795918371,-0.5706480694129485,-0.1574121315192744,3.2548511904761908,0.7031174414210127,6.380724363819603,0.55,27,0,7,3,1,4,0,0,0,0,0,2,7,0,7,1,3,0,1,1,0,0,4.121478406069275,4,0.8034999999999999,94.60300000000004,0,0,0,0,0,0,0,0,0,0,3,3,0,0,0,1,0,0,0,1,1,0,0,0,0,0,3,0,0,0,0,0,0,0,0,0,0,0,0,0,0,3,0,0,0,0,0,0,0,0,0,3,2,0,0,3,0,0,0,0,0,0,0,0,0,0,0,0,0,1,0,0,0,0,0,0,0,0,0,0,0,0,0,0,0,3.300534244556052,0.03875481775880655,0.6721460698757519,0.7160415174151721,0.8236758937164116,2294.6613647439326,2637.1093942863085,3.885780586188049e-18,0.224278356328586,-0.49335571377805787,3.2783589208388038,0.037178303460685486,0.6848185314876062,0.7177459080128217,0.8445222802972081,2249.5571557885514,2643.6901408410345,3.885780586188048e-18,0.22427835632858595,-0.49335571377805776,3.28700698353885,0.03767221154776469,0.6821284479176731,0.7177650903998327,0.8378011823412683,2267.5747619096805,2643.0807868466154,3.885780586188049e-18,0.224278356328586,-0.49335571377805787
O(C)c1c(O)c2[C@@]3(CC[NH+](C)C)C(=Cc4nc5c(nc4C3)cccc5)C=Cc2cc1,1.0,Low,0.0,2-41,Table2,small_data_set/smiles_review/table2_fixed_review.csv,11.19479763666001,11.19479763666001,0.2325967393130092,-0.3570300689720334,0.7071444003640375,19.266666666666666,400.5020000000001,374.29400000000015,400.20195349209,152,0,0.1619540545482676,-0.5040269875807003,0.5040269875807003,0.1619540545482676,1.0666666666666669,1.8333333333333333,2.566666666666667,16.47412816541792,9.61936389794505,2.447619808315072,-2.4160186455952286,2.5243043800208054,-3.05471123165186,5.808126177994595,-0.858476702641472,2.7454798929857533,1.7546860201730183,1212.484450935428,20.880104409694468,17.567361843230017,17.567361843230017,14.514005662756212,10.370687730243956,10.370687730243956,8.52391532811084,8.52391532811084,6.353573379978508,6.353573379978508,4.804461300288295,4.804461300288295,-3.1799999999999997,8766657.737810241,18.823742818509096,6.955696894862776,2.807847047069783,175.90056535803114,14.743300079491233,0.0,11.49902366656781,0.0,0.0,0.0,0.0,9.967957041894415,0.0,0.0,30.351141419052592,35.411677333984976,23.820085206945794,50.17115533747393,14.743300079491233,23.185441648900287,0.0,9.967957041894415,0.0,18.2566337152488,27.74989791254449,70.56208602076373,0.0,11.49902366656781,9.636772684650529,0.0,11.49902366656781,0.0,42.82438234927962,11.83581209232279,0.0,28.935580596016923,48.04732704767281,0.0,23.185441648900287,0.0,59.68,0.0,5.106527394840706,0.0,11.164502302680685,12.170333456209914,46.51373843716202,10.473014260919744,7.109797541277533,36.39820241076966,32.32340428585602,14.704819995694464,5.461771032882595,0.0,11.226071447224946,11.19479763666001,6.51648804827895,0.7421963632407353,11.863714280573722,8.019611835474931,0.9698541036785084,5.922161918652269,0.28,30,2,5,2,0,2,0,2,1,3,0,0,4,2,5,1,4,0,0,0,0,0,4.36440831574664,5,2.7829000000000006,118.88450000000005,0,0,0,0,0,2,0,1,0,0,0,0,0,0,0,2,1,0,0,0,0,0,0,0,0,0,2,0,0,0,0,0,0,0,2,0,5,0,0,0,0,1,0,0,0,0,0,0,0,0,0,0,0,0,0,1,0,0,0,0,0,0,0,0,2,1,1,0,0,0,0,0,0,0,1,0,0,0,0,0,0,0,0,0,0,4.093934550155723,0.3256761547917411,0.38874595158241515,0.32500569219583075,0.9216151526882502,1942.2697491167855,5507.259433241496,0.017857142857142856,0.3471475530421329,-0.5040269875807001,4.086241209958621,0.33096704896348744,0.3856199583795028,0.3210099767400086,0.9212660649903299,1914.8269368200995,5495.237492880019,0.017857142857142856,0.34714755304213296,-0.5040269875807002,4.078802766622921,0.34176341938620153,0.3728526052390887,0.3130280125275707,0.9171746726074003,1870.224534099724,5480.923402261662,0.01785714285714286,0.34714755304213296,-0.5040269875807002
O=C([O-])[C@H]1c2c(C)cccc2[C@@H]2[C@@]31CC(=O)[C@](C)(C3)CC2,138.0,Low,7.0,2-42,Table2,small_data_set/smiles_review/table2_fixed_review.csv,12.505745464852607,12.505745464852607,0.2035416666666663,-1.0074074074074064,0.7925456204311004,40.0,283.34700000000004,264.19499999999994,283.13396804791006,110,0,0.1388900559215718,-0.5494739996108878,0.5494739996108878,0.1388900559215718,1.380952380952381,2.142857142857143,2.857142857142857,16.36689114587451,9.607285307211278,2.6490692618844145,-2.4261772684926703,2.7079711546107537,-2.413184569534341,5.9140713063159085,-0.3107720352336762,2.787762906294566,1.9770615810376515,677.0410539190319,14.991199352633217,12.43992334208591,12.43992334208591,9.889299871438157,7.725780287956385,7.725780287956385,7.491675493966367,7.491675493966367,6.39347999855082,6.39347999855082,5.536448508216538,5.536448508216538,-1.64,76919.95411047967,13.052902928498051,3.7602344291118337,1.3946058768826148,123.91049298395214,9.901064578912528,5.783244946364939,0.0,0.0,0.0,0.0,4.794537184071822,0.0,0.0,0.0,25.122838405075456,54.20945305911782,23.723023426436036,0.0,14.69560176298435,11.75255023431679,0.0,0.0,10.82998093879356,51.36657298340808,0.0,34.88945568047582,0.0,0.0,5.106527394840706,0.0,0.0,0.0,11.75255023431679,9.589074368143644,17.753718138484185,61.13319025880844,18.19910120538483,0.0,0.0,0.0,57.2,17.302201803510023,14.69560176298435,0.0,17.116141461923114,12.84164324585202,29.531997720943007,0.0,0.0,25.980208536304467,6.06636706846161,0.0,0.0,0.0,24.448391439909297,11.942645975056688,2.3530187074829945,-1.172861866969009,6.0336928382464095,2.9078103741496597,3.987302532123961,0.0,0.5555555555555556,21,0,3,3,0,3,0,1,0,1,0,2,3,0,3,0,1,2,0,2,1,0,2.337236904361574,4,2.07512,75.68300000000004,1,0,0,0,0,0,0,0,1,1,2,2,0,0,0,0,0,0,0,0,0,0,0,0,0,0,0,0,0,0,1,0,0,0,1,0,3,0,0,0,0,0,0,0,0,0,0,0,0,0,0,1,1,0,0,0,0,0,0,0,0,0,0,0,0,0,0,0,0,0,0,0,0,0,0,0,0,0,0,0,0,0,0,0,0,3.0463369854779483,0.25149102468231394,0.28805020797989905,0.3822760852563529,0.7827574304240963,928.4551538486228,1901.489198412749,-0.025,0.13889005592157183,-0.5494739996108877,3.0455291205310884,0.25086517063873875,0.28952569961822733,0.3829002828839356,0.7824271136202829,929.3124295898136,1899.4598140026592,-0.025,0.1388900559215718,-0.5494739996108879,3.0446919346719965,0.25021754473759317,0.29105341679030217,0.3835461754715917,0.7820868430834049,930.1980072700204,1897.360785857035,-0.025,0.1388900559215718,-0.5494739996108877
O=C([O-])[C@H]1[C@@H]2[C@@](C(=O)[O-])(C)[C@@H](O)C=CC2=C2[C@]31CC(=C)[C@@](O)(C3)CC2,104.0,Low,20.0,2-43,Table2,small_data_set/smiles_review/table2_fixed_review.csv,12.153887471655327,12.153887471655327,0.2082105064247923,-1.767907690854119,0.60889126133143,47.64,344.36300000000017,324.2030000000001,344.12708551982,134,0,0.0865815464429026,-0.549806006301727,0.549806006301727,0.0865815464429026,1.36,2.04,2.64,16.375744963845047,9.588575806498897,2.669156611126855,-2.481109142462803,2.7029791191475185,-2.5803771218841955,5.812506445448794,-0.3297935685512934,2.904519435052962,1.979239851554,778.783822678312,18.36144284063629,13.949705604736238,13.949705604736238,11.576692480268512,8.505226810146661,8.505226810146661,8.227206787324416,8.227206787324416,7.208929674116602,7.208929674116602,5.901254895451866,5.901254895451866,-1.9199999999999997,394779.3770929636,16.54317136512477,4.620780526620371,1.7135505869049197,144.7160545851704,30.015183947506465,0.0,0.0,0.0,0.0,0.0,0.0,0.0,0.0,0.0,31.227817627026152,36.82949555184257,28.6350983190682,17.67432248668384,30.015183947506465,11.9386105759037,0.0,0.0,22.665793031116348,44.31204089012665,0.0,35.45028948747406,0.0,0.0,10.213054789681411,0.0,0.0,0.0,33.8566825643171,9.589074368143644,22.665793031116348,32.60702369139466,35.45028948747406,0.0,0.0,0.0,120.72,46.30942080575203,30.015183947506465,0.0,6.4208216229260096,30.408673928916564,5.573104530069267,12.999757306524504,6.076020106833881,0.0,6.578935683598497,0.0,0.0,0.0,24.079428106890905,45.24238827475435,-1.683900581065758,-4.9406646825396825,0.0,3.111784060846561,5.274298154446964,0.0,0.5789473684210527,25,2,6,4,0,4,0,0,0,0,0,2,6,2,6,0,2,2,0,2,1,0,3.0576945637004918,4,-1.1728999999999992,82.26460000000002,2,2,1,0,0,0,0,0,2,2,2,2,0,0,0,0,0,0,0,0,0,0,0,0,0,0,3,0,0,0,0,0,0,0,0,0,2,0,0,0,0,0,0,0,0,0,0,0,0,0,0,0,0,0,0,0,0,0,0,0,0,0,0,0,0,0,0,0,0,0,0,0,0,0,0,0,0,0,0,0,0,0,0,0,0,3.2812758285979537,0.25192577613821604,0.3635626416201248,0.3834062430988764,0.8988524984080495,1245.736696819479,2920.488548286914,-0.04444444444444442,0.21133720330147626,-0.5498060063017272,3.2780809909718354,0.2494154509172147,0.366277932477011,0.3858880178301812,0.8982460882498566,1249.9068486196716,2910.7944645798834,-0.04444444444444444,0.21133720330147626,-0.549806006301727,3.281320586392282,0.25180314231517176,0.3633050536865316,0.38351992508132143,0.8988603770628196,1246.0735054413042,2920.4383620306235,-0.04444444444444443,0.21133720330147623,-0.549806006301727
O=C([O-])CC[C@@]1(C)C(=O)CC[C@@H]2[C@@H]1C(=O)C[C@]1(C)C(=O)CC[C@@H]21,103.0,Low,27.0,2-44,Table2,small_data_set/smiles_review/table2_fixed_review.csv,12.86027872260015,12.86027872260015,0.012706916099773,-1.1895468658142272,0.7759036241241632,43.21739130434783,319.37700000000007,296.19300000000004,319.15509741591,126,0,0.1390127164179485,-0.5501712691302819,0.5501712691302819,0.1390127164179485,1.1304347826086956,1.7826086956521738,2.4347826086956523,16.36525669116651,9.484847271632974,2.6212852492126117,-2.5256825364853044,2.5992561292314047,-2.5632995760911474,5.98963214929908,-0.3058613321411474,2.7586442007133725,1.9617656390732103,594.2193651755866,16.991199352633217,13.723039728194028,13.723039728194028,10.698048408297106,8.491129721098133,8.491129721098133,8.021753395035407,8.021753395035407,6.847699484133562,6.847699484133562,5.565789087178253,5.565789087178253,-1.5200000000000002,129573.5181075071,16.3417287103599,5.248530564788362,2.272275475901733,135.3660956643553,9.901064578912528,17.34973483909482,0.0,0.0,0.0,0.0,14.383611552215466,0.0,0.0,0.0,13.847474399381248,37.51909858402683,41.979657141684825,0.0,24.28467613112799,23.319040127046662,0.0,0.0,28.583699077277743,58.79322575986332,0.0,0.0,0.0,0.0,5.106527394840706,0.0,0.0,0.0,23.319040127046662,19.178148736287287,28.583699077277743,58.79322575986332,0.0,0.0,0.0,0.0,91.34,22.717192272906804,24.28467613112799,0.0,48.44801180019562,19.26246486877803,6.4208216229260096,0.0,6.923737199690624,6.923737199690624,0.0,0.0,0.0,0.0,48.53601962081128,10.857012471655327,-1.4990686807130258,-1.3292499553833883,0.0,2.460595211850172,3.641357998446292,0.0,0.7777777777777778,23,0,5,3,0,3,0,0,0,0,0,0,5,0,5,0,3,3,0,3,0,0,3.729133157295801,3,1.0762999999999996,79.03100000000005,1,0,0,0,0,0,0,0,1,1,4,4,0,0,0,0,0,0,0,0,0,0,0,0,0,0,0,0,0,0,0,0,0,0,0,0,3,0,0,0,0,0,0,0,0,0,0,0,0,0,0,3,3,0,0,0,0,0,0,0,0,0,0,0,0,0,0,0,0,0,0,0,0,0,0,0,0,0,0,0,0,0,0,0,0,3.3840440449077756,0.2974963729724286,0.43038619095887776,0.36076527508744377,0.882638605852001,1141.4940991657209,2900.088950765315,-0.02173913043478261,0.13901271641794855,-0.5501712691302819,3.4274259106283402,0.3184438920946937,0.40042556997663253,0.33986024718864977,0.8732151957487366,1124.4258350400873,2979.6618260647065,-0.021739130434782608,0.13901271641794857,-0.5501712691302817,3.4401619233616283,0.33982469369165447,0.39724787578184323,0.32535732662489925,0.895026046900289,1075.1653334103437,3069.846694754712,-0.02173913043478261,0.13901271641794855,-0.5501712691302819
O=C([O-])CO[C@H]1[C@H]2OC[C@H](N=[N+]=[N-])[C@H]2OC1,89.0,Low,1.0,2-45,Table2,small_data_set/smiles_review/table2_fixed_review.csv,10.230676043182807,10.230676043182807,0.2361725245653816,-1.2842197866801046,0.3328830739677449,36.75,228.184,218.104,228.06259399991,88,0,0.1125024308475541,-0.5476233264653644,0.5476233264653644,0.1125024308475541,1.5,2.25,2.9375,16.618500421865573,10.094363903087787,2.473986488662776,-2.162678583622525,2.2989920613592045,-2.3600426454155587,5.650485578591162,-0.3105512437070303,2.788092600505911,1.9216978624301837,329.6354720233997,11.543605595440512,8.313603659137337,8.313603659137337,7.71954535281284,4.809629336703011,4.809629336703011,3.5896227101890648,3.5896227101890648,2.597058539067058,2.597058539067058,1.9273158196333195,1.9273158196333195,-1.34,6401.460610761572,11.154544837698932,4.6666067632998525,2.09545546141226,90.71229708108254,24.11165344031268,12.207932775496603,0.0,0.0,0.0,0.0,0.0,0.0,0.0,0.0,5.114250125629398,5.531128998785252,4.911711647252464,37.93575839838687,24.11165344031268,5.969305287951849,0.0,0.0,5.114250125629398,24.353739992392867,19.820645893538757,10.442840646037716,0.0,0.0,5.106527394840706,0.0,0.0,0.0,50.14369117388347,19.005126045471968,0.0,0.0,5.114250125629398,0.0,10.442840646037716,0.0,116.58,18.68015364021307,9.901064578912528,0.0,31.4635375336704,0.0,0.0,0.0,0.0,0.0,10.02596177288186,19.7417178601854,15.775473592214665,0.0,12.92810184838143,13.772985818944964,8.318682478386211,-1.2842197866801046,-0.3689323507180653,-1.1534287603930475,0.0113371598639453,0.0,0.875,16,0,8,0,2,2,0,0,0,0,0,0,6,0,8,2,4,0,2,2,0,0,3.2533671488210807,2,-1.4019999999999986,47.16100000000002,1,0,0,0,0,0,0,0,1,1,1,1,0,0,0,3,0,0,0,0,0,0,0,0,0,0,0,0,0,0,0,1,0,0,0,0,1,0,0,0,0,3,0,0,0,0,0,0,0,0,0,0,0,0,0,0,0,0,0,0,0,0,0,0,0,0,0,0,0,0,0,0,0,0,0,0,0,0,0,0,0,0,0,0,0,3.0083110976007816,0.4689531312213433,0.371841365726726,0.23391857944857,0.9244119205045784,438.53119137933305,1778.840931376404,-0.03846153846153848,0.11250243084755412,-0.5476233264653645,3.0312315393484166,0.4743544421280573,0.36811485635360847,0.231738689156448,0.9235760203179992,438.6794732014921,1809.7077403884903,-0.03846153846153848,0.11250243084755412,-0.5476233264653645,3.010683666092303,0.46114025225453376,0.3747998434518795,0.23907856360477817,0.9186836448902523,447.6696656951352,1772.4610418524392,-0.03846153846153848,0.11250243084755411,-0.5476233264653645
O=C([O-])[C@H]1c2c(C)cccc2[C@@H]2[C@@]31CC(=O)[C@](CO)(C3)CC2,84.0,Low,13.0,2-46,Table2,small_data_set/smiles_review/table2_fixed_review.csv,12.576995464852608,12.576995464852608,0.0363047996976575,-1.081953892668177,0.885133960574121,38.72727272727273,299.34600000000006,280.194,299.12888266791003,116,0,0.141463905968242,-0.549473999555067,0.549473999555067,0.141463905968242,1.4545454545454546,2.227272727272727,2.909090909090909,16.36696977244875,9.603963314660437,2.6621800450619686,-2.4314089790374824,2.708069907333913,-2.4249756900169066,5.918472645085869,-0.3108302349641755,2.8863741973472594,1.951003397796403,694.3276134851743,15.698306133819765,12.594243718772416,12.594243718772416,10.449960043217978,7.895561444566497,7.895561444566497,7.369459291084874,7.369459291084874,6.489473753541108,6.489473753541108,5.595021637198167,5.595021637198167,-1.68,139377.23724150445,13.947001756455784,4.19402526573313,1.415032306650342,128.70472673614816,15.007591973753234,5.783244946364939,0.0,0.0,0.0,0.0,4.794537184071822,0.0,0.0,0.0,18.19910120538483,54.20945305911782,18.30803295703925,12.021872433909698,19.802129157825057,11.75255023431679,0.0,0.0,10.82998093879356,44.442835783717456,6.606881964512918,34.88945568047582,0.0,0.0,5.106527394840706,0.0,0.0,0.0,23.46595959367041,9.589074368143644,17.753718138484185,54.20945305911782,18.19910120538483,0.0,0.0,0.0,77.42999999999999,22.717192272906804,19.802129157825057,0.0,24.72885457996526,12.84164324585202,23.111176098017,0.0,0.0,25.12283840507545,0.0,0.0,0.0,0.0,24.54547052154195,21.73625803099017,1.5848937074829943,-1.681945389266817,5.898256487780297,2.1589214852607705,1.7581451562106325,0.0,0.5555555555555556,22,1,4,3,0,3,0,1,0,1,0,2,4,1,4,0,2,2,0,2,1,0,2.658821715809086,4,1.0475199999999991,77.09480000000003,1,1,1,0,0,0,0,0,1,1,2,2,0,0,0,0,0,0,0,0,0,0,0,0,0,0,0,0,0,0,1,0,0,0,1,0,3,0,0,0,0,0,0,0,0,0,0,0,0,0,0,1,1,0,0,0,0,0,0,0,0,0,0,0,0,0,0,0,0,0,0,0,0,0,0,0,0,0,0,0,0,0,0,0,0,3.1602699484557406,0.2735677063960007,0.29185954056515834,0.36246016083106425,0.821516596279137,990.7175660691812,2249.7378123749777,-0.02439024390243902,0.2100839600310941,-0.549473999555067,3.155906687486177,0.2686849625072564,0.2971346252519363,0.366895982526067,0.8228348175576751,997.1793237986428,2241.1712340145064,-0.024390243902439022,0.21008396003109406,-0.549473999555067,3.1593915602060263,0.2717868682872917,0.29614670849850666,0.36428672810640833,0.8225713301903319,993.4108249415425,2248.487944358176,-0.02439024390243902,0.2100839600310941,-0.549473999555067
O=C(O[C@@H]1[C@@]2(C)C(=O)O[C@]3([C@@H]2[C@H](C(=O)[O-])[C@@]24[C@H]3CC[C@@](O)(C(=C)C2)C4)C=C1)C,81.0,Low,3.0,2-47,Table2,small_data_set/smiles_review/table2_fixed_review.csv,13.017130062673218,13.017130062673218,0.2567332766439918,-1.3201530612244894,0.534177325616074,52.82142857142857,387.4080000000002,364.22400000000016,387.14492665591,150,0,0.3168012438979605,-0.549827771518656,0.549827771518656,0.3168012438979605,1.4285714285714286,2.142857142857143,2.7857142857142856,16.579520121793905,9.606453010193146,2.823372908971572,-2.44935458924245,2.769760374517608,-2.5363202949532853,5.864006639475607,-0.3179584578492244,3.003242055352405,1.7293321966790676,875.9798784545209,20.275656403009386,15.896338859353634,15.896338859353634,13.010979444905743,9.727147785551026,9.727147785551026,9.502408054581938,9.502408054581938,8.370984125030684,8.370984125030684,7.43952186773966,7.43952186773966,-2.1499999999999995,1897589.482948251,17.915323827400545,4.874518742095422,1.689585575605079,161.92985574728417,24.481317881353327,17.12000766812877,0.0,0.0,0.0,11.9386105759037,9.589074368143644,0.0,0.0,0.0,6.578935683598497,55.74715890452848,30.646760626126653,5.601050810983688,34.07039224949697,17.90791586385555,0.0,0.0,28.583699077277743,56.83682890080097,0.0,24.304080427335524,0.0,0.0,5.106527394840706,0.0,0.0,0.0,40.32051126841193,23.85733745981556,28.583699077277743,39.53076089108528,24.304080427335524,0.0,0.0,0.0,112.96000000000002,57.87977690468756,24.59666634189688,0.0,12.338727669087405,24.83556939884729,0.0,6.923737199690624,19.075777413358384,0.0,6.578935683598497,9.473725907600098,11.347833797871,0.0,37.11659954068098,23.489371840180823,-3.634095752498529,-4.351050196313095,0.0,4.131002430293105,6.900338339785715,0.0,0.6666666666666666,28,1,7,4,1,5,0,0,0,0,0,4,7,1,7,1,2,3,1,4,1,0,3.118877920263309,5,0.2631999999999996,92.09180000000003,1,1,0,0,0,0,0,0,1,1,3,3,0,0,0,0,0,0,0,0,0,0,0,0,0,0,0,0,0,0,0,0,0,0,0,0,1,0,0,0,2,2,0,0,0,0,0,0,0,0,0,0,0,0,0,0,0,0,0,0,0,0,0,0,0,0,0,0,0,0,0,0,0,0,0,0,0,0,0,0,0,0,0,0,0,3.579155137497952,0.34572616260144734,0.3684805015453563,0.3085427784074465,0.9189083191481031,1374.8869534623568,4094.8476474199797,-0.0196078431372549,0.3168012438979605,-0.5498277715186559,3.5682396290417504,0.3423747330141274,0.3688683841847258,0.3113559129257873,0.9171287793396027,1376.6302242359066,4061.0425257918705,-0.0196078431372549,0.3168012438979605,-0.5498277715186559,3.57337397401134,0.3406307746512386,0.37491423188047557,0.3129843586317091,0.9209085994294196,1384.5442975897947,4079.7419823843093,-0.0196078431372549,0.3168012438979605,-0.5498277715186559
O=C(NCc1occc1)[C@H]1[C@@H]2[C@@](C(=O)[O-])(C)[C@@H](O)[C@H](O)C=C2[C@H]2[C@]31CC(=C)[C@@](O)(C3)CC2,72.0,Low,3.0,2-48,Table2,small_data_set/smiles_review/table2_fixed_review.csv,13.693727324263037,13.693727324263037,0.1322184429327286,-1.8707166477702184,0.4821324871497136,44.5625,442.4880000000003,414.2640000000002,442.18712581591,172,0,0.224226148838106,-0.5494375940485243,0.5494375940485243,0.224226148838106,1.375,2.125,2.78125,16.37720663874968,9.594986367264772,2.7194432592459066,-2.479080765056328,2.726621968572533,-2.6047979447117755,5.84688185577126,-0.3277406464610104,3.388219173593143,1.6339545743289772,1015.5476819539078,23.05167728494828,17.913427058181245,17.913427058181245,15.0430189754573,11.04362171179758,11.04362171179758,10.237871043850475,10.237871043850475,8.763401635480852,8.763401635480852,7.249126812267674,7.249126812267674,-2.4199999999999995,17993114.203832168,21.42699335696076,6.79086132480579,2.599375684656351,185.17188538550013,34.95458630449432,5.760247418874442,0.0,5.907179729351506,0.0,0.0,4.794537184071822,0.0,0.0,0.0,25.15179752019227,54.72202167425471,11.332896515558172,42.50411432214516,34.43233488455981,11.876485017303356,0.0,5.316788604006331,28.58369907727774,56.96076368378753,0.0,47.95730940200762,0.0,0.0,10.423315998847038,0.0,0.0,0.0,45.00505078830576,16.133830774056218,28.58369907727774,38.3672711102691,46.61421292018653,0.0,0.0,0.0,143.06,46.44408190554848,30.015183947506465,0.0,18.36984218142548,42.58974297071701,0.0,19.26292030216356,12.13273413692322,0.0,11.895724287604828,4.417150937053347,5.305505632993683,0.0,26.094234147394545,47.76135907980808,-2.387576858675567,-3.2387592776308063,3.4355202442292088,1.7163295094272275,5.563387522453629,0.0,0.5833333333333334,32,4,8,4,0,4,1,0,1,1,0,2,7,4,8,1,4,3,0,3,1,0,4.547116890457982,5,0.0372999999999996,109.22610000000005,1,3,2,0,0,0,0,0,1,1,2,2,0,0,0,0,1,0,0,0,0,0,0,0,0,0,1,1,0,0,0,0,0,0,0,0,3,0,0,0,0,0,1,0,0,0,0,0,0,0,0,0,0,0,0,0,0,0,0,0,0,0,0,0,0,0,0,0,0,0,0,0,0,0,0,0,0,0,0,0,0,0,0,0,0,3.93282866190124,0.19192593767756763,0.2640248084209633,0.46359940454300597,0.6897932743340964,2945.8400966576305,4384.778856030785,-0.016666666666666666,0.22422614883810604,-0.5494375940485241,3.9224829513780017,0.18979693610095874,0.2722851244937388,0.4658045358502464,0.6932014852682428,2935.4962460852007,4372.2755926146665,-0.016666666666666666,0.22422614883810604,-0.5494375940485241,3.9344163326902595,0.1896371048811517,0.2601936092832753,0.4694702201718161,0.6808304103735311,2988.485317452176,4339.483522025882,-0.016666666666666666,0.22422614883810604,-0.5494375940485241
O=C([O-])[C@H]1[C@@H]2[C@@]3(C)[C@@H](O)[C@H](OC3=O)C=C2[C@H]2[C@]31CC(=C)[C@@](O)(C3)CC2,70.0,Low,4.0,2-49,Table2,small_data_set/smiles_review/table2_fixed_review.csv,12.538966561161502,12.538966561161502,0.0520833333333341,-1.2841113945578226,0.498778354795283,55.48,345.3710000000001,324.2030000000001,345.13436197191,134,0,0.3154270718909833,-0.5498182329169239,0.5498182329169239,0.3154270718909833,1.48,2.2,2.88,16.56586106307773,9.607464335514855,2.7387177156177804,-2.4358841514691623,2.733925368199846,-2.52615964430334,5.847295254159076,-0.3178470827675775,2.964765591973486,1.746558940771216,769.8760069846132,17.938793109825916,14.027055873925864,14.027055873925864,11.649172125339948,8.872974239602392,8.872974239602392,8.851613244239264,8.851613244239264,7.94223914268984,7.94223914268984,6.838152657581918,6.838152657581918,-1.6599999999999997,542756.6721569941,15.583685278823818,4.179012870169989,1.4682522453803242,144.7191379411363,24.85098232239399,17.622923244893386,0.0,0.0,0.0,5.969305287951849,4.794537184071822,0.0,0.0,0.0,12.152040213667764,55.58904484385599,17.805117380274638,5.601050810983688,29.64551950646581,11.9386105759037,0.0,0.0,28.58369907727774,50.41600727787497,0.0,23.80116485057092,0.0,0.0,5.106527394840706,0.0,0.0,0.0,39.9606489520654,14.325937321943693,28.58369907727774,32.60702369139466,23.80116485057092,0.0,0.0,0.0,106.89,52.413387193500334,24.90865655266576,0.0,5.917906046161393,31.256391021773304,5.573104530069267,0.0,12.999757306524504,0.0,6.578935683598497,4.736862953800049,5.317035895376669,0.0,24.791221379755605,33.761758196334085,-1.4248146967120163,-3.416312830687832,0.0,1.9394373582766435,5.6150080309901735,0.0,0.6842105263157895,25,2,6,4,1,5,0,0,0,0,0,4,6,2,6,1,1,3,1,4,1,0,2.6049768537953333,5,-0.3076000000000001,82.54460000000002,1,2,1,0,0,0,0,0,1,1,2,2,0,0,0,0,0,0,0,0,0,0,0,0,0,0,1,0,0,0,0,0,0,0,0,0,6,0,0,0,1,1,0,0,0,0,0,0,0,0,0,0,0,0,0,0,0,0,0,0,0,0,0,0,0,0,0,0,0,0,0,0,0,0,0,0,0,0,0,0,0,0,0,0,0,3.2511385841474736,0.2522379318708182,0.34654321899647283,0.38169109090286935,0.8732673435719038,1234.9184267441976,2828.2746117612346,-0.021739130434782598,0.3154270718909834,-0.5498182329169238,3.2514021766158825,0.2523603223828826,0.3461558965519626,0.3815624929931576,0.8733430930172813,1234.7738144702557,2829.0071034229104,-0.021739130434782598,0.3154270718909834,-0.5498182329169238,3.245229047253807,0.24838110368914426,0.3492696911804946,0.3855332064237735,0.8717433992738182,1240.778132083419,2810.9541881690893,-0.021739130434782598,0.3154270718909834,-0.5498182329169238
O=C(NC1CC1)[C@H]1[C@@H]2[C@@](C(=O)[O-])(C)[C@@H](O)[C@H](O)C=C2[C@H]2[C@]31CC(=C)[C@@](O)(C3)CC2,63.0,Low,2.0,2-50,Table2,small_data_set/smiles_review/table2_fixed_review.csv,13.4906179138322,13.4906179138322,0.1025665837322582,-1.8023941798941792,0.4669208436587665,50.55172413793103,402.4670000000003,374.24300000000017,402.19221119591,158,0,0.2240661192126162,-0.549437594048525,0.549437594048525,0.2240661192126162,1.2758620689655171,1.9655172413793105,2.586206896551724,16.376860172962374,9.594926832098846,2.720725934059066,-2.479381243233876,2.7271059120304493,-2.605786998907352,5.851071099705888,-0.3277367314308181,3.3670580649044384,1.6997186594752542,848.2405532797396,20.93035694138864,16.55758501052468,16.55758501052468,13.5430189754573,10.546518439244643,10.546518439244643,10.22356542199356,10.22356542199356,8.670183814397166,8.670183814397166,7.070409221585521,7.070409221585521,-1.6999999999999995,4391283.45766772,19.274604211536303,5.709487568212881,2.292812946145817,169.04451499062327,30.53743536744097,0.0,0.0,5.907179729351506,0.0,0.0,4.794537184071822,0.0,0.0,0.0,25.15179752019227,55.4309307831835,17.374737344706134,29.69619492059353,30.015183947506465,11.876485017303356,0.0,5.316788604006331,28.58369907727774,69.29949135287494,0.0,23.80116485057092,0.0,0.0,10.423315998847038,0.0,0.0,0.0,51.04689161745372,9.589074368143644,28.58369907727774,45.448666937246685,23.80116485057092,0.0,0.0,0.0,129.92000000000002,46.44408190554848,30.015183947506465,0.0,17.86692660466086,31.256391021773304,18.414747775921285,6.923737199690624,6.076020106833881,0.0,11.895724287604828,0.0,0.0,0.0,25.796043123267825,47.626476744247086,-2.0805619331065737,-3.3397250566893435,0.1025665837322582,2.346710207231041,5.465156997984378,0.0,0.7272727272727273,29,4,7,5,0,5,1,0,0,0,0,2,6,4,7,0,3,4,0,4,1,0,3.794762521654833,5,-0.5934999999999988,99.83610000000004,1,3,2,0,0,0,0,0,1,1,2,2,0,0,0,0,1,0,0,0,0,0,0,0,0,0,1,1,0,0,0,0,0,0,0,0,3,0,0,0,0,0,0,0,0,0,0,0,0,0,0,0,0,0,0,0,0,0,0,0,0,0,0,0,0,0,0,0,0,0,0,0,0,0,0,0,0,0,0,0,0,0,0,0,0,3.590370545589283,0.15228259259501015,0.28850730476162806,0.5264009529541912,0.6579999074426864,2498.3062689224002,3125.570635357756,-0.01754385964912281,0.22406611921261627,-0.549437594048525,3.5849441650385607,0.15150742960877234,0.2945890507422551,0.5265736477024049,0.6601632853748592,2487.827361684202,3123.5456918980067,-0.01754385964912281,0.22406611921261627,-0.549437594048525,3.5882256453806223,0.15368989078689432,0.2901793918404,0.5210248257355461,0.6641652997059722,2469.477233185264,3148.9137820040028,-0.01754385964912281,0.22406611921261627,-0.549437594048525
O=C(NCc1sccc1)[C@H]1[C@@H]2[C@@](C(=O)[O-])(C)[C@@H](O)[C@H](O)C=C2[C@H]2[C@]31CC(=C)[C@@](O)(C3)CC2,61.0,Low,13.0,2-51,Table2,small_data_set/smiles_review/table2_fixed_review.csv,13.740023620559334,13.740023620559334,0.1756131634752675,-1.844674981103552,0.4865705152284155,44.5625,458.5560000000003,430.3320000000003,458.16428219591,172,0,0.2241445405740876,-0.5494375940485243,0.5494375940485243,0.2241445405740876,1.375,2.125,2.78125,32.13347431127091,9.594997283812424,2.719370453816172,-2.47918409026242,2.726672042501701,-2.604770870307799,7.094349464779761,-0.3277391757799925,3.388219173593143,1.6339545743289772,1019.689391403984,23.05167728494828,17.913427058181245,18.729923639108968,15.0430189754573,11.04362171179758,11.923274523052472,10.237871043850475,11.27011622621223,8.763401635480852,9.639789000172463,7.249126812267674,7.89369107477384,-2.0,17993114.203832168,21.82525951557093,6.997845490920283,2.696789536266349,190.0179193918348,30.53743536744097,0.0,0.0,5.907179729351506,0.0,0.0,4.794537184071822,0.0,0.0,11.336785877934735,31.21816458865388,54.035717376259015,16.210043709259473,36.24095132650611,30.015183947506465,23.21327089523809,0.0,5.316788604006331,28.58369907727774,56.96076368378753,0.0,46.19110895166134,0.0,0.0,10.423315998847038,0.0,0.0,11.336785877934735,45.00505078830576,16.133830774056218,28.58369907727774,37.48417088509596,41.31396175796005,0.0,0.0,0.0,129.92000000000002,46.44408190554848,30.015183947506465,0.0,11.8250857755129,43.37425195775515,4.877147193701299,18.26052307762536,6.076020106833881,17.512796907389134,11.895724287604828,0.0,0.0,1.5138149141339523,27.12840767714595,49.84683610936722,-2.260327656525571,-3.599708810993535,3.805890614599579,0.3626049796130061,5.7858155059927245,0.0,0.5833333333333334,32,4,7,4,0,4,1,0,1,1,0,2,7,4,8,1,4,3,0,3,1,0,4.772806059037595,5,0.5057999999999994,114.83710000000004,1,3,2,0,0,0,0,0,1,1,2,2,0,0,0,0,1,0,0,0,0,0,0,0,0,0,1,1,0,0,0,0,0,0,0,0,3,0,0,0,0,0,0,0,0,0,0,0,0,0,0,0,0,0,0,0,0,0,0,0,0,0,0,0,0,0,0,0,0,0,0,0,0,0,0,0,0,0,0,0,0,0,1,0,0,4.007926834452774,0.19944994308186864,0.2808623923232582,0.44974543364414826,0.7054008643985,3074.0123835380364,4822.212964760498,-0.016666666666666666,0.22414454057408761,-0.5494375940485241,4.019282474461326,0.1992977320242607,0.2792727743073968,0.45068694014029825,0.7044941702083902,3094.722853052019,4844.66466537301,-0.016666666666666666,0.22414454057408761,-0.5494375940485241,4.0302307418884755,0.1976483491667442,0.2836914705325891,0.4527307936573656,0.7059511464582544,3122.5680948293025,4872.361118443164,-0.016666666666666666,0.22414454057408761,-0.5494375940485241
O=C([O-])[C@H]1c2c(C)cccc2[C@@H]2[C@]31CC(=C)[C@@](O)(C3)CC2,56.0,Low,8.0,2-52,Table2,small_data_set/smiles_review/table2_fixed_review.csv,11.942645975056688,11.942645975056688,0.2035416666666663,-1.0074074074074064,0.799306309651484,40.0,283.34700000000004,264.19499999999994,283.13396804791006,110,0,0.0860110371816142,-0.5494740036537731,0.5494740036537731,0.0860110371816142,1.4761904761904765,2.238095238095238,2.952380952380953,16.367066718653966,9.62958700525244,2.639973150347535,-2.4254062636134948,2.707039464910436,-2.4321328940403637,5.796800125804607,-0.3108535563871579,2.787762906294566,1.9770615810376515,677.0410539190319,14.991199352633217,12.185995428308551,12.185995428308551,9.889299871438157,7.598816331067707,7.598816331067707,7.14297693305491,7.14297693305491,6.19533240778309,6.19533240778309,5.387999898403193,5.387999898403193,-1.61,76919.95411047967,13.08076309947436,3.773502734205184,1.4005963358011364,123.85360160392014,15.007591973753234,0.0,0.0,0.0,0.0,0.0,0.0,0.0,0.0,0.0,24.77803688898333,66.20337921211309,11.887211334113244,5.601050810983688,15.007591973753234,5.969305287951849,0.0,0.0,5.41499046939678,50.04388659470115,0.0,47.04149589414358,0.0,0.0,5.106527394840706,0.0,0.0,0.0,16.676883493776245,4.794537184071822,12.338727669087405,54.20945305911782,30.3511414190526,0.0,0.0,0.0,60.36,22.90325261449371,15.007591973753234,0.0,5.917906046161393,19.26246486877803,28.684280628086267,0.0,0.0,19.056471336613843,12.645302752060108,0.0,0.0,0.0,11.942645975056688,22.70969860166289,2.604601284958429,-1.4244444444444444,6.0336928382464095,2.6233659297052148,6.010439814814815,0.0,0.5,21,1,3,3,0,3,0,1,0,1,0,2,3,1,3,0,1,2,0,2,1,0,2.350490253397941,4,1.7870199999999996,76.65880000000003,1,1,0,0,0,0,0,0,1,1,1,1,0,0,0,0,0,0,0,0,0,0,0,0,0,0,0,0,0,0,1,0,0,0,1,0,3,0,0,0,0,0,0,0,0,0,0,0,0,0,0,0,0,0,0,0,0,0,0,0,0,0,0,0,0,0,0,0,0,0,0,0,0,0,0,0,0,0,0,0,0,0,0,0,0,3.038453891805026,0.24123750403152083,0.3361536326501764,0.39226303075895935,0.7745534371892154,947.1290713415048,1870.1789874349006,-0.025000000000000005,0.2113366870157602,-0.5494740036537731,3.0384530797027316,0.24123672814489797,0.33615480908650863,0.3922637613082571,0.7745534038510299,947.1300242271857,1870.1773054721286,-0.025,0.21133668701576022,-0.5494740036537732,3.038454148543295,0.24123717139536255,0.3361541908062846,0.39226331771289796,0.7745537371771392,947.1296676958856,1870.1795212238615,-0.024999999999999998,0.21133668701576028,-0.5494740036537732
O=C(NCCc1cc2OCOc2cc1)[C@H]1[C@@H]2[C@@](C(=O)[O-])(C)[C@@H](O)[C@H](O)C=C2[C@H]2[C@]31CC(=C)[C@@](O)(C3)CC2,56.0,Low,2.0,2-53,Table2,small_data_set/smiles_review/table2_fixed_review.csv,13.972942859242464,13.972942859242464,0.1736923865448116,-1.878017049163558,0.4112536999457013,41.13513513513514,510.5630000000004,478.3070000000004,510.2133405639099,198,0,0.2308003569870839,-0.5494375940485341,0.5494375940485341,0.2308003569870839,1.2432432432432432,2.0,2.756756756756757,16.69683026903619,9.5949587805611,2.719473301327507,-2.479291270521834,2.7267960220278398,-2.605505616104155,5.847638397140987,-0.3277392865337848,3.4733231314585318,1.3379124614222628,1226.5340433174324,26.32769816688717,20.7358889110182,20.7358889110182,17.509345470646082,12.872085936274722,12.872085936274722,11.669344518520589,11.669344518520589,9.89633696493269,9.89633696493269,8.088224281427529,8.088224281427529,-2.88,251740628.85857663,24.456369453122058,8.057728268809347,3.264727353739542,214.32869965570103,40.01116127504107,0.0,11.49902366656781,12.700122035451331,0.0,0.0,4.794537184071822,0.0,0.0,0.0,31.21816458865388,66.7062947888777,17.877652921470748,29.69619492059353,39.48890985510656,11.876485017303356,0.0,5.316788604006331,28.58369907727774,56.83682890080097,13.337698712012402,47.563717547652736,0.0,11.49902366656781,19.897041906447136,0.0,11.49902366656781,0.0,58.34274950031816,16.00989599106965,28.58369907727774,38.17047518309165,42.00026605595574,0.0,0.0,0.0,148.38,46.44408190554848,30.015183947506465,0.0,18.618028081612728,61.29409724724897,5.563451491696996,12.999757306524504,0.0,18.19910120538483,11.895724287604828,9.473725907600098,10.776178328903832,0.0,26.513786500058167,48.36504753307112,-1.4477460585261617,-2.418052533439231,5.594291543017227,0.7388889853708539,5.960939034877526,0.0,0.5714285714285714,37,4,9,4,1,5,1,1,0,1,0,2,8,4,9,1,5,3,0,3,1,0,5.3260210674288375,6,0.2154999999999998,127.95010000000003,1,3,2,0,0,0,0,0,1,1,2,2,0,0,0,0,1,0,0,0,0,0,0,0,0,0,1,1,0,0,0,0,0,0,1,0,4,0,0,0,0,2,0,0,0,0,0,0,0,0,0,0,0,0,0,0,0,0,0,0,0,0,0,0,0,0,0,0,0,0,0,0,0,0,0,0,0,0,0,0,0,0,0,0,0,4.895797815335464,0.38464441708088254,0.19653153411587013,0.28180790956959545,0.8211831111534806,3243.107084949083,9588.708620098636,-0.014492753623188408,0.2308003569870839,-0.5494375940485341,4.895504640087284,0.38755673745938457,0.19827209180280927,0.28028856888775433,0.8254837010877297,3212.7000727605905,9637.341566768788,-0.014492753623188408,0.2308003569870839,-0.5494375940485341,4.920760577644037,0.4013833362262094,0.1866016711560938,0.268205645782855,0.8301179255269747,3150.882658328052,9797.659154594581,-0.014492753623188408,0.2308003569870839,-0.5494375940485341
O=C([O-])[C@H]1[C@@H]2[C@@](C(=O)[O-])(C)[C@@H](O)[C@H](O)C=C2[C@H]2[C@]31CC(=C)[C@@](O)(C3)CC2,55.0,Low,3.0,2-54,Table2,small_data_set/smiles_review/table2_fixed_review.csv,12.19645124716553,12.19645124716553,0.1719293272864703,-1.9698752834467117,0.4768742642233631,52.23076923076923,362.3780000000002,340.2020000000001,362.13765020382,142,0,0.0991651367206061,-0.5498182627794943,0.5498182627794943,0.0991651367206061,1.3076923076923077,1.9615384615384612,2.5384615384615383,16.379823124938397,9.598417056345104,2.7060961744194354,-2.4868050458356565,2.724696133716796,-2.6074148019394805,5.796657867423562,-0.3324629312629685,2.920097897035835,1.9622646139176043,756.9865958228268,19.23168632863937,14.474269469425824,14.474269469425824,11.98737608279147,8.895470868954037,8.895470868954037,8.759738984065569,8.759738984065569,7.717915331404219,7.717915331404219,6.51010800165789,6.51010800165789,-1.6999999999999995,579575.1904078785,17.70079700519261,4.9667395376550125,1.784325645624673,150.19989136955067,35.12171134234717,0.0,0.0,0.0,0.0,0.0,0.0,0.0,0.0,0.0,25.15179752019227,42.58928753733147,23.220107849671415,23.778288874432143,35.12171134234717,11.9386105759037,0.0,0.0,28.58369907727774,50.41600727787497,0.0,23.80116485057092,0.0,0.0,10.213054789681411,0.0,0.0,0.0,45.0671763469061,9.589074368143644,28.58369907727774,32.60702369139466,23.80116485057092,0.0,0.0,0.0,140.95,52.413387193500334,35.12171134234717,0.0,18.75954929201341,23.987852305990558,0.0,12.999757306524504,0.0,0.0,6.578935683598497,0.0,0.0,0.0,24.18569558610481,55.7024219340514,-2.9606306689342388,-5.591461167800454,0.0,-0.4087034674981102,5.156011117409927,0.0,0.6842105263157895,26,3,7,4,0,4,0,0,0,0,0,2,7,3,7,0,2,3,0,3,1,0,3.381355705142137,4,-2.1221999999999976,83.67840000000001,2,3,2,0,0,0,0,0,2,2,2,2,0,0,0,0,0,0,0,0,0,0,0,0,0,0,1,0,0,0,0,0,0,0,0,0,3,0,0,0,0,0,0,0,0,0,0,0,0,0,0,0,0,0,0,0,0,0,0,0,0,0,0,0,0,0,0,0,0,0,0,0,0,0,0,0,0,0,0,0,0,0,0,0,0,3.307109561794584,0.1923734025051921,0.39540921696188075,0.44425761435610833,0.879755507951876,1512.0129316054347,3001.807950245633,-0.04166666666666666,0.21133668490532587,-0.5498182627794943,3.302626446844004,0.1954955320326854,0.3918204346358984,0.44078936692466975,0.8681870823607973,1504.3548086088533,2973.932026555655,-0.04166666666666666,0.21133668490532587,-0.5498182627794943,3.3189346276442167,0.2093372301135677,0.38035361297990866,0.42641549330834366,0.8520941332692854,1486.7253746816787,2986.0688128919282,-0.04166666666666665,0.2113366849053259,-0.5498182627794943
O=C([O-])[C@H]([NH2+]C[C@]12C(=O)C[C@@]3([C@@H](C(=O)[O-])c4c(C)cccc4[C@H]3CC1)C2)CC(=O)[O-],52.0,Low,5.0,2-55,Table2,small_data_set/smiles_review/table2_fixed_review.csv,13.198824640967498,13.198824640967498,0.0601556069958855,-1.5268944703684957,0.4957787126439685,32.36666666666667,413.4260000000002,390.2420000000002,413.14854923582,160,0,0.1448008938183324,-0.5499058645180618,0.5499058645180618,0.1448008938183324,1.2333333333333334,1.9666666666666663,2.6,16.37689309412842,9.601119358206905,2.671135338974321,-2.433547552239316,2.7070227478823083,-2.9534530266852514,5.919418482037653,-0.6915691323503097,3.0618890588942365,1.6708707547859476,956.8044809155708,21.84457050376173,16.64183060469371,16.64183060469371,14.110332543514856,10.187888698926528,10.187888698926528,9.152833092886947,9.152833092886947,7.669245448194893,7.669245448194893,6.470253962108243,6.470253962108243,-2.74,4710116.186853239,20.529456296149387,6.9051417643733854,2.847206882548634,172.83163532962615,35.01998234074391,11.8250857755129,0.0,0.0,0.0,0.0,4.794537184071822,0.0,0.0,0.0,18.19910120538483,54.20945305911782,30.698159867917116,17.929052163261204,39.81451952481573,23.691160810220488,0.0,0.0,10.82998093879356,56.90549823579143,6.544756405912575,34.88945568047582,0.0,0.0,20.63637078852845,0.0,0.0,0.0,36.27775804528102,19.178148736287287,17.75371813848418,60.63027468204383,18.19910120538483,0.0,0.0,0.0,154.07,47.11846530088447,34.4977309208094,0.0,24.666729021364915,19.26246486877803,16.690354475090988,5.316788604006331,0.0,25.12283840507545,0.0,0.0,0.0,0.0,47.59912243852944,35.723460590456874,0.941866148363489,-5.24427876378972,4.346076396619049,0.8497598628523952,1.950659993635144,0.0,0.5454545454545454,30,2,8,3,0,3,0,1,0,1,0,2,7,1,8,0,7,2,0,2,1,0,4.725293535680644,4,-3.122879999999994,95.22040000000004,3,0,0,0,0,0,0,0,3,3,4,4,0,0,0,0,0,1,0,0,0,0,0,0,0,0,0,0,0,0,1,0,0,0,1,0,3,0,0,0,0,0,0,0,0,0,0,0,0,0,0,1,1,0,0,0,0,0,0,0,0,0,0,0,0,0,0,0,0,0,0,0,0,0,1,0,0,0,0,0,0,0,0,0,0,4.215354251222717,0.4307256846037582,0.27631507899562796,0.2538181271943294,0.9163668266673736,1702.604836657141,6212.986960125919,-0.03773584905660377,0.34640326412386463,-0.5499058645180617,4.1914283557306025,0.4175228422731434,0.28834551423485827,0.2623967788566544,0.9147058889282299,1733.4091037773694,6113.343007182384,-0.03773584905660377,0.34640326412386463,-0.5499058645180617,4.21879133963262,0.43520650788747167,0.26583970656702643,0.25083354235006516,0.9161853157841515,1688.3725540002918,6229.382546533055,-0.03773584905660377,0.34640326412386463,-0.5499058645180617
O=C([O-])[C@@H](NC(=O)CC[C@@]1(C)C(=O)CC[C@@H]2[C@@H]1C(=O)C[C@]1(C)C(=O)CC[C@@H]21)CC(=O)[O-],45.0,Low,1.0,2-56,Table2,small_data_set/smiles_review/table2_fixed_review.csv,13.152960538656336,13.152960538656336,0.0347649754346184,-1.7451731478161994,0.5182076703640072,35.806451612903224,433.4570000000003,406.2410000000002,433.17476398382,170,0,0.2200605776780739,-0.5500748976964397,0.5500748976964397,0.2200605776780739,1.064516129032258,1.7096774193548387,2.3225806451612905,16.375338343362788,9.484687169779578,2.62265960393845,-2.525037674704352,2.599720515815677,-2.565505771284188,5.991758559417787,-0.3170155206133073,2.9607915794690567,1.7540750063545685,850.44896504736,23.137463722575188,17.73224164996179,17.73224164996179,14.396425711054771,10.69265410704069,10.69265410704069,9.665012894264873,9.665012894264873,7.861164514260136,7.861164514260136,6.203712705098627,6.203712705098627,-2.5800000000000005,4678210.578306401,23.090883761461814,8.16363364345537,4.016250571559213,179.49300425783332,25.118917761831383,17.34973483909482,0.0,5.907179729351506,0.0,0.0,19.178148736287287,0.0,0.0,0.0,13.847474399381248,31.09827696110081,54.82130038753686,12.011146117099807,38.98027789411234,35.19552514435002,0.0,5.316788604006331,28.583699077277743,71.2558882119373,0.0,0.0,0.0,0.0,15.529843393687743,0.0,0.0,0.0,41.23736597349798,28.76722310443093,28.583699077277743,65.21404738278933,0.0,0.0,0.0,0.0,160.56999999999996,47.05633974228412,38.98027789411234,0.0,54.86883342312164,19.26246486877803,0.0,0.0,6.923737199690624,6.923737199690624,5.316788604006331,0.0,0.0,0.0,72.50996027018417,23.79911675438258,-1.764751549572145,-4.912578941510773,-1.7345986476546529,0.9144656776319896,3.521719769872173,0.0,0.7272727272727273,31,1,9,3,0,3,1,0,0,0,0,0,8,1,9,0,7,3,0,3,0,0,6.080823081683451,3,-1.2988999999999984,100.58570000000006,2,0,0,0,0,0,0,0,2,2,6,6,0,0,0,0,1,0,0,0,0,0,0,0,0,0,0,1,0,0,0,0,0,0,0,0,3,0,0,0,0,0,0,0,0,0,0,0,0,0,0,3,3,0,0,0,0,0,0,0,0,0,0,0,0,0,0,0,0,0,0,0,0,0,0,0,0,0,0,0,0,0,0,0,0,4.149459504821677,0.32871623348978407,0.34935015104263445,0.3597025083015284,0.8515473916569753,2183.3624331494466,6026.9824860177605,-0.03448275862068965,0.22006057767807385,-0.5500748976964398,4.211148985285512,0.3424519208727524,0.3376635220761822,0.35163108840042745,0.8539199844049178,2181.3509140813276,6253.686991210441,-0.03448275862068965,0.22006057767807385,-0.5500748976964398,4.222367832167902,0.3676959992619075,0.3377403974782166,0.3310334086537913,0.8741883453859948,2074.4984990193975,6408.97247070979,-0.03448275862068965,0.22006057767807385,-0.5500748976964398
O=C([O-])[C@@]1(C)[C@H]2[C@@](C)([C@@H]3C(C=C(C(C)C)CC3)=CC2)CCC1,34.0,Low,5.0,2-57,Table2,small_data_set/smiles_review/table2_fixed_review.csv,11.830907703391018,11.830907703391018,0.1211933106575966,-0.8384296527252875,0.7764641608629207,41.31818181818182,301.4500000000001,272.218,301.21730374791,122,0,0.0476064016804984,-0.5495569108192813,0.5495569108192813,0.0476064016804984,1.318181818181818,2.0454545454545454,2.6818181818181817,16.368066387166447,9.466280713738296,2.5422856864168506,-2.58379469080257,2.613671790816276,-2.559501891004346,5.726395113659043,-0.3255362832371554,2.459138721643191,1.9987472404856337,541.9104984355639,16.12095586463014,14.445888613995145,14.445888613995145,10.287364805774146,8.90775494877303,8.90775494877303,8.521922737638018,8.521922737638018,7.04601888681874,7.04601888681874,5.588916793478432,5.588916793478432,-1.05,80295.79753909347,15.830857789738989,5.24725829990057,2.1777408177222792,134.23220752864867,9.901064578912528,0.0,0.0,0.0,0.0,0.0,0.0,0.0,0.0,0.0,51.84091516542553,60.84592125258028,11.384295757348628,0.0,9.901064578912528,5.969305287951849,0.0,0.0,28.583699077277736,66.21987853631857,0.0,23.2982492738063,0.0,0.0,5.106527394840706,0.0,0.0,0.0,5.969305287951849,4.794537184071822,28.583699077277736,66.21987853631857,23.2982492738063,0.0,0.0,0.0,40.13,11.384295757348628,9.901064578912528,0.0,11.332896515558172,11.835812092322788,25.68328649170404,18.414747775921285,5.573104530069267,6.923737199690624,32.92325181273964,0.0,0.0,0.0,11.830907703391018,11.830907703391018,2.5065455850550107,0.5379090949651458,0.0,10.967316809439826,8.82641310375798,0.0,0.75,22,0,2,3,0,3,0,0,0,0,0,0,2,0,2,0,2,1,0,1,0,0,3.775845451443341,3,3.871500000000003,86.90700000000005,1,0,0,0,0,0,0,0,1,1,1,1,0,0,0,0,0,0,0,0,0,0,0,0,0,0,4,0,0,0,0,0,0,0,0,0,3,0,0,0,0,0,0,0,0,0,0,0,0,0,0,0,0,0,0,0,0,0,0,0,0,0,0,0,0,0,0,0,0,0,0,0,0,0,0,0,0,0,0,0,0,0,0,0,0,3.6431588413005875,0.49457594080280953,0.2572603237784576,0.2133470192915392,0.9205252097200811,799.9257769856883,3452.06935234638,-0.019607843137254898,0.062523537945633,-0.5495569108192812,3.643269310042859,0.4964913853251043,0.25632143753781383,0.2122199117707802,0.9206255799700375,796.1880261606639,3454.2355949031958,-0.0196078431372549,0.062523537945633,-0.549556910819281,3.6473421472172585,0.4955122328435442,0.25881322484013813,0.21290930454990814,0.9227407916556196,799.3655117805615,3465.4981696176164,-0.019607843137254895,0.062523537945633,-0.5495569108192812
O=C(NCc1c(OC)cc(OC)cc1)[C@H]1[C@@H]2[C@@](C(=O)[O-])(C)[C@@H](O)[C@H](O)C=C2[C@H]2[C@]31CC(=C)[C@@](O)(C3)CC2,17.0,Low,0.0,2-58,Table2,small_data_set/smiles_review/table2_fixed_review.csv,14.07075003149408,14.07075003149408,0.1184958427815572,-1.905318633536977,0.4020223382439747,39.891891891891895,512.5790000000004,478.3070000000004,512.22899062791,200,0,0.224119838832692,-0.5494375940485244,0.5494375940485244,0.224119838832692,1.2432432432432432,1.972972972972973,2.621621621621621,16.47628044081782,9.594935573212206,2.719594899002983,-2.479297216856934,2.726936014864479,-2.604828512380513,5.848230292550311,-0.3277409171394533,3.250889680076711,1.5709988708060327,1194.622273454803,26.91348460451408,21.321675348645105,21.321675348645105,17.423559033019178,12.611232248012824,12.611232248012824,11.336284847135015,11.336284847135015,9.69376281427992,9.69376281427992,7.8419750470023315,7.8419750470023315,-2.88,160812413.23318034,25.756324898784307,8.576447252381847,3.471698329647241,215.33453080923024,40.01116127504107,11.49902366656781,0.0,5.907179729351506,0.0,0.0,4.794537184071822,0.0,0.0,0.0,25.15179752019227,54.72202167425471,29.50747148162936,43.915790003148594,39.48890985510656,11.876485017303356,0.0,5.316788604006331,28.58369907727774,56.96076368378753,14.219595082555069,47.563717547652736,0.0,11.49902366656781,19.897041906447136,0.0,11.49902366656781,0.0,59.22464587086082,16.133830774056218,28.58369907727774,38.17047518309165,42.00026605595574,0.0,0.0,0.0,148.38,46.44408190554848,30.015183947506465,0.0,24.790663804351485,47.471149087181374,0.0,20.10955484780204,25.30889874666236,0.0,11.895724287604828,9.473725907600098,10.69257346521768,0.0,26.63649533030612,48.40210928017335,-1.814791014469268,-2.8034471796902256,5.242130576512565,0.0840434363151584,5.582185087995146,3.0620343509728083,0.5714285714285714,37,4,9,4,0,4,1,1,0,1,0,2,8,4,9,0,6,3,0,3,1,0,5.970209781341427,5,0.4615000000000007,130.06410000000002,1,3,2,0,0,0,0,0,1,1,2,2,0,0,0,0,1,0,0,0,0,0,0,0,0,0,1,1,0,0,0,0,0,0,1,0,3,0,0,0,0,2,0,0,0,0,0,0,0,0,0,0,0,0,0,2,0,0,0,0,0,0,0,0,0,0,0,0,0,0,0,0,0,0,0,0,0,0,0,0,0,0,0,0,0,4.372911608626793,0.259037966049896,0.2793408536503465,0.37724105730650853,0.78868930225624,3414.623416783993,7139.281661871736,-0.014084507042253513,0.22411983883269204,-0.5494375940485247,4.40895120835857,0.2545169009439681,0.26117581611622354,0.3818815380263636,0.7738606563283169,3530.5644537770127,7154.884795207303,-0.014084507042253513,0.22411983883269204,-0.5494375940485247,4.4186555893388855,0.268548309121231,0.2580364048871543,0.36921707934464393,0.7845085544771563,3426.105447667471,7300.752791720279,-0.014084507042253513,0.22411983883269204,-0.5494375940485247
O=C(NCCCCO)[C@H]1[C@@H]2[C@@](C(=O)[O-])(C)[C@@H](O)[C@H](O)C=C2[C@H]2[C@]31CC(=C)[C@@](O)(C3)CC2,17.0,Low,1.0,2-59,Table2,small_data_set/smiles_review/table2_fixed_review.csv,13.540848922902494,13.540848922902494,0.0143984627635873,-1.8564144384605687,0.2662009120240828,45.64516129032258,434.5090000000004,402.2530000000002,434.21842594391,172,0,0.2238515821768455,-0.5494375940485341,0.5494375940485341,0.2238515821768455,1.3225806451612905,2.032258064516129,2.677419354838709,16.376938623491665,9.59497057943,2.7191759433330147,-2.4792875245813986,2.726443465553129,-2.605320330985237,5.846969461935363,-0.3277385246548434,3.0881636107930768,1.8215716591889208,839.7816225883247,22.767220234572104,17.841661899208106,17.841661899208106,14.525380885252256,11.111127880332216,11.111127880332216,10.162444434681014,10.162444434681014,8.630571936113123,8.630571936113123,7.11012283621141,7.11012283621141,-1.7399999999999998,7094898.399452943,22.4538031393256,7.403235016115617,2.9512633528691503,181.20952201074516,35.643962762281674,0.0,0.0,5.907179729351506,0.0,0.0,4.794537184071822,0.0,0.0,0.0,25.15179752019227,55.4309307831835,24.484534885983667,29.69619492059353,35.12171134234717,11.876485017303356,0.0,5.316788604006331,28.58369907727774,63.25765052372698,13.151638370425491,23.80116485057092,0.0,0.0,10.423315998847038,0.0,0.0,0.0,63.26321655357195,9.589074368143644,28.58369907727774,45.448666937246685,23.80116485057092,0.0,0.0,0.0,150.15,46.44408190554848,30.015183947506465,0.0,18.43196774002582,56.215895203607175,0.0,12.999757306524504,0.0,0.0,11.895724287604828,5.106527394840706,0.0,0.0,25.883167721002543,56.58162460309218,-2.331088871888157,-3.68680334467988,0.0,1.3703730742628657,5.766060151543782,0.0,0.7391304347826086,31,5,8,4,0,4,1,0,0,0,0,2,7,5,8,0,6,3,0,3,1,0,5.362283278903936,4,-0.983399999999998,108.00090000000004,1,4,3,0,0,0,0,0,1,1,2,2,0,0,0,0,1,0,0,0,0,0,0,0,0,0,1,1,0,0,0,0,0,0,0,0,3,0,0,0,0,0,0,0,0,0,0,0,0,0,0,0,0,0,0,0,0,0,0,0,0,0,0,0,0,0,0,0,0,0,0,0,0,0,0,0,0,0,0,0,0,0,0,1,0,3.9434422093866806,0.18915039244130122,0.255004831088465,0.46489807336540284,0.6929318987550672,2907.984353361527,4344.1307172776305,-0.015873015873015872,0.22385158217684548,-0.5494375940485341,3.947835853490002,0.19171564826316126,0.24645707871658118,0.46476872857711865,0.6847594398499237,2924.9424572643616,4321.834696631673,-0.015873015873015872,0.22385158217684548,-0.5494375940485341,3.9591041689804407,0.19014686407006132,0.2440203776748468,0.46858393328397,0.6838536924812167,2961.9757907113426,4331.490440515171,-0.015873015873015872,0.22385158217684548,-0.5494375940485341
O=C([O-])CCNC(=O)CC[C@@]1(C)C(=O)CC[C@@H]2[C@@H]1C(=O)C[C@]1(C)C(=O)CC[C@@H]21,17.0,Low,1.0,2-60,Table2,small_data_set/smiles_review/table2_fixed_review.csv,13.09756959215428,13.09756959215428,0.0116319444444445,-1.236551867623764,0.7082839654204505,37.35714285714285,390.4560000000002,362.23200000000014,390.19221119591,154,0,0.2195408710517158,-0.550100526727081,0.550100526727081,0.2195408710517158,1.0714285714285714,1.75,2.4285714285714284,16.365376827528774,9.484701587882627,2.6223484690553702,-2.524909619506664,2.599575255121925,-2.5630753286268173,5.990670438686994,-0.3049931131694618,2.9036969157539976,1.739123119690279,730.407452117604,20.689869965382485,16.545501581030987,16.545501581030987,13.09189525841446,10.152360647516613,10.152360647516613,9.121706425542053,9.121706425542053,7.521930340398233,7.521930340398233,5.969627855090856,5.969627855090856,-2.0500000000000003,1347483.7833309686,20.678300280657066,7.409072195236855,3.395654361049852,164.17230629119695,15.21785318291886,17.34973483909482,0.0,5.907179729351506,0.0,0.0,19.178148736287287,0.0,0.0,0.0,13.847474399381248,31.09827696110081,61.36605679344942,0.0,29.07921331519981,29.22621985639817,0.0,5.316788604006331,28.583699077277743,65.21404738278933,6.544756405912575,0.0,0.0,0.0,10.423315998847038,0.0,0.0,0.0,35.77097626231075,23.97268592035911,28.583699077277743,65.21404738278933,0.0,0.0,0.0,0.0,120.43999999999996,22.717192272906804,29.07921331519981,0.0,67.32076955838572,19.26246486877803,6.4208216229260096,0.0,6.923737199690624,6.923737199690624,5.316788604006331,0.0,0.0,0.0,60.86432461348931,12.962026165808114,-1.499552307225987,-1.7055134615269616,0.0,2.534533966262931,3.677514356525935,0.0,0.7619047619047619,28,1,7,3,0,3,1,0,0,0,0,0,6,1,7,0,6,3,0,3,0,0,5.471679273363384,3,0.5825999999999991,96.65770000000003,1,0,0,0,0,0,0,0,1,1,5,5,0,0,0,0,1,0,0,0,0,0,0,0,0,0,0,1,0,0,0,0,0,0,0,0,3,0,0,0,0,0,0,0,0,0,0,0,0,0,0,3,3,0,0,0,0,0,0,0,0,0,0,0,0,0,0,0,0,0,0,0,0,0,0,0,0,0,0,0,0,0,0,0,0,4.444786468856868,0.549313654379587,0.24478724851753256,0.19888630912522576,0.9283899584444065,1321.2765667555584,6867.720719357042,-0.017857142857142856,0.2195408710517158,-0.5501005267270808,4.379762798050255,0.5098622779502787,0.2657058950595681,0.23111196434278314,0.9172306511363651,1403.97256744056,6619.801723087248,-0.017857142857142856,0.2195408710517158,-0.5501005267270808,4.42045355973442,0.4987248885308669,0.27293249603741493,0.23385421402626172,0.914266273175557,1482.1387642512561,6695.190174336124,-0.017857142857142856,0.2195408710517158,-0.5501005267270808
O=C([O-])[C@H]1[C@@H]2[C@@]3(C)[C@@H](O)C=C[C@@]2(OC3=O)[C@H]2[C@]31CC(=C)[C@@](O)(C3)CC2,15.0,Low,10.0,2-61,Table2,small_data_set/smiles_review/table2_fixed_review.csv,12.66694109819854,12.66694109819854,0.2204166666666676,-1.3118891723356003,0.498778354795283,58.04,345.3710000000001,324.2030000000001,345.13436197191,134,0,0.3156446181321973,-0.5498277781129612,0.5498277781129612,0.3156446181321973,1.48,2.2,2.88,16.567966165856912,9.60737802116261,2.8181571615402894,-2.4491935598251118,2.7677495394399614,-2.52749062925748,5.857906838890401,-0.3179611564554645,2.946904275824173,1.7841261782741376,771.8760069846132,17.991199352633213,14.027055873925864,14.027055873925864,11.617132594788393,8.841396124438807,8.841396124438807,8.917212050274836,8.917212050274836,8.108919091527898,8.108919091527898,7.114366223757131,7.114366223757131,-1.66,508594.42134739074,15.583685278823818,4.014630470685709,1.3632118123229282,144.7191379411363,24.85098232239399,11.016041280380469,0.0,0.0,0.0,5.969305287951849,4.794537184071822,0.0,0.0,0.0,12.654955790432378,49.6711387976946,23.72302342643603,11.70501719873199,29.64551950646581,11.9386105759037,0.0,0.0,28.58369907727774,49.913091701110346,0.0,24.304080427335528,0.0,0.0,5.106527394840706,0.0,0.0,0.0,39.45773337530078,14.325937321943693,28.58369907727774,32.60702369139466,24.304080427335528,0.0,0.0,0.0,106.89,51.91047161673572,24.90865655266576,0.0,5.917906046161393,31.256391021773304,0.0,0.0,19.075777413358384,0.0,6.578935683598497,4.736862953800049,5.8455494142101285,0.0,24.94805079207609,33.69826928224994,-3.492297571806499,-3.672283635676493,0.0,3.909535856009071,5.596509196271101,0.0,0.6842105263157895,25,2,6,4,1,5,0,0,0,0,0,4,6,2,6,1,1,3,1,4,1,0,2.5025095106376973,5,-0.3076000000000001,82.54460000000002,1,2,1,0,0,0,0,0,1,1,2,2,0,0,0,0,0,0,0,0,0,0,0,0,0,0,0,0,0,0,0,0,0,0,0,0,1,0,0,0,1,1,0,0,0,0,0,0,0,0,0,0,0,0,0,0,0,0,0,0,0,0,0,0,0,0,0,0,0,0,0,0,0,0,0,0,0,0,0,0,0,0,0,0,0,3.193345607011267,0.2377443461455212,0.3955647427033435,0.3948858763767197,0.8729088745075245,1226.0920500122395,2711.6740825401957,-0.02173913043478262,0.31564461813219735,-0.5498277781129612,3.184574027092565,0.23273773485660545,0.40148568722735395,0.3997181483929096,0.8717381231157714,1232.0662080632264,2689.060875577914,-0.02173913043478262,0.31564461813219735,-0.5498277781129612,3.187000648897053,0.23403308959875707,0.39921268953429623,0.3984720236513078,0.8721786690541462,1230.5876451607305,2695.415701047113,-0.02173913043478262,0.31564461813219735,-0.5498277781129612
O(CC=C)[C@H]1[C@H]2OC[C@@H](OCC=C)[C@H]2OC1,139.0,Low,10.0,2-62,Table2,small_data_set/smiles_review/table2_fixed_review.csv,5.652630385487528,5.652630385487528,0.0003065948601661,-0.0048469387755105,0.6312410796704242,37.25,226.27199999999996,208.128,226.120509056,90,0,0.1147753019209164,-0.3697877594898801,0.3697877594898801,0.1147753019209164,0.9375,1.375,1.75,16.64149523338111,10.107303672799048,2.481486789451061,-2.1589446796409084,2.2986630745597547,-2.33685428569908,4.960254937750325,-0.0401682339144924,2.8558182135134667,1.8463147959542403,227.40331533468296,11.380468888623982,9.339735464112492,9.339735464112492,7.863703305156274,5.546999322744494,5.546999322744494,3.9168182170348,3.9168182170348,2.8188508976691544,2.8188508976691544,2.098206037375822,2.098206037375822,-0.68,7702.141721845819,11.79517781622453,5.589552851395162,2.351785500912917,95.81692683279276,18.9474518152002,24.41586555099321,0.0,0.0,0.0,0.0,0.0,0.0,0.0,13.157871367196996,12.152040213667762,0.0,0.0,26.427527858051672,18.9474518152002,0.0,0.0,0.0,0.0,24.41586555099321,26.427527858051672,25.30991158086476,0.0,0.0,0.0,0.0,0.0,0.0,50.84339340904488,18.9474518152002,0.0,0.0,25.30991158086476,0.0,0.0,0.0,36.92,0.0,0.0,0.0,24.41586555099321,26.427527858051672,0.0,0.0,12.152040213667762,0.0,13.157871367196996,18.9474518152002,22.45537336230789,0.0,0.0,0.0,0.0,0.0,0.0,3.4511838168845737,9.426776154140873,0.0,0.6666666666666666,16,0,4,0,2,2,0,0,0,0,0,0,4,0,4,2,6,0,2,2,0,0,4.120610612211924,2,0.9264,59.35400000000004,0,0,0,0,0,0,0,0,0,0,0,0,0,0,0,0,0,0,0,0,0,0,0,0,0,0,0,0,0,0,0,0,0,0,0,0,1,0,0,0,0,4,0,0,0,0,0,0,0,0,0,0,0,0,0,0,0,0,0,0,0,0,0,0,0,0,0,0,0,0,0,0,0,0,0,0,0,0,0,0,0,0,0,0,0,3.3936139147489532,0.6771899609486488,0.19115044047954843,0.12447777536212687,0.9589331215843676,307.550254523949,2403.261733179528,1.6326809185664067e-18,0.1147753019209165,-0.36978775948988,3.396550118260131,0.6717781124987314,0.19242873680222966,0.12685202646602317,0.9559945372907994,314.3170907034846,2399.794744416962,1.6326809185664067e-18,0.1147753019209165,-0.36978775948988,3.4040065419677057,0.6816428134603246,0.190092667688974,0.12208842316564539,0.9569879665015395,305.5484243452875,2416.233923702271,1.6326809185664067e-18,0.1147753019209165,-0.36978775948988
O=C(OC)[C@@H](NC(=O)CC[C@@]1(C)C(=O)CC[C@@H]2[C@@H]1C(=O)C[C@]1(C)C(=O)CC[C@@H]21)Cc1[nH]cnc1,118.0,Low,16.0,2-63,Table2,small_data_set/smiles_review/table2_fixed_review.csv,13.335835040805314,13.335835040805314,0.0044485007169896,-0.9499550815696644,0.5803051298124764,33.73529411764706,471.55400000000026,438.29000000000025,471.23693577600005,184,0,0.3282671759141554,-0.4674760228633221,0.4674760228633221,0.3282671759141554,1.2058823529411764,1.9411764705882355,2.617647058823529,16.525189535989966,9.484686414313613,2.622927849892365,-2.52498656354116,2.599866682954957,-2.564165004628272,5.991600285637903,-0.1598580011539253,3.411403261705208,1.4684152624076785,1004.2992534900644,24.67299762850792,20.017659202913272,20.017659202913272,16.09622655606403,12.03640215572464,12.03640215572464,10.57397463493918,10.57397463493918,8.670448656178676,8.670448656178676,6.795535504699469,6.795535504699469,-2.8400000000000003,40436836.58720089,24.289825754542612,9.074786826939247,4.09335374511314,198.3424624909292,15.037630078753589,23.391575668242776,0.0,5.907179729351506,0.0,5.969305287951849,19.178148736287287,9.77851570501903,0.0,0.0,13.847474399381248,31.09827696110081,60.74276666604655,13.437117616042077,28.709548874159157,29.22621985639817,0.0,15.284745645900747,28.583699077277743,71.2558882119373,7.109797541277533,18.21809164122608,0.0,0.0,5.316788604006331,0.0,0.0,0.0,52.34581526871808,35.13037049708517,28.583699077277743,64.48715375471178,12.524163646377618,0.0,0.0,0.0,135.28999999999996,28.75903310205476,23.97268592035911,0.0,60.77601315247314,24.95639286362649,6.4208216229260096,13.437117616042077,13.1205807713037,6.923737199690624,15.284745645900747,4.736862953800049,4.822073266187953,0.0,70.86255659735826,2.707568042827783,-0.8878582169867435,-1.1747189146771675,-0.8869597587657656,5.917791805967015,3.716400186087721,1.2564803253342838,0.68,34,2,9,3,0,3,1,0,1,1,0,0,7,2,9,1,7,3,0,3,0,0,6.483087964293324,4,1.949999999999999,120.26240000000004,0,0,0,0,0,2,1,0,0,0,5,5,0,0,0,1,2,0,0,0,0,1,0,0,0,0,0,1,0,0,0,0,0,0,0,0,3,0,0,0,1,1,0,0,0,0,0,1,0,0,0,3,3,0,0,1,0,0,0,0,0,0,0,0,0,0,0,0,0,0,0,0,0,0,0,0,0,0,0,0,0,0,0,0,0,5.031538460621349,0.564768681648784,0.21715058457282957,0.1816567983454062,0.9394826377778954,1975.8197961701019,10660.891013048731,1.2427869678639807e-18,0.32826717591415533,-0.467476022863322,4.967584402637132,0.5476620601735919,0.21423694403706273,0.1914072674312435,0.9291891338565123,2011.6314602749205,10329.9628647865,1.2427869678639807e-18,0.32826717591415533,-0.467476022863322,4.977957935367623,0.5497740301360687,0.2137709859182997,0.18693208674626713,0.9256072601238771,2012.6925225762504,10335.847136164495,1.2427869678639807e-18,0.32826717591415533,-0.467476022863322
O=C(NCC#N)[C@H]1[C@@H]2[C@@]3(C)[C@@H](O)[C@H](OC3=O)C=C2[C@H]2[C@]31CC(=C)[C@@](O)(C3)CC2,97.0,Low,12.0,2-64,Table2,small_data_set/smiles_review/table2_fixed_review.csv,13.303782596371882,13.303782596371882,0.026560846560846,-1.2107847930838995,0.3639978172128626,50.35714285714285,384.4320000000003,360.2400000000001,384.168521868,148,0,0.3154295933912751,-0.4547949396022873,0.4547949396022873,0.3154295933912751,1.5357142857142858,2.2857142857142856,3.0,16.56576759292658,9.603698294450586,2.7500424294590564,-2.422804476352709,2.735486255188819,-2.5206115915482523,5.874527892199683,-0.1513134816595937,3.083303270455874,1.6977241271115204,889.7170566681881,20.06011345338556,15.773127960148509,15.773127960148509,13.18717692780073,9.849563673306989,9.849563673306989,9.408495694223236,9.408495694223236,8.312450458246216,8.312450458246216,7.116419824539887,7.116419824539887,-2.17,2500309.2047748067,17.896633259495168,5.248828544572151,1.8103416474695857,162.59723028281024,20.26670634748779,24.16767965080596,0.0,5.907179729351506,0.0,5.969305287951849,9.589074368143644,0.0,5.261891554738487,0.0,12.152040213667764,55.58904484385599,5.917906046161393,17.588178169937358,24.538992111625102,11.876485017303356,5.261891554738487,5.316788604006331,28.58369907727774,50.41600727787497,6.544756405912575,23.80116485057092,0.0,6.069221312792274,5.316788604006331,0.0,0.0,0.0,46.44327979937763,14.325937321943693,39.9148119448085,32.60702369139466,23.80116485057092,0.0,0.0,0.0,119.65000000000002,46.44408190554848,19.802129157825057,0.0,18.36984218142548,25.68328649170404,11.146209060138537,0.0,6.923737199690624,12.145241419626156,11.895724287604828,9.998754508538536,5.427468309082893,0.0,26.086078947782816,33.52918876501218,-1.008377280696228,-1.8974593463928795,1.929329714138742,2.358234310699588,5.658869913706223,0.0,0.6666666666666666,28,3,7,4,1,5,1,0,0,0,0,4,6,3,7,1,2,3,1,4,1,0,3.354869982292056,5,0.5822799999999988,96.16030000000003,0,2,1,0,0,0,0,0,0,0,2,2,0,0,0,1,1,0,0,0,0,0,0,0,0,0,1,1,0,0,0,0,0,0,0,0,6,0,0,0,1,1,0,0,0,0,0,0,0,0,0,0,0,0,0,0,0,1,0,0,0,0,0,0,0,0,0,0,0,0,0,0,0,0,0,0,0,0,0,0,0,0,0,0,0,3.5191163493972715,0.15117082852304778,0.30912948149429964,0.5072683521320406,0.7095307373047893,2178.668969225005,3047.839667898662,1.8681637433596383e-18,0.31542959339127513,-0.4547949396022873,3.519803406891381,0.14725563619604923,0.3097936520418232,0.5151472419575321,0.7045925540380227,2209.849153042703,3024.2002140868744,1.8681637433596383e-18,0.31542959339127513,-0.4547949396022873,3.5154029464389502,0.14050499720471707,0.3198157401731676,0.5284844541308759,0.6951915318538968,2256.761234185994,2971.4952114579132,1.8681637433596383e-18,0.31542959339127513,-0.4547949396022873
O=C(OC)[C@@H](NC(=O)[C@H]1[C@@H]2[C@@]3(C)[C@@H](O)[C@H](OC3=O)C=C2[C@H]2[C@]31CC(=C)[C@@](O)(C3)CC2)CO,96.0,Low,8.0,2-65,Table2,small_data_set/smiles_review/table2_fixed_review.csv,13.766795634920634,13.766795634920634,0.085830367640884,-1.3285096608087676,0.33665719617443,46.65625,447.4840000000003,418.2520000000002,447.189316888,174,0,0.3302810515532586,-0.4674198647597933,0.4674198647597933,0.3302810515532586,1.4375,2.15625,2.8125,16.566252036221528,9.603259543937464,2.751424633312817,-2.42612886611757,2.735893442962177,-2.548509745611772,5.899652328132557,-0.1536034440471933,3.193697718889976,1.6375358295304514,959.6430570541136,23.21481399176481,18.16697481026585,18.16697481026585,15.029712182901829,11.037173000968512,11.037173000968512,10.29948577047606,10.29948577047606,8.955540513756471,8.955540513756471,7.462683803569219,7.462683803569219,-2.23,15287818.99332058,21.607097773972917,6.647936864651834,2.4153938224944334,185.00383591188137,30.110096696128544,17.622923244893386,6.041840829147961,5.907179729351506,0.0,11.9386105759037,9.589074368143644,4.794537184071822,0.0,0.0,12.152040213667764,55.58904484385599,5.917906046161393,25.235636362935534,39.17691964433767,17.845790305255207,0.0,5.316788604006331,28.58369907727774,56.457848107022926,13.716679505790452,23.80116485057092,0.0,0.0,5.316788604006331,0.0,0.0,0.0,70.73287641119602,23.85733745981556,28.58369907727774,32.60702369139466,23.80116485057092,0.0,0.0,0.0,142.39,70.96928971651272,29.703193736737585,0.0,5.917906046161393,31.256391021773304,12.6829020713468,0.0,12.999757306524504,0.0,16.632587241404877,4.736862953800049,10.12491168014752,0.0,38.74354574354484,34.39428337695654,-1.5358062615478278,-3.419276436654912,-1.2573549697656845,1.7887990648253993,5.079852591116796,1.1643785447106605,0.6956521739130435,32,4,9,4,1,5,1,0,0,0,0,4,8,4,9,1,4,3,1,4,1,0,4.488831932179098,5,-0.4073999999999995,108.57010000000004,0,3,2,0,0,0,0,0,0,0,3,3,0,0,0,0,1,0,0,0,0,0,0,0,0,0,1,1,0,0,0,0,0,0,0,0,6,0,0,0,2,2,0,0,0,0,0,0,0,0,0,0,0,0,0,1,0,0,0,0,0,0,0,0,0,0,0,0,0,0,0,0,0,0,0,0,0,0,0,0,0,0,0,0,0,3.8472239726023383,0.15983731516967029,0.28637451364874933,0.49970816213002706,0.6998422502713094,3006.613853764691,4216.9092211596,7.28015098114857e-18,0.33028105155325865,-0.46741986475979347,3.839244857055009,0.1586621065131401,0.28906378656089565,0.5013854773881395,0.6994840685443561,3003.141128367122,4194.505377744582,7.28015098114857e-18,0.33028105155325865,-0.46741986475979347,3.8600177950985133,0.16523286929350758,0.27757327882927646,0.4906496472404481,0.7053861769679372,2977.280036933685,4283.88833703104,7.28015098114857e-18,0.33028105155325865,-0.46741986475979347
Clc1c(F)ccc(CNC(=O)[C@H]2[C@@H]3[C@@]4(C)[C@@H](O)[C@H](OC4=O)C=C3[C@H]3[C@]42CC(=C)[C@@](O)(C4)CC3)c1,93.0,Low,26.0,2-66,Table2,small_data_set/smiles_review/table2_fixed_review.csv,13.914126826656588,13.914126826656588,0.0029022262409714,-1.2459629342886012,0.4496782116412965,43.794117647058826,487.9550000000004,460.7390000000003,487.156178864,180,0,0.3154295933808252,-0.4547949396023006,0.4547949396023006,0.3154295933808252,1.411764705882353,2.176470588235294,2.911764705882353,35.4956924661493,9.603596682214922,2.750278186817227,-2.423983266890041,2.7359544420190605,-2.519363609719885,6.30322274950992,-0.1513811874352883,3.225232033219476,1.4165776665723098,1183.7222192500512,24.20637782332753,18.81389411823588,19.56982306425433,16.009345470646085,11.741955220278818,12.119919693288043,10.99884293031151,11.406043057052116,9.421529808860786,9.71117627052535,7.828548388537206,8.031688221187991,-2.22,51549199.65968614,22.257053721834424,6.925886650805348,2.63351039576876,201.3656043228168,20.26670634748779,23.44014408593928,0.0,5.907179729351506,0.0,5.969305287951849,9.589074368143644,4.39041504767482,0.0,0.0,29.81934717236189,73.2852304724762,12.462662452073968,16.54159017088641,28.92940715929992,23.47742490753587,0.0,5.316788604006331,28.58369907727774,56.96076368378753,0.0,58.40357170243996,0.0,0.0,5.316788604006331,4.39041504767482,0.0,11.600939890232516,39.898523393465055,20.870693727856267,34.40091991832363,38.17047518309165,42.00026605595574,5.022633313741326,0.0,0.0,95.86,52.26130274659437,24.19254420549988,0.0,23.3924754951668,31.246737983401037,11.146209060138537,12.13273413692322,12.990104268152232,6.076020106833881,11.895724287604828,16.337802844032566,19.066808996838915,5.901092358541552,26.93329229861574,25.24830651211833,-0.4815810264498767,-2.484295633330026,4.285644317995283,2.241510756338706,5.983665863775824,0.0,0.5384615384615384,34,3,6,4,1,5,1,1,0,1,0,4,5,3,8,1,3,3,1,4,1,0,4.533818566420898,6,3.051400000000001,120.79430000000004,0,2,1,0,0,0,0,0,0,0,2,2,0,0,0,0,1,0,0,0,0,0,0,0,0,0,1,1,0,0,0,0,0,0,1,0,6,0,0,0,1,1,0,0,2,0,0,0,0,0,0,0,0,0,0,0,0,0,0,0,0,0,0,0,0,0,0,0,0,0,0,0,0,0,0,0,0,0,0,0,0,0,0,0,0,4.3224354328592955,0.3092674254167352,0.27951547160419704,0.3339376282145974,0.832354070606838,2807.7632217286996,7013.331418917924,1.3650283089653568e-18,0.31542959338082527,-0.4547949396023008,4.34222466704206,0.3204760499474704,0.27040706935301206,0.3245595259472236,0.8326565354147902,2766.880660789544,7109.40593794984,1.3650283089653568e-18,0.31542959338082527,-0.4547949396023008,4.30597460030342,0.3117870133631266,0.27381780020782304,0.33207221654958746,0.830157394269245,2777.544958051583,6951.776284957221,1.3650283089653568e-18,0.31542959338082527,-0.4547949396023008
O=C1[C@]2(C)[C@H]([C@H]3[C@H](C(=O)C2)[C@]2(C)C(=CC(=O)CC2)CC3)CC1,92.0,Low,37.0,2-67,Table2,small_data_set/smiles_review/table2_fixed_review.csv,12.99916761148904,12.99916761148904,0.0320138888888881,-0.4024664194381457,0.6896763188469792,47.63636363636363,300.3980000000001,276.206,300.172544628,118,0,0.1551977146243647,-0.2993179761969362,0.2993179761969362,0.1551977146243647,1.0,1.7727272727272727,2.5454545454545454,16.145347677180876,9.468657586595556,2.615917960259963,-2.551823416946096,2.626663043493445,-2.545316181517906,5.964270296560634,-0.1494964756913611,2.74639307940854,1.7719840088155427,616.1698355860838,15.698306133819765,13.483893416455928,13.483893416455928,10.35984445084558,8.660231699823896,8.660231699823896,8.362457409747728,8.362457409747728,7.364045519359116,7.364045519359116,6.162301388865406,6.162301388865406,-1.25,121544.37212230432,14.349113573407202,4.39435742257031,1.654711051977381,131.07984774079864,0.0,11.566489892729878,5.783244946364939,0.0,0.0,0.0,14.383611552215466,0.0,0.0,0.0,19.420578929450517,49.010109160257485,30.5953613843362,0.0,14.383611552215466,17.34973483909482,0.0,0.0,28.58369907727774,58.79322575986333,0.0,11.64912463690315,0.0,0.0,0.0,0.0,0.0,0.0,17.34973483909482,14.383611552215466,28.58369907727774,58.79322575986333,11.64912463690315,0.0,0.0,0.0,51.21,5.41499046939678,14.383611552215466,0.0,22.89938640828805,36.88152190746575,25.68328649170404,5.573104530069267,0.0,12.999757306524504,6.923737199690624,0.0,0.0,0.0,37.119152021919874,0.0,0.6597713923532378,1.5439435442386835,0.0,7.122927820819685,4.220871887335181,0.0,0.7368421052631579,22,0,3,4,0,4,0,0,0,0,0,0,3,0,3,0,0,3,0,3,0,0,2.8661424426639237,4,3.2664000000000017,82.10700000000004,0,0,0,0,0,0,0,0,0,0,3,3,0,0,0,0,0,0,0,0,0,0,0,0,0,0,1,0,0,0,0,0,0,0,0,0,5,0,0,0,0,0,0,0,0,0,0,0,0,0,0,3,2,0,0,0,0,0,0,0,0,0,0,0,0,0,0,0,0,0,0,0,0,0,0,0,0,0,0,0,0,0,0,0,0,3.368358525732363,0.42051261197362483,0.35837211384993256,0.2578568090882686,0.8966807496098176,811.5490849653875,2838.3402561734874,-1.2067641572012569e-18,0.1551977146243648,-0.2993179761969362,3.3765896802292974,0.42858211798348084,0.34889039084249296,0.2525793194534201,0.8940821763905661,801.9147012187236,2854.3094609113195,-1.206764157201257e-18,0.15519771462436477,-0.29931797619693623,3.364164465541293,0.41536537903779347,0.3636409232332442,0.2610958329758835,0.8978575465483261,818.258835058501,2829.114887857259,-1.2067641572012567e-18,0.1551977146243648,-0.2993179761969361
O=C(N1CCOCC1)[C@H]1[C@@H]2[C@@]3(C)[C@@H](O)[C@H](OC3=O)C=C2[C@H]2[C@]31CC(=C)[C@@](O)(C3)CC2,91.0,Low,18.0,2-68,Table2,small_data_set/smiles_review/table2_fixed_review.csv,14.032532596371883,14.032532596371883,0.0159490740740746,-1.1433606150793647,0.4859118751520255,51.36666666666667,415.48600000000033,386.2540000000002,415.199487648,162,0,0.3154295944832274,-0.4547949395993779,0.4547949395993779,0.3154295944832274,1.3333333333333333,2.066666666666667,2.8,16.565926765778222,9.602068319220304,2.7532369100796945,-2.443964515491134,2.7380754961405147,-2.5422397820664786,5.875280400212005,-0.1557946012579062,3.1647490552075013,1.530554924498308,892.1242180823101,21.05167728494828,17.302696594172012,17.302696594172012,14.22165177041138,11.10226269334374,11.10226269334374,10.470235913461853,10.470235913461853,9.277115032439086,9.277115032439086,7.836282083628362,7.836282083628362,-1.6999999999999995,9604456.38672105,19.02055839623408,5.751285143864845,2.0195529104369285,175.2522203927077,24.586690428131988,17.622923244893386,0.0,5.907179729351506,0.0,5.969305287951849,9.589074368143644,0.0,0.0,0.0,12.152040213667764,55.58904484385599,19.007418857986544,24.73272078617092,29.275855065425148,11.876485017303356,0.0,4.899909730850478,28.58369907727774,50.41600727787497,26.303276740850983,23.80116485057092,0.0,0.0,0.0,0.0,0.0,0.0,71.10170986516653,19.06280027574374,28.58369907727774,32.60702369139466,23.80116485057092,0.0,0.0,0.0,96.3,46.44408190554848,19.802129157825057,0.0,11.8250857755129,45.565741609629015,17.567030683064544,0.0,6.923737199690624,10.975929837684358,6.578935683598497,9.473725907600098,10.978931773326616,0.0,28.863214325081884,22.26705723261527,-0.6425942985218769,-1.196532318174184,0.0,2.800758692365836,8.012497926639792,0.0,0.7391304347826086,30,2,7,4,2,6,1,0,0,0,0,4,6,2,7,2,1,3,2,5,1,0,3.646421831075826,6,0.8012999999999992,104.93660000000004,0,2,1,0,0,0,0,0,0,0,2,2,0,0,0,1,0,0,0,0,0,0,0,0,0,0,1,1,0,0,0,0,0,0,0,0,6,0,0,0,1,2,0,0,0,0,0,0,0,0,0,0,0,0,0,0,1,0,0,0,0,0,0,0,0,0,0,0,0,0,0,0,0,0,0,0,0,0,0,0,0,0,0,0,0,3.5820464802514733,0.11832284588561014,0.34874318072745547,0.5821925068185783,0.661971590443821,2765.74110616934,3145.235721477604,4.116292993843271e-18,0.3154295944832274,-0.4547949395993778,3.5812893228200795,0.11753302653003936,0.3503717332794874,0.5838296471276132,0.6611919434766383,2771.3854910619402,3138.8531413945375,4.116292993843271e-18,0.3154295944832273,-0.4547949395993778,3.591061397888297,0.12172869226304833,0.34096846579350826,0.5760365973345417,0.6618931973754045,2758.3769513002076,3169.2158309722563,4.116292993843271e-18,0.3154295944832273,-0.4547949395993778
O=C1[C@]2(CI)C[C@@]3(C1)[C@@H](C(OC)=O)C([C@@]4(C=C5)[C@]3([H])CC2)[C@](C)(C(O4)=O)[C@H]5O,89.0,Low,9.0,2-69,Table2,small_data_set/smiles_review/table2_fixed_review.csv,13.088610021415974,13.088610021415974,0.1007870370370376,-1.1961121740362812,0.2774135230354362,54.51851851851852,486.3020000000003,463.11800000000034,486.0539364559999,146,0,0.315648400727035,-0.4687661942100342,0.4687661942100342,0.315648400727035,1.4444444444444444,2.185185185185185,2.851851851851852,126.91270413372789,9.59655087393307,2.837070771873864,-2.4467347078399717,2.772820453513947,-2.5050426685708342,14.10877135143174,-0.1627926484818597,3.0934569508476137,1.7617957372845328,808.2936494116552,19.40541291500631,15.366055041898996,17.523553333075316,12.715797569029,9.497423004297048,11.023004676386211,9.323335291484527,10.086126127529113,8.557378708545539,10.017523272155987,7.413803372807278,8.490277391022,-0.96,1603057.233041791,18.092966218145,5.143943863193265,1.714901602901989,170.7221210339194,14.580253302440804,16.79928622674541,0.0,0.0,0.0,11.9386105759037,14.383611552215466,0.0,0.0,0.0,28.666890733901937,37.67721264469931,28.099176586939983,19.13166997518723,28.963864854656265,40.31272614933669,0.0,0.0,33.99868954667451,44.31204089012665,11.537349943571945,12.152040213667762,0.0,0.0,0.0,0.0,0.0,22.590870627068057,46.07075005941327,23.85733745981556,33.99868954667451,32.60702369139466,12.152040213667762,0.0,0.0,0.0,89.90000000000002,46.309420805752026,19.49013894705617,0.0,17.116141461923114,12.84164324585202,17.26919564814643,7.109797541277533,12.999757306524504,6.076020106833881,22.590870627068057,9.473725907600098,11.931660131645252,2.2817117646132528,39.02903019494835,10.682871908856136,-3.070565188019652,-1.8596941662467457,0.0,4.9083760854959255,1.6966069066515497,1.3533356953892668,0.75,27,1,6,4,1,5,0,0,0,0,0,4,6,1,7,1,2,3,1,4,1,0,3.44700750165889,5,1.8187,101.79080000000005,0,1,1,0,0,0,0,0,0,0,3,3,0,0,0,0,0,0,0,0,0,0,0,0,0,1,0,0,0,0,0,0,0,0,0,0,1,0,0,0,2,2,0,0,1,0,0,0,0,0,0,1,1,0,0,1,0,0,0,0,0,0,0,0,0,0,0,0,0,0,0,0,0,0,0,0,0,0,0,0,0,0,0,0,0,3.9456857723261862,0.4495609379673423,0.3620800928320097,0.23998962762543732,0.913780327056894,1679.2142471172629,6433.029675061447,2.7755575615628923e-18,0.31564840072703504,-0.46876619421003407,3.9280296592798103,0.4430976850020271,0.3784482407214394,0.24411334743719668,0.9165925010474,1687.354749423613,6374.147728841493,2.775557561562892e-18,0.31564840072703504,-0.4687661942100341,3.957318660838081,0.45477432672509227,0.36930387619123023,0.2370617969690093,0.9161961912347835,1668.191767596649,6489.296025410751,2.7755575615628923e-18,0.31564840072703504,-0.46876619421003407
O=C(OC)CNC(=O)CC[C@@]1(C)C(=O)CC[C@@H]2[C@@H]1C(=O)C[C@]1(C)C(=O)CC[C@@H]21,85.0,Low,20.0,2-70,Table2,small_data_set/smiles_review/table2_fixed_review.csv,13.11547363255832,13.11547363255832,0.0097046981097304,-0.8932808956916101,0.7138693016996888,37.25,391.4640000000002,362.23200000000014,391.199487648,154,0,0.3246294582052014,-0.467698128533052,0.467698128533052,0.3246294582052014,1.1071428571428572,1.7857142857142858,2.4642857142857144,16.52401962397103,9.484702439144757,2.6224239481829743,-2.5248805167623027,2.5995755754477763,-2.5631634833780264,5.9910927964195295,-0.1598047977136499,2.948468506823048,1.7568943171877058,730.407452117604,20.689869965382485,16.83839479984444,16.83839479984444,13.129900060875244,10.060608937980476,10.060608937980476,9.00260726607062,9.00260726607062,7.528203010742766,7.528203010742766,5.9085683576403465,5.9085683576403465,-2.0500000000000003,1467968.757834525,20.678300280657066,7.409072195236855,3.286913507143736,164.4916177685078,10.05365155780638,23.89449124500739,0.0,5.907179729351506,0.0,5.969305287951849,23.97268592035911,0.0,0.0,0.0,13.847474399381248,31.09827696110081,42.431173476659,7.109797541277533,28.709548874159157,29.22621985639817,0.0,5.316788604006331,28.583699077277743,58.79322575986332,13.65455394719011,0.0,0.0,0.0,5.316788604006331,0.0,0.0,0.0,42.88077380358828,28.709548874159157,28.583699077277743,58.79322575986332,0.0,0.0,0.0,0.0,106.61,22.717192272906804,23.97268592035911,0.0,60.899947935459714,19.26246486877803,6.4208216229260096,7.109797541277533,6.923737199690624,6.923737199690624,10.05365155780638,0.0,4.494960643361045,0.0,61.681891516719205,2.482706931716672,-1.479157181770558,-0.9536617540242563,0.0,2.864214052123573,3.49974564416664,1.2426334810410111,0.7619047619047619,28,1,7,3,0,3,1,0,0,0,0,0,6,1,7,0,5,3,0,3,0,0,5.471679273363384,3,1.6155999999999993,99.04970000000004,0,0,0,0,0,0,0,0,0,0,5,5,0,0,0,0,1,0,0,0,0,0,0,0,0,0,0,1,0,0,0,0,0,0,0,0,3,0,0,0,1,1,0,0,0,0,0,0,0,0,0,3,3,0,0,1,0,0,0,0,0,0,0,0,0,0,0,0,0,0,0,0,0,0,0,0,0,0,0,0,0,0,0,0,0,4.404050295368017,0.5362605480540127,0.21887089874655763,0.19660180861050178,0.9046402208373829,1381.1579104391838,6583.699340441853,-3.4085794615684625e-18,0.32462945820520145,-0.46769812853305187,4.391154112389616,0.5328856232244013,0.22589101573774242,0.20550716697017093,0.9024450289653224,1385.9407257092869,6563.089389164213,-3.4085794615684625e-18,0.32462945820520145,-0.46769812853305187,4.365529495238213,0.5128410733445581,0.23463556935483698,0.2130767978152088,0.892822009768586,1451.5302548901639,6399.945464737301,-3.4085794615684625e-18,0.32462945820520145,-0.46769812853305187
O=C(NCCO)[C@H]1[C@@H]2[C@@]3(C)[C@@H](O)[C@H](OC3=O)C=C2[C@H]2[C@]31CC(=C)[C@@](O)(C3)CC2,83.0,Low,5.0,2-71,Table2,small_data_set/smiles_review/table2_fixed_review.csv,13.34378259637188,13.34378259637188,0.0469690098261521,-1.1903766298185938,0.4004663327205245,50.71428571428572,389.44800000000026,362.23200000000014,389.183837584,152,0,0.3154295933756444,-0.4547949396023072,0.4547949396023072,0.3154295933756444,1.4642857142857142,2.2142857142857144,2.9285714285714284,16.5657918950358,9.60368800547328,2.7499677510726275,-2.423635492130189,2.735495530785502,-2.522522834162837,5.873678142674983,-0.1513776059357059,3.083303270455874,1.6845902352661426,821.7134484562737,20.06011345338556,15.980234741335057,15.980234741335057,13.18717692780073,10.088631250980573,10.088631250980573,9.547211913668162,9.547211913668162,8.381808567968678,8.381808567968678,7.168877445049628,7.168877445049628,-1.6999999999999995,2500309.2047748067,18.336292738184707,5.461723254207051,1.901201344883692,162.99888435353756,25.37323374232849,17.622923244893386,0.0,5.907179729351506,0.0,5.969305287951849,9.589074368143644,0.0,0.0,0.0,12.152040213667764,55.58904484385599,12.462662452073968,18.125838821658,29.64551950646581,11.876485017303356,0.0,5.316788604006331,28.58369907727774,50.41600727787497,13.151638370425491,23.80116485057092,0.0,0.0,5.316788604006331,0.0,0.0,0.0,58.15668915873125,14.325937321943693,28.58369907727774,32.60702369139466,23.80116485057092,0.0,0.0,0.0,116.09000000000002,46.44408190554848,24.90865655266576,0.0,24.97672414593839,25.68328649170404,11.146209060138537,0.0,6.923737199690624,6.076020106833881,11.895724287604828,4.736862953800049,5.439813988095239,0.0,26.13842462679516,33.91499123414798,-0.9085331763878384,-1.7311484053497956,0.0,2.470616995254892,5.759168070777693,0.0,0.7142857142857143,28,4,7,4,1,5,1,0,0,0,0,4,6,4,7,1,3,3,1,4,1,0,3.576705587288975,5,0.0509999999999994,97.63310000000004,0,3,2,0,0,0,0,0,0,0,2,2,0,0,0,0,1,0,0,0,0,0,0,0,0,0,1,1,0,0,0,0,0,0,0,0,6,0,0,0,1,1,0,0,0,0,0,0,0,0,0,0,0,0,0,0,0,0,0,0,0,0,0,0,0,0,0,0,0,0,0,0,0,0,0,0,0,0,0,0,0,0,0,0,0,3.541655526925754,0.1448677696490473,0.29181672097509326,0.5272399067624816,0.682480140607467,2331.9342461126325,3016.3751318691434,7.443540733282301e-18,0.31542959337564436,-0.45479493960230716,3.5579308065292166,0.14394932185754628,0.2846035179126499,0.53376405598599,0.6710226593534246,2387.610303551561,2999.9148292604286,7.443540733282301e-18,0.31542959337564436,-0.45479493960230716,3.5514822511636828,0.14290032059098137,0.28566139359056153,0.5317044219588553,0.6764316337289427,2366.340436935782,3008.4563991092537,7.443540733282301e-18,0.31542959337564436,-0.45479493960230716
O=C(NCCO)[C@H]1[C@@H]2[C@@]3(C)[C@@H](O)C=C[C@@]2(OC3=O)[C@H]2[C@]31CC(=C)[C@@](O)(C3)CC2,80.0,Low,3.0,2-72,Table2,small_data_set/smiles_review/table2_fixed_review.csv,13.372637471655327,13.372637471655327,0.1159970238095238,-1.2181544075963715,0.4004663327205245,53.0,389.44800000000026,362.23200000000014,389.183837584,152,0,0.3156471771637853,-0.4536216290804239,0.4536216290804239,0.3156471771637853,1.4642857142857142,2.2142857142857144,2.9285714285714284,16.56769736211787,9.603692007361804,2.828074561311818,-2.4428628579496867,2.769169143610953,-2.5239995786980387,5.88291519678866,-0.16040352039926,3.0678912528223816,1.713384455077465,823.7134484562738,20.11251969619285,15.980234741335057,15.980234741335057,13.15513739724918,10.057053135816988,10.057053135816988,9.612810719703734,9.612810719703734,8.548488516806737,8.548488516806737,7.445091011224841,7.445091011224841,-1.7000000000000002,2346421.402678648,18.336292738184707,5.258703082484716,1.7713179522778206,162.99888435353753,25.37323374232849,11.016041280380469,0.0,5.907179729351506,0.0,5.969305287951849,9.589074368143644,0.0,0.0,0.0,12.654955790432378,49.6711387976946,18.380568498235363,24.2298052094063,29.64551950646581,11.876485017303356,0.0,5.316788604006331,28.58369907727774,49.913091701110346,13.151638370425491,24.304080427335528,0.0,0.0,5.316788604006331,0.0,0.0,0.0,57.65377358196663,14.325937321943693,28.58369907727774,32.60702369139466,24.304080427335528,0.0,0.0,0.0,116.09000000000002,45.941166328783865,24.90865655266576,0.0,24.97672414593839,25.68328649170404,5.573104530069267,0.0,19.075777413358384,0.0,11.895724287604828,4.736862953800049,6.011751543209877,0.0,26.295254039115648,33.82404700228857,-3.002603943583605,-1.9871192103384572,0.0,4.466029278995549,5.725974623645754,0.0,0.7142857142857143,28,4,7,4,1,5,1,0,0,0,0,4,6,4,7,1,3,3,1,4,1,0,3.4437542551297864,5,0.0509999999999994,97.63310000000004,0,3,2,0,0,0,0,0,0,0,2,2,0,0,0,0,1,0,0,0,0,0,0,0,0,0,0,1,0,0,0,0,0,0,0,0,1,0,0,0,1,1,0,0,0,0,0,0,0,0,0,0,0,0,0,0,0,0,0,0,0,0,0,0,0,0,0,0,0,0,0,0,0,0,0,0,0,0,0,0,0,0,0,0,0,3.5217838795346674,0.14200301441490157,0.3094294115831219,0.5345546222701324,0.6774485224257295,2336.390723554427,2956.957405065258,4.794144879063177e-18,0.31564717716378543,-0.45362162908042386,3.510568208959457,0.14035064847571044,0.31271027675495416,0.5326224071870502,0.6855099867652036,2306.010396215635,2965.5744139011485,4.794144879063177e-18,0.31564717716378543,-0.45362162908042386,3.5086380125370584,0.14057984152149877,0.3220981967012681,0.5325116897769413,0.6850055904050005,2304.019840451429,2960.3497667795345,4.794144879063177e-18,0.31564717716378543,-0.45362162908042386
O=C1NCC[C@]2(C)[C@H]3C(=O)C=C(C)[C@@H](CCC#N)[C@@H]3CCC2=C1,80.0,Low,3.0,2-73,Table2,small_data_set/smiles_review/table2_fixed_review.csv,12.838199089821114,12.838199089821114,0.0294568783155537,-0.2348678429705211,0.8520100196155783,36.65217391304348,312.41300000000007,288.221,312.183778008,122,0,0.2434542456322321,-0.352522177660599,0.352522177660599,0.2434542456322321,1.391304347826087,2.1739130434782608,2.9130434782608696,16.148986831306434,9.519108175128787,2.51978015129255,-2.5056820686263617,2.5566407910262288,-2.4794247619843874,5.95373393707288,-0.1268195744427285,2.6350248936142937,2.003585900606231,640.2452785000078,16.61251969619286,13.8931022094951,13.8931022094951,10.969380905582565,8.549957840345021,8.549957840345021,7.402276539404899,7.402276539404899,6.189338657966167,6.189338657966167,5.033503822540083,5.033503822540083,-1.89,156027.72902558316,15.984994218945344,5.957606103647397,2.6266376537970486,137.17699562717658,5.316788604006331,0.0,5.783244946364939,5.907179729351506,0.0,0.0,9.589074368143644,0.0,5.261891554738487,0.0,18.06994625982916,50.518855890551336,30.37449465123064,6.069221312792274,9.589074368143644,11.690424675716445,5.261891554738487,5.316788604006331,23.16870860788096,45.95158251401131,6.544756405912575,23.2982492738063,0.0,6.069221312792274,5.316788604006331,0.0,0.0,0.0,18.23518108162902,9.589074368143644,34.49982147541172,45.95158251401131,23.2982492738063,0.0,0.0,0.0,69.96000000000001,0.0,9.589074368143644,0.0,23.02332119127462,24.80139012116137,36.82949555184257,0.0,12.152040213667762,6.923737199690624,18.309747116489227,5.261891554738487,0.0,0.0,24.697281231758595,11.850004704699195,2.028501761043925,0.7525711829089357,2.245723513349325,7.533950354833291,4.808633918073403,0.0,0.631578947368421,23,1,4,2,1,3,1,0,0,0,0,0,3,1,4,1,2,1,0,1,0,0,4.1405347445894405,3,2.9141800000000018,87.13170000000004,0,0,0,0,0,0,0,0,0,0,2,2,0,0,0,1,1,0,0,0,0,0,0,0,0,0,3,1,0,0,0,0,0,0,0,0,3,0,0,0,0,0,0,0,0,0,0,0,0,0,0,1,0,0,0,0,0,1,0,0,0,0,0,0,0,0,0,0,0,0,0,0,0,0,0,0,0,0,0,0,0,0,0,0,0,3.6273506277993,0.3707952934852085,0.3040362259704506,0.2892350312271,0.852261819651396,1104.653283973283,3277.3516305418725,3.247992891190618e-18,0.24345424563223222,-0.3525221776605991,3.609050854052622,0.3627338381421006,0.29561180465198966,0.29502949380415705,0.8408343553474912,1118.317329309461,3208.6690647111973,3.247992891190618e-18,0.24345424563223222,-0.3525221776605991,3.6514582424086193,0.38300599481694325,0.29231854943472,0.2808293865215376,0.8501586813234555,1092.546893660417,3328.231444275627,3.247992891190618e-18,0.24345424563223225,-0.3525221776605991
Clc1cc(CNC(=O)[C@H]2[C@@H]3[C@@]4(C)[C@@H](O)[C@H](OC4=O)C=C3[C@H]3[C@]42CC(=C)[C@@](O)(C4)CC3)ccc1,75.0,Low,0.0,2-74,Table2,small_data_set/smiles_review/table2_fixed_review.csv,13.9212641723356,13.9212641723356,0.0488608591584778,-1.1935111436549923,0.4670288797833248,44.72727272727273,469.9650000000004,441.7410000000003,469.165600676,174,0,0.3154295933808252,-0.4547949396023006,0.4547949396023006,0.3154295933808252,1.393939393939394,2.1818181818181817,2.9393939393939394,35.49569206358405,9.603597112892464,2.7502220684854923,-2.423981621371133,2.7358962980747297,-2.5193505776635354,6.30157704640067,-0.1513804598631654,3.204168542876184,1.4332105286015155,1131.433931805753,23.33613433532445,18.51327991441628,19.26920886043473,15.598661868123123,11.63630631710754,12.014270790116768,10.880302315608624,11.31673809608061,9.326546262307948,9.561643365095684,7.825880700775074,8.038765751336323,-2.1499999999999995,34616744.31576117,21.38777069729172,6.70988080392198,2.6286101502386097,197.20006891989055,20.26670634748779,17.622923244893386,0.0,5.907179729351506,0.0,5.969305287951849,9.589074368143644,0.0,0.0,0.0,35.8857142408235,73.2852304724762,17.485295765815295,11.51895685714508,24.538992111625102,23.47742490753587,0.0,5.316788604006331,28.58369907727774,56.96076368378753,0.0,58.65271792985567,0.0,0.0,5.316788604006331,0.0,0.0,11.600939890232516,39.898523393465055,20.870693727856267,28.58369907727774,38.17047518309165,48.06663312441736,5.022633313741326,0.0,0.0,95.86,46.44408190554848,19.802129157825057,0.0,11.8250857755129,30.829854588431928,23.130482174761543,0.0,12.990104268152232,24.27512131221871,11.895724287604828,16.337802844032566,5.5264774237990775,6.107110877060071,26.944031989243253,25.99070153061225,0.0011106419172961,-1.6256351151231516,7.326510378708927,2.5403991358302327,6.217070915729826,0.0,0.5384615384615384,33,3,6,4,1,5,1,1,0,1,0,4,5,3,7,1,3,3,1,4,1,0,4.348769455770992,6,2.912300000000001,120.83630000000002,0,2,1,0,0,0,0,0,0,0,2,2,0,0,0,0,1,0,0,0,0,0,0,0,0,0,1,1,0,0,0,0,0,0,1,0,6,0,0,0,1,1,0,0,1,0,0,0,0,0,0,0,0,0,0,0,0,0,0,0,0,0,0,0,0,0,0,0,0,0,0,0,0,0,0,0,0,0,0,0,0,0,0,0,0,4.1756527307249485,0.2668140951945098,0.2869857255059224,0.3697117959861172,0.8095349861375205,2778.8948803537883,6089.239733406538,4.322589645056962e-18,0.31542959338082527,-0.4547949396023008,4.159872652026015,0.2538613102454595,0.2864623443545724,0.3815950190421551,0.8016430095061674,2844.8830392630093,5970.8987440547,4.322589645056962e-18,0.31542959338082527,-0.4547949396023008,4.178898395060781,0.27076229026451076,0.2822730917950383,0.3672027064410131,0.8086723945977268,2770.2838316300054,6101.69856735447,4.322589645056961e-18,0.31542959338082527,-0.4547949396023008
O=C(N1CCC(O)CC1)[C@H]1[C@@H]2[C@@]3(C)[C@@H](O)[C@H](OC3=O)C=C2[C@H]2[C@]31CC(=C)[C@@](O)(C3)CC2,69.0,Low,3.0,2-75,Table2,small_data_set/smiles_review/table2_fixed_review.csv,14.113125944822372,14.113125944822372,0.0177546296296291,-1.1681484237213398,0.4228356369521267,50.774193548387096,429.5130000000003,398.2650000000002,429.215137712,168,0,0.315429594483035,-0.454794939599378,0.454794939599378,0.315429594483035,1.2580645161290325,1.967741935483871,2.677419354838709,16.565809911347845,9.601669062368892,2.75339542988475,-2.447028639906687,2.738384748846648,-2.5394755134626976,5.875374783701437,-0.1547881309184043,3.164136091874224,1.5028450498078918,921.0303087134428,21.92192077295136,17.919012168397728,17.919012168397728,14.615498620528731,11.599607894829,11.599607894829,11.089037253220608,11.089037253220608,9.7305117819674,9.7305117819674,8.138789466026727,8.138789466026727,-1.6999999999999995,13575801.841452563,19.94583634370033,5.997943119417375,2.248716181364728,181.29785102979343,24.95635486917264,17.622923244893386,0.0,5.907179729351506,0.0,5.969305287951849,9.589074368143644,0.0,0.0,0.0,12.152040213667764,68.430688089708,19.007418857986544,17.622923244893386,29.64551950646581,11.876485017303356,0.0,4.899909730850478,28.58369907727774,69.36161691147528,13.08951281182515,23.80116485057092,0.0,0.0,0.0,0.0,0.0,0.0,69.09843971872968,14.325937321943693,28.58369907727774,45.448666937246685,23.80116485057092,0.0,0.0,0.0,107.30000000000004,46.44408190554848,24.90865655266576,0.0,17.929052163261204,45.19362092645521,17.567030683064544,0.0,6.923737199690624,10.975929837684358,6.578935683598497,4.736862953800049,5.531964937394456,0.0,28.949155469675624,32.2415381408915,-0.7543623367556886,-1.3343312757201655,0.0,3.373366140858701,6.909335590322242,0.0,0.75,31,3,7,4,2,6,1,0,0,0,0,4,6,3,7,2,1,3,2,5,1,0,3.859161027700723,6,0.925799999999999,109.35840000000005,0,3,2,0,0,0,0,0,0,0,2,2,0,0,0,1,0,0,0,0,1,0,0,0,0,0,1,1,0,0,0,0,0,0,0,0,6,0,0,0,1,1,0,0,0,0,0,0,0,0,0,0,0,0,0,0,0,0,0,0,0,0,0,0,0,0,0,0,0,1,0,0,0,0,0,0,0,0,0,0,0,0,0,0,0,3.711177239843298,0.13734265475551988,0.3244716057666977,0.5338243604562037,0.6936529358881949,2834.4591580276187,3685.262804457624,3.58136459556502e-18,0.31542959448303504,-0.4547949395993779,3.7156622844062777,0.13701129100382078,0.32719744187452715,0.5348216617952322,0.6917933318457774,2848.1312779521268,3685.2501006779817,3.58136459556502e-18,0.31542959448303504,-0.4547949395993779,3.715400939535468,0.13731912670616547,0.3291501710553565,0.5337473582904818,0.6938352501741293,2840.7258139567502,3694.0344503662923,3.58136459556502e-18,0.31542959448303504,-0.4547949395993779
O[C@@]12C(=C)C[C@]3([C@@H](CC#N)c4c(C)cccc4[C@H]3CC1)C2,65.0,Low,13.0,2-76,Table2,small_data_set/smiles_review/table2_fixed_review.csv,10.88392715419501,10.88392715419501,0.0359722222222222,-0.680403439153439,0.7909709889930993,39.76190476190476,279.38300000000004,258.215,279.162314292,108,0,0.0859989183727857,-0.3855040610981246,0.3855040610981246,0.0859989183727857,1.4761904761904765,2.2857142857142856,3.0476190476190474,16.284943254918232,9.623823321100629,2.634475473430456,-2.4183195160509823,2.71454442938608,-2.3755989883965243,5.511297565194884,0.006583082310067,2.810261485398255,1.9359298991272933,685.2970360197141,14.828062645816686,12.523819224067331,12.523819224067331,10.01662107137598,7.887301384816145,7.887301384816145,7.305752523435466,7.305752523435466,6.433896749698866,6.433896749698866,5.597665163336578,5.597665163336578,-1.59,88916.67339800078,13.099339538729064,3.9872724716634376,1.453103464194582,125.65536754754568,5.106527394840706,0.0,0.0,0.0,0.0,0.0,0.0,0.0,5.261891554738487,0.0,24.778036888983326,66.20337921211309,12.338727669087405,11.670272123775964,5.106527394840706,0.0,5.261891554738487,0.0,5.41499046939678,56.46470821762715,0.0,47.04149589414358,0.0,6.069221312792274,0.0,0.0,0.0,0.0,10.707578205824394,0.0,23.669840536618164,60.63027468204382,30.351141419052592,0.0,0.0,0.0,44.02,5.601050810983688,10.368418949579192,0.0,11.332896515558172,12.338727669087405,31.256391021773304,16.690354475090988,0.0,0.0,37.77099540146622,0.0,0.0,0.0,0.0,20.236093868102795,4.486102135298565,0.7500462962962959,8.952011526832955,4.078492772108843,6.330586734693878,0.0,0.5263157894736842,21,1,2,3,0,3,0,1,0,1,0,2,2,1,2,0,1,2,0,2,1,0,2.487173139987944,4,3.9508000000000023,81.88180000000006,0,1,0,0,0,0,0,0,0,0,0,0,0,0,0,1,0,0,0,0,0,0,0,0,0,0,0,0,0,0,1,0,0,0,1,0,3,0,0,0,0,0,0,0,0,0,0,0,0,0,0,0,0,0,0,0,0,1,0,0,0,0,0,0,0,0,0,0,0,0,0,0,0,0,0,0,0,0,0,0,0,0,0,0,0,3.118579759353867,0.23534965666807614,0.3317883350839513,0.40062273408446686,0.7575288022118444,1009.6334908706059,1906.3957240995464,4.7911410288883235e-18,0.21133668490006527,-0.38550406109812463,3.1155420875928277,0.2356433054774318,0.334668662149459,0.40021561086845925,0.7591129220311622,1006.1456429718259,1905.5307175242447,4.791141028888324e-18,0.21133668490006527,-0.3855040610981246,3.1234344120254582,0.23611497186960673,0.3366112650526667,0.39962726805127924,0.7591550116931861,1009.9949436195698,1915.89041280683,4.7911410288883235e-18,0.21133668490006527,-0.38550406109812463
O=C1NCC[C@]2(C)[C@H]3[C@H](O)C=C(C)[C@@H](CCC#N)[C@@H]3CCC2=C1,61.0,Low,3.0,2-77,Table2,small_data_set/smiles_review/table2_fixed_review.csv,11.881509863025917,11.881509863025917,0.0002105442090114,-0.4581131897203325,0.7697180964222797,39.82608695652174,314.4290000000001,288.221,314.199428072,124,0,0.2434540468743071,-0.3887027551216914,0.3887027551216914,0.2434540468743071,1.5217391304347827,2.3043478260869565,3.0434782608695654,16.266894737570183,9.51472230236098,2.517586410482197,-2.534004438701761,2.567699058812316,-2.4965910774665026,5.884009176940812,-0.1159309829178577,2.6350248936142937,1.985582688687876,600.9810954132554,16.61251969619286,14.009417783720822,14.009417783720822,10.969380905582565,8.693348982337293,8.693348982337293,7.560941720874292,7.560941720874292,6.396874347489104,6.396874347489104,5.270453652566919,5.270453652566919,-1.6,156027.72902558316,16.26456278763971,6.126706884994732,2.718972033257747,137.80970727932882,10.423315998847038,0.0,0.0,5.907179729351506,0.0,0.0,4.794537184071822,0.0,5.261891554738487,0.0,24.14596636666304,49.85782625311424,24.959504181833857,12.173187700540575,9.901064578912528,5.907179729351506,5.261891554738487,5.316788604006331,23.16870860788096,52.05554890175961,6.544756405912575,23.2982492738063,0.0,6.069221312792274,5.316788604006331,0.0,0.0,0.0,23.66242991785309,4.794537184071822,34.49982147541172,45.95158251401131,23.2982492738063,0.0,0.0,0.0,73.12,6.103966387748303,9.901064578912528,0.0,17.24007624490968,24.80139012116137,25.68328649170404,11.146209060138537,6.076020106833881,6.076020106833881,25.23348431617985,5.261891554738487,0.0,0.0,11.881509863025917,22.70310506058229,2.288409168451332,0.9257972789028884,2.2681512344377603,7.544949032081969,4.97141169585118,0.0,0.6842105263157895,23,2,4,2,1,3,1,0,0,0,0,0,3,2,4,1,2,1,0,1,0,0,4.332530817933102,3,2.7059800000000003,88.13150000000003,0,1,1,0,0,0,0,0,0,0,1,1,0,0,0,1,1,0,0,0,0,0,0,0,0,0,2,1,0,0,0,0,0,0,0,0,3,0,0,0,0,0,0,0,0,0,0,0,0,0,0,0,0,0,0,0,0,1,0,0,0,0,0,0,0,0,0,0,0,0,0,0,0,0,0,0,0,0,0,0,0,0,0,0,0,3.624353563196988,0.3613700217682737,0.2968664562110756,0.29577291594404975,0.8345326797288314,1139.9647974083102,3243.3138377200253,5.664403186863045e-19,0.24345404687430705,-0.3887027551216915,3.6159054927451404,0.36029346134972345,0.2964228710283145,0.2966077485221082,0.8370132344780619,1136.0289911075686,3232.3901192198177,5.664403186863044e-19,0.24345404687430705,-0.3887027551216915,3.6212256225486277,0.36668479652092656,0.29703829311113333,0.2925349060242722,0.8387230166609781,1123.4619133416825,3253.4551417327657,5.664403186863044e-19,0.24345404687430705,-0.3887027551216915
O=C1[C@@H]2[C@]3(C)C(=CNC(=O)CC3)CC[C@H]2[C@H](CCC#N)C(C)=C1,59.0,Low,11.0,2-78,Table2,small_data_set/smiles_review/table2_fixed_review.csv,12.838199089821114,12.838199089821114,0.042302380943705,-0.2348678429705211,0.8504939744354681,36.65217391304348,312.413,288.221,312.183778008,122,0,0.2234373806993757,-0.3327027956024281,0.3327027956024281,0.2234373806993757,1.391304347826087,2.1739130434782608,2.9130434782608696,16.149225097335762,9.518851556527148,2.520765818841708,-2.504954319047992,2.5610780135427107,-2.475187875938546,5.946693547054361,-0.12810893792256,2.654679801933208,1.9861884246778063,640.2452785000079,16.61251969619286,13.8931022094951,13.8931022094951,10.969380905582565,8.549957840345021,8.549957840345021,7.428762976504546,7.428762976504546,6.21923194693343,6.21923194693343,4.991837155873415,4.991837155873415,-1.89,160074.5373767705,15.984994218945344,5.957606103647397,2.6266376537970486,137.1769956271766,5.316788604006331,0.0,5.783244946364939,5.907179729351506,0.0,0.0,9.589074368143644,0.0,5.261891554738487,0.0,12.496841729759891,56.0919604206206,30.37449465123064,6.069221312792274,9.589074368143644,11.690424675716445,5.261891554738487,5.316788604006331,23.16870860788096,52.372404136937305,0.0,23.422184056792865,0.0,6.069221312792274,5.316788604006331,0.0,0.0,0.0,11.690424675716445,9.589074368143644,34.49982147541172,52.372404136937305,23.422184056792865,0.0,0.0,0.0,69.96000000000001,0.0,9.589074368143644,0.0,23.02332119127462,24.67745533817481,31.256391021773304,5.573104530069267,6.076020106833881,13.123692089511072,18.309747116489227,5.261891554738487,0.0,0.0,24.617581685273336,11.80718063062512,2.1079925017846657,0.8243304421681941,2.2457235133493247,8.127636658058286,4.186221235407743,0.0,0.631578947368421,23,1,4,2,1,3,1,0,0,0,0,0,3,1,4,1,2,1,0,1,0,0,4.1405347445894405,3,3.2617800000000017,86.88170000000004,0,0,0,0,0,0,0,0,0,0,2,2,0,0,0,1,1,0,0,0,0,0,0,0,0,0,3,1,0,0,0,0,0,0,0,0,3,0,0,0,0,0,0,0,0,0,0,0,0,0,0,1,0,0,0,0,0,1,0,0,0,0,0,0,0,0,0,0,0,0,0,0,0,0,0,0,0,0,0,0,0,0,0,0,0,3.642820943790368,0.41245022533117864,0.28659428644931306,0.26275157793519144,0.8619186606897347,1017.9235126788982,3370.4346148049226,-4.429081215259935e-18,0.22343738069937571,-0.3327027956024281,3.64210017508247,0.4112642784289003,0.2865870505477752,0.26321363458950353,0.8622583589661235,1019.7783086148407,3368.9072379243066,-4.429081215259935e-18,0.22343738069937571,-0.3327027956024281,3.661498225585958,0.4193253021832295,0.27334990947600757,0.2587685203828729,0.8559618321682836,1015.3728509434129,3399.3468269965833,-4.429081215259935e-18,0.22343738069937571,-0.3327027956024281
O=C(NCCc1cc2OCOc2cc1)[C@H]1[C@@H]2[C@@]3(C)[C@@H](O)[C@H](OC3=O)C=C2[C@H]2[C@]31CC(=C)[C@@](O)(C3)CC2,55.0,Low,7.0,2-79,Table2,small_data_set/smiles_review/table2_fixed_review.csv,14.028746430671037,14.028746430671037,0.051351577081194,-1.1922531602746695,0.4344294565875447,43.083333333333336,493.5560000000004,462.30800000000033,493.2100523319999,190,0,0.3154295933755606,-0.4547949396023072,0.4547949396023072,0.3154295933755606,1.2777777777777777,2.083333333333333,2.9166666666666665,16.696904548997235,9.603615961380711,2.7503007211315285,-2.4239868849287523,2.7359778661009218,-2.5219415149699103,5.874199195117966,-0.1513435130364874,3.49808796830928,1.2133303121916414,1240.2523023607455,25.034804948073724,20.28867531551824,20.28867531551824,17.17114151319456,12.849589306923075,12.849589306923075,11.761218778694284,11.761218778694284,10.120660776218312,10.120660776218312,8.416268937351559,8.416268937351559,-2.84,232911337.2073136,22.364605186965075,7.13378382843833,2.6634065071465605,208.84794622728663,29.74043225508789,17.622923244893386,11.49902366656781,12.700122035451331,0.0,5.969305287951849,9.589074368143644,0.0,0.0,0.0,18.218407282129377,79.7060520954022,12.462662452073968,11.51895685714508,34.0127180192252,11.876485017303356,0.0,5.316788604006331,28.58369907727774,56.83682890080097,13.337698712012402,47.563717547652736,0.0,11.49902366656781,14.790514511606428,0.0,11.49902366656781,0.0,53.23622210547745,20.7467589448697,28.58369907727774,38.17047518309165,42.00026605595574,0.0,0.0,0.0,114.32,46.44408190554848,19.802129157825057,0.0,18.618028081612728,37.97755473090052,28.879994008045447,0.0,6.923737199690624,24.27512131221871,11.895724287604828,14.210588861400147,16.390752809956368,0.0,27.11931229370896,25.56557598880635,0.1588825858723679,-0.1501387124210147,5.755672532851014,3.1752396876888187,6.568036146870472,0.0,0.5714285714285714,36,3,8,4,2,6,1,1,0,1,0,4,7,3,8,2,4,3,1,4,1,0,4.431784967004984,7,2.0300999999999987,126.81630000000006,0,2,1,0,0,0,0,0,0,0,2,2,0,0,0,0,1,0,0,0,0,0,0,0,0,0,1,1,0,0,0,0,0,0,1,0,7,0,0,0,1,3,0,0,0,0,0,0,0,0,0,0,0,0,0,0,0,0,0,0,0,0,0,0,0,0,0,0,0,0,0,0,0,0,0,0,0,0,0,0,0,0,0,0,0,4.8914531225622335,0.415585809279327,0.18910857350718266,0.2588633848444212,0.8480897537392441,2892.402658201367,9522.41730117535,6.2139348393199085e-18,0.3154295933755605,-0.45479493960230716,4.827241102045717,0.41044147509689693,0.19874196094301622,0.2624202678621984,0.8504201240959011,2840.73731548434,9291.16043274282,6.2139348393199085e-18,0.3154295933755605,-0.45479493960230716,4.8471345771263845,0.40158495776587855,0.19840641474843873,0.2690022844132876,0.8441985552530326,2927.4717695165705,9295.683930355615,6.2139348393199085e-18,0.3154295933755605,-0.45479493960230716
O=C(OC)[C@H]1[C@@H]2[C@@](C(=O)OC)(C)[C@@H](O)C=CC2=C2[C@]31CC(=C)[C@@](O)(C3)CC2,53.0,Low,10.0,2-80,Table2,small_data_set/smiles_review/table2_fixed_review.csv,13.004829931972788,13.004829931972788,0.3979376889644748,-1.3067271352985634,0.5642219343764331,44.77777777777778,374.4330000000003,348.22500000000014,374.172938552,146,0,0.3146495218982488,-0.4687513117589607,0.4687513117589607,0.3146495218982488,1.2962962962962965,2.0,2.6296296296296298,16.530228732366307,9.587821262748754,2.7007493330656573,-2.4420348818609066,2.707682478427396,-2.527860336353585,5.84525795796162,-0.1684770748340094,3.032598685154257,1.9650535111829908,809.4894731970744,19.775656403009386,15.949705604736238,15.949705604736238,12.652702085190082,9.321723391074386,9.321723391074386,8.63545507778828,8.63545507778828,7.595509543596993,7.595509543596993,6.248135045108448,6.248135045108448,-1.9199999999999997,1202325.302907053,18.443625295249227,5.548801304536811,2.028213237269751,158.08456176858533,19.68678069728151,5.41499046939678,0.0,0.0,0.0,11.9386105759037,9.589074368143644,0.0,0.0,0.0,24.304080427335528,43.75323275153319,11.332896515558172,31.842518327448445,29.275855065425148,11.9386105759037,0.0,0.0,22.665793031116348,44.31204089012665,14.219595082555069,35.45028948747406,0.0,0.0,0.0,0.0,0.0,0.0,48.07627764687216,19.06280027574374,22.665793031116348,32.60702369139466,35.45028948747406,0.0,0.0,0.0,93.06000000000002,46.30942080575203,19.802129157825057,0.0,0.0,25.68328649170404,16.719313590207804,14.219595082555069,12.999757306524504,6.076020106833881,6.578935683598497,9.473725907600098,10.18278513951877,0.0,25.781313027525822,21.765138298374907,-0.2010760870706296,-2.2310293839758124,0.0,4.435576499118167,5.730533824640967,2.620092015201142,0.6190476190476191,27,2,6,4,0,4,0,0,0,0,0,2,6,2,6,0,2,2,0,2,1,0,3.790370818469149,4,1.6733,96.28260000000004,0,2,1,0,0,0,0,0,0,0,2,2,0,0,0,0,0,0,0,0,0,0,0,0,0,0,3,0,0,0,0,0,0,0,0,0,2,0,0,0,2,2,0,0,0,0,0,0,0,0,0,0,0,0,0,2,0,0,0,0,0,0,0,0,0,0,0,0,0,0,0,0,0,0,0,0,0,0,0,0,0,0,0,0,0,3.4258255018688044,0.1939020259812277,0.39432758430633696,0.44258038826319324,0.8235827599795171,1711.4954818124224,3192.638342707954,-2.3566054767986816e-18,0.3146495218982488,-0.46875131175896073,3.428580486143198,0.1966282548449569,0.4020291787640374,0.4395371367922335,0.8245663284977224,1704.4557902002791,3203.8637123726494,-2.3566054767986816e-18,0.31464952189824874,-0.46875131175896073,3.435539967426902,0.19998155972807177,0.3831079298659383,0.4356447498710554,0.8204642483780338,1702.7085378958652,3212.3630777206185,-2.3566054767986816e-18,0.31464952189824874,-0.4687513117589608
O=C(NC1CC1)[C@H]1[C@@H]2[C@@]3(C)[C@@H](O)[C@H](OC3=O)[C@H]3O[C@@]23[C@H]2[C@@]31CC(=O)[C@](CO)(C3)CC2,53.0,Low,5.0,2-81,Table2,small_data_set/smiles_review/table2_fixed_review.csv,13.704657974300831,13.704657974300831,0.0300059051398342,-1.233306996409675,0.4249439450732817,59.3,417.4580000000003,390.2420000000002,417.178752204,162,0,0.3149808161138881,-0.4561594469092388,0.4561594469092388,0.3149808161138881,1.2666666666666666,2.033333333333333,2.7333333333333334,16.661900485574638,9.58516729435635,2.916238232996756,-2.429084395280689,2.813185509721734,-2.5736233403541995,5.927737884363728,-0.1540743079650952,3.6009060921946934,1.430734325205245,917.1621234003146,20.84457050376173,16.926867995952446,16.926867995952446,14.243472360366107,11.260593329019237,11.260593329019237,11.26726045467396,11.26726045467396,10.118097213064887,10.118097213064887,8.705294248276882,8.705294248276882,-1.51,15593774.24493441,18.099040014035435,4.939893740079545,1.6385460182732046,173.21220380259882,25.00356930128784,29.00721900224201,6.103966387748303,5.907179729351506,0.0,5.969305287951849,14.383611552215466,0.0,0.0,0.0,0.0,50.36074182987885,18.380568498235363,17.93977848007109,34.070392249496976,17.659729963668294,0.0,5.316788604006331,33.99868954667452,75.40345774062324,6.606881964512918,0.0,0.0,0.0,5.316788604006331,0.0,0.0,0.0,64.43445752123917,23.85733745981556,33.99868954667452,45.448666937246685,0.0,0.0,0.0,0.0,125.46,57.96303876269356,24.59666634189688,0.0,36.67787513846473,19.26246486877803,12.84164324585202,0.0,6.923737199690624,0.0,5.316788604006331,9.473725907600098,11.90733918335853,0.0,39.88380310689091,24.32367234084992,-3.363545445956159,-1.754114911396658,0.1460284129083733,1.680687463256907,1.5094631834215166,0.0,0.8636363636363636,30,3,8,5,2,7,1,0,0,0,0,4,7,3,8,2,3,5,2,7,2,0,2.980244482226095,7,-0.3071999999999997,98.65930000000004,0,2,2,0,0,0,0,0,0,0,3,3,0,0,0,0,1,0,0,0,0,0,0,0,0,0,0,1,0,0,0,0,0,0,0,0,5,0,0,1,1,2,0,0,0,0,0,0,0,0,0,1,1,0,0,0,0,0,0,0,0,0,0,0,0,0,0,0,0,0,0,0,0,0,0,0,0,0,0,0,0,0,0,0,0,3.557056425378083,0.1242712147942045,0.3353206709884647,0.5455297682814859,0.7177899574740545,2545.536841938832,3350.394704026273,1.217349807703022e-18,0.31498081611388806,-0.45615944690923865,3.5613678595526306,0.12548771574413634,0.3226205948012502,0.5449527129799818,0.7151921480817474,2553.7077500360124,3350.0349898339864,1.217349807703022e-18,0.31498081611388806,-0.45615944690923865,3.558362889222255,0.12548476374539425,0.32444919737585903,0.5456795222379534,0.7139110414810838,2553.4788704097796,3339.2017768021933,1.217349807703022e-18,0.31498081611388806,-0.45615944690923865
O=C(NC1CC1)[C@H]1[C@@H]2[C@@]3(C)[C@@H](O)[C@H](OC3=O)[C@H]3O[C@@]23[C@H]2[C@@]31CC(=O)[C@](C=O)(C3)CC2,52.0,Low,3.0,2-82,Table2,small_data_set/smiles_review/table2_fixed_review.csv,13.67882889266818,13.67882889266818,0.0880496504157213,-1.259136078042328,0.2856126740267735,59.13333333333333,415.4420000000003,390.2420000000002,415.16310214,160,0,0.3149808161206744,-0.4561594469092029,0.4561594469092029,0.3149808161206744,1.2666666666666666,2.033333333333333,2.7333333333333334,16.661886349191924,9.585239243804711,2.9168676548266688,-2.4193734852359965,2.8119391248921914,-2.573620815282335,6.019957847365449,-0.1541653229330559,3.6009060921946934,1.4385062970059344,945.7705413782132,20.84457050376173,16.75814617891943,16.75814617891943,14.243472360366107,11.115189567399456,11.115189567399456,11.102806864327931,11.102806864327931,9.949467504259122,9.949467504259122,8.57557050225382,8.57557050225382,-1.8,15593774.24493441,17.837529496255254,4.826037778765728,1.5929442672171137,172.57949215044658,24.69157909051896,35.29337952537156,6.103966387748303,5.907179729351506,0.0,5.969305287951849,14.383611552215466,0.0,0.0,0.0,0.0,50.36074182987885,18.380568498235363,11.332896515558172,33.75840203872809,23.94589048679785,0.0,5.316788604006331,33.99868954667452,75.40345774062324,0.0,0.0,0.0,0.0,5.316788604006331,0.0,0.0,0.0,59.0072086850151,28.651874643887385,33.99868954667452,45.448666937246685,0.0,0.0,0.0,0.0,122.29999999999998,57.96303876269356,24.28467613112799,0.0,30.07099317395181,19.26246486877803,19.127803768981572,0.0,6.923737199690624,0.0,5.316788604006331,9.473725907600098,11.865337262219704,0.0,51.80275893382044,14.139707223167049,-3.7310326908541183,-2.0564783058285045,0.1258702338960275,1.9932816305534555,1.6938890463592844,0.0,0.8181818181818182,30,2,8,5,2,7,1,0,0,0,0,4,7,2,8,2,3,5,2,7,2,0,2.8694863742925287,7,-0.1006,97.63750000000005,0,1,1,0,0,0,0,0,0,0,4,4,0,0,0,0,1,0,0,0,0,0,0,1,0,0,0,1,0,0,0,0,0,0,0,0,5,0,0,1,1,2,0,0,0,0,0,0,0,0,0,1,1,0,0,0,0,0,0,0,0,0,0,0,0,0,0,0,0,0,0,0,0,0,0,0,0,0,0,0,0,0,0,0,0,3.541847081074316,0.12643718702522963,0.33137896022022095,0.5450931460283271,0.7142331189417724,2516.363957682735,3292.939240533899,3.5325278056254985e-18,0.3149808161206744,-0.45615944690920285,3.5351476682367884,0.1255539227035984,0.34115484250447553,0.5444639677984133,0.718404170510656,2499.3813742410384,3295.1101290480105,3.5325278056254985e-18,0.31498081612067436,-0.45615944690920285,3.53410575104765,0.12377363600886951,0.34802168333933553,0.5471747449375689,0.7169050907704432,2509.131873915844,3284.357691452468,3.5325278056254985e-18,0.31498081612067436,-0.45615944690920285
O=C(NCC1CCCCC1)[C@H]1[C@@H]2[C@@]3(C)[C@@H](O)[C@H](OC3=O)[C@H]3O[C@@]23[C@H]2[C@@]31CC(=O)[C@](CO)(C3)CC2,50.0,Low,26.0,2-83,Table2,small_data_set/smiles_review/table2_fixed_review.csv,14.096890825774754,14.096890825774754,0.0354305147347182,-1.245918564184933,0.4125422488001098,54.794117647058826,473.5660000000004,438.2860000000003,473.2413524599999,186,0,0.3149808161089086,-0.4561594469092452,0.4561594469092452,0.3149808161089086,1.1764705882352942,1.9411764705882355,2.676470588235294,16.661909806241674,9.585062097854266,2.915948996356534,-2.430325348545627,2.8130157223951677,-2.5740496770467773,5.926588254820731,-0.1540940957119125,3.4016079791911253,1.316216333364487,978.1959467434542,23.67299762850792,19.75529512069863,19.75529512069863,16.24347236036611,13.233719875481556,13.233719875481556,12.733585878410707,12.733585878410707,11.484076835078154,11.484076835078154,9.932809907096145,9.932809907096145,-1.51,90617054.12307048,21.74699278714577,6.621781458796328,2.2528254883329133,198.67197226018524,25.00356930128784,29.00721900224201,6.103966387748303,5.907179729351506,0.0,5.969305287951849,14.383611552215466,0.0,0.0,0.0,19.26246486877803,56.27864787604024,18.883484074999977,17.93977848007109,34.070392249496976,17.659729963668294,0.0,5.316788604006331,39.91659559283591,88.6240817802533,13.151638370425491,0.0,0.0,0.0,5.316788604006331,0.0,0.0,0.0,64.93737309800379,23.85733745981556,39.91659559283591,64.71113180602472,0.0,0.0,0.0,0.0,125.46,57.96303876269356,24.59666634189688,0.0,30.636034309316766,31.725127320852,12.84164324585202,19.26246486877803,6.923737199690624,0.0,5.316788604006331,9.473725907600098,12.04291245975612,0.0,40.61734745294021,24.679835353326308,-3.4150940745712117,-1.320220805270635,0.0,5.5990753569250415,2.1294775902275,0.0,0.8846153846153846,34,3,8,5,2,7,1,0,0,0,0,4,7,3,8,2,4,5,2,7,2,0,4.235406871249982,7,1.1106999999999991,117.07930000000006,0,2,2,0,0,0,0,0,0,0,3,3,0,0,0,0,1,0,0,0,0,0,0,0,0,0,0,1,0,0,0,0,0,0,0,0,5,0,0,1,1,2,0,0,0,0,0,0,0,0,0,1,1,0,0,0,0,0,0,0,0,0,0,0,0,0,0,0,0,0,0,0,0,0,0,0,0,0,0,0,0,0,0,0,0,4.09252320859357,0.20024022280562243,0.24888533267721522,0.4396253806543762,0.7505573353875944,3179.6796293093194,5441.100942466632,-3.016910393003142e-19,0.3149808161089086,-0.45615944690924526,4.092393892956597,0.20330870144952154,0.25076936761052987,0.4359658091776265,0.7547045090954987,3151.747134372822,5470.520681944569,-3.016910393003142e-19,0.3149808161089086,-0.45615944690924526,4.0431587811462,0.20151750965301735,0.27564217435336236,0.4370014241808703,0.7643192106755649,3068.7746661062865,5382.192036084066,-3.016910393003142e-19,0.3149808161089086,-0.45615944690924526
O=C(OCC)CCNC(=O)[C@H]1[C@@H]2[C@@]3(C)[C@@H](O)[C@H](OC3=O)C=C2[C@H]2[C@]31CC(=C)[C@@](O)(C3)CC2,48.0,Low,3.0,2-84,Table2,small_data_set/smiles_review/table2_fixed_review.csv,13.683247433232552,13.683247433232552,0.0107932156894994,-1.230132075691464,0.4264412923302656,45.625,445.5120000000004,414.2640000000002,445.210052332,174,0,0.3154295933755608,-0.4659204519539098,0.4659204519539098,0.3154295933755608,1.40625,2.15625,2.875,16.56625364450798,9.60363884197121,2.750177633515749,-2.423787521806492,2.735660294641298,-2.521879804292063,5.876077648672273,-0.151342827150697,3.1648635165095147,1.5334399282579056,942.6322191026704,23.05167728494828,18.556624507949365,18.556624507949365,15.081023777918082,11.52998708180223,11.52998708180223,10.378626285738548,10.378626285738548,8.90445451933787,8.90445451933787,7.510694239591645,7.510694239591645,-2.19,15563934.766453786,21.645027955603105,6.903918524091441,2.59242775548832,186.574544274082,25.00356930128784,17.622923244893386,0.0,5.907179729351506,0.0,11.9386105759037,14.383611552215466,0.0,0.0,0.0,12.152040213667764,62.51278204354661,12.462662452073968,24.54666044458401,34.07039224949697,17.845790305255207,0.0,5.316788604006331,28.58369907727774,63.76056610049159,13.151638370425491,23.80116485057092,0.0,0.0,5.316788604006331,0.0,0.0,0.0,59.01946705184239,23.85733745981556,28.58369907727774,45.95158251401131,23.80116485057092,0.0,0.0,0.0,122.16,46.44408190554848,24.59666634189688,0.0,37.36685105681625,25.68328649170404,11.146209060138537,0.0,13.847474399381248,6.076020106833881,11.895724287604828,9.473725907600098,10.41874122413843,0.0,38.35016664073399,25.044284271033614,-1.0701794903312298,-2.296439868194243,0.0,2.353609098014188,7.949818124605247,0.0,0.7083333333333334,32,3,8,4,1,5,1,0,0,0,0,4,7,3,8,1,5,3,1,4,1,0,4.669859670536418,5,1.0118999999999994,111.79730000000004,0,2,1,0,0,0,0,0,0,0,3,3,0,0,0,0,1,0,0,0,0,0,0,0,0,0,1,1,0,0,0,0,0,0,0,0,6,0,0,0,2,2,0,0,0,0,0,0,0,0,0,0,0,0,0,0,0,0,0,0,0,0,0,0,0,0,0,0,0,0,0,0,0,0,0,0,0,0,0,0,0,0,0,0,0,4.247352980553454,0.27292942390232483,0.205874718515994,0.3661519587948314,0.7706562391539129,2750.2529687553574,5803.570862328348,3.744799884648345e-18,0.3154295933755608,-0.46592045195390974,4.233456907319964,0.2683006851696805,0.20596809928280665,0.3696039951284584,0.7691471255844312,2760.4299885786486,5745.211375831023,3.744799884648345e-18,0.3154295933755608,-0.46592045195390974,4.24934390207625,0.269605110976811,0.19992577806144327,0.3691865130308808,0.7637508153959257,2784.355356406297,5765.2526423968775,3.744799884648345e-18,0.3154295933755608,-0.46592045195390974
O=C(OCC=C)N[C@H]1[C@@H]2[C@@]3(C)[C@@H](O)C=C[C@@]2(OC3=O)[C@H]2[C@]31CC(=C)[C@@](O)(C3)CC2,46.0,Low,2.0,2-85,Table2,small_data_set/smiles_review/table2_fixed_review.csv,12.958283073272929,12.958283073272929,0.066134377362055,-1.1812871236457545,0.490196469362483,51.27586206896552,401.4590000000003,374.24300000000017,401.183837584,156,0,0.407194115248827,-0.453561876219328,0.453561876219328,0.407194115248827,1.5172413793103448,2.2758620689655173,3.0,16.569618292369604,9.626496182539752,2.82096694886298,-2.445440757390815,2.7469880237807764,-2.5648374426509237,5.837898677112019,-0.1591411987777877,3.08514855389628,1.6540581177876716,867.3638006166476,20.8196264773794,16.518619705488586,16.518619705488586,13.638300644843572,10.196567839961348,10.196567839961348,9.629650870967543,9.629650870967543,8.460617257300653,8.460617257300653,7.273884020621556,7.273884020621556,-2.12,3744102.348374432,18.88005369271658,5.518357724195591,2.001008094178921,168.99353491306076,25.00356930128784,17.622923244893386,0.0,0.0,0.0,12.062545358890263,4.794537184071822,4.794537184071822,0.0,0.0,25.30991158086476,44.25614832829781,23.29264339086753,11.70501719873199,29.275855065425148,12.062545358890263,0.0,5.316788604006331,22.665793031116348,55.954932530258304,6.606881964512918,36.9590362177679,0.0,0.0,5.316788604006331,4.794537184071822,0.0,0.0,52.23039095194822,14.26826309167192,22.665793031116348,32.60702369139466,36.9590362177679,0.0,0.0,0.0,105.09000000000002,52.15834118270885,19.802129157825057,0.0,12.52478801067431,25.68328649170404,5.573104530069267,6.076020106833881,12.999757306524504,6.076020106833881,18.474659971203327,9.473725907600098,11.224472552910054,0.0,25.524855021496663,24.908791433259104,-2.8181057623666743,-0.9911546516754854,-0.5074626795162516,5.526296934853933,9.465640484371995,0.0,0.6363636363636364,29,3,7,4,1,5,1,0,0,0,0,4,6,3,7,1,3,3,1,4,1,0,3.5926513837389664,5,1.607099999999999,102.51630000000004,0,2,1,0,0,0,0,0,0,0,2,2,0,0,0,0,1,0,0,0,0,0,0,0,1,0,0,1,0,0,0,0,0,0,0,0,1,0,0,0,1,2,0,0,0,0,0,0,0,0,0,0,0,0,0,0,0,0,0,0,0,0,0,0,0,0,0,0,0,0,0,0,0,0,0,0,0,0,0,0,0,0,0,0,0,3.7192554982674695,0.1574332990651638,0.2642119319180449,0.5174501427986589,0.6582305591846637,2641.580157565272,3360.679584825362,2.973811673103098e-18,0.40719411524882715,-0.45356187621932814,3.726314010666344,0.155529561218772,0.26460847662226994,0.5207594287906293,0.6566336321665864,2666.0293198534846,3362.747588277418,2.973811673103098e-18,0.40719411524882715,-0.45356187621932814,3.725413753125266,0.15630657403078352,0.26487122870063984,0.5188648244272158,0.658697690354073,2655.1726889766146,3371.0951890127562,2.973811673103098e-18,0.40719411524882715,-0.45356187621932814
O=C(OCC)CCNC(=O)CC[C@@]1(C)C(=O)CC[C@@H]2[C@@H]1C(=O)C[C@]1(C)C(=O)CC[C@@H]21,46.0,Low,6.0,2-86,Table2,small_data_set/smiles_review/table2_fixed_review.csv,13.17992973048969,13.17992973048969,0.0067307733441948,-0.8695944717610034,0.6352236386472024,35.56666666666667,419.5180000000002,386.2540000000002,419.230787776,166,0,0.3070606591830942,-0.4659204519580084,0.4659204519580084,0.3070606591830942,1.0666666666666669,1.7666666666666666,2.466666666666667,16.531955402737847,9.484701556419022,2.6224440291442037,-2.52490348700051,2.599643197341181,-2.563044166402804,5.990740342354779,-0.159759185874335,2.973216135420027,1.6570494178277435,760.792288235607,22.104083527755577,18.25260836221753,18.25260836221753,14.129900060875244,11.148142563297972,11.148142563297972,9.55471912743427,9.55471912743427,7.827255545410486,7.827255545410486,6.202784276454403,6.202784276454403,-2.0500000000000003,3759385.026299384,22.631101780652784,8.595328164573074,3.950002445225422,177.221501997301,10.05365155780638,17.34973483909482,0.0,5.907179729351506,0.0,5.969305287951849,23.97268592035911,0.0,0.0,0.0,13.847474399381248,38.02201416079144,48.97592988257156,13.027703587438928,28.709548874159157,29.22621985639817,0.0,5.316788604006331,28.583699077277743,72.13778458247997,13.151638370425491,0.0,0.0,0.0,5.316788604006331,0.0,0.0,0.0,42.37785822682366,28.709548874159157,28.583699077277743,72.13778458247997,0.0,0.0,0.0,0.0,106.61,16.747886984954953,23.97268592035911,0.0,66.86925322341156,32.29016845621696,6.4208216229260096,0.0,6.923737199690624,13.847474399381248,5.316788604006331,4.736862953800049,4.833657725474658,0.0,62.24946493891746,2.695040642978954,-1.448939562156033,-0.5852095894650033,0.0,3.1222340521285754,5.967085125454714,0.0,0.782608695652174,30,1,7,3,0,3,1,0,0,0,0,0,6,1,7,0,7,3,0,3,0,0,6.48405821768549,3,2.3958000000000004,108.28370000000004,0,0,0,0,0,0,0,0,0,0,5,5,0,0,0,0,1,0,0,0,0,0,0,0,0,0,0,1,0,0,0,0,0,0,0,0,3,0,0,0,1,1,0,0,0,0,0,0,0,0,0,3,3,0,0,0,0,0,0,0,0,0,0,0,0,0,0,0,0,0,0,0,0,0,0,0,0,0,0,0,0,0,0,0,0,4.886505006174716,0.5817991791551361,0.18938919210517785,0.17267718354104997,0.9262868622393979,1575.9475565616217,8943.749658514447,-3.3042351923367752e-18,0.3070606591830941,-0.46592045195800863,4.853889634069584,0.5584340676329944,0.1894488745443471,0.18439468030097814,0.9118161180636125,1664.7367743417753,8708.388097259929,-3.3042351923367752e-18,0.3070606591830941,-0.46592045195800863,4.912348790520956,0.6103173309952455,0.1839313380624531,0.15698594152607245,0.9343917530554664,1469.7264988563986,9123.93848902224,-3.3042351923367752e-18,0.3070606591830941,-0.46592045195800863
O=C1[C@@H]2[C@]3(C)[C@]4(O[C@H]4C[C@H]2[C@H]2[C@@](C)(C4(OCCO4)CC2)C1)CC1(OCCO1)CC3,44.0,Low,10.0,2-87,Table2,small_data_set/smiles_review/table2_fixed_review.csv,13.820856796422271,13.820856796422271,0.0783621504157219,-0.5413731138690547,0.5786568757438199,56.13793103448276,404.5030000000004,372.2470000000002,404.219888744,160,0,0.1739770580946108,-0.3652076851069695,0.3652076851069695,0.1739770580946108,0.896551724137931,1.6206896551724137,2.3793103448275863,16.74606495950676,9.43820759328216,2.804657175305316,-2.591991872517652,2.7484085621569783,-2.643302374747714,5.846680906697356,-0.2481813678727235,3.061639920161962,1.2626618435969377,769.3297488650614,19.700459844932887,17.537065412593705,17.537065412593705,13.873704421819388,11.63613348075678,11.63613348075678,11.230618089112822,11.230618089112822,10.385655600820163,10.385655600820163,9.062045895429677,9.062045895429677,-0.5299999999999999,7445277.58801034,18.080990548661404,5.263645165677414,1.9148378008013764,171.4564077174285,23.684314769000245,11.384295757348628,11.574222305141191,0.0,0.0,0.0,4.794537184071822,0.0,0.0,0.0,13.847474399381248,31.09827696110081,42.431173476659,32.531494245799976,28.478851953072063,5.783244946364939,0.0,0.0,28.58369907727774,82.07246526373652,26.427527858051672,0.0,0.0,0.0,0.0,0.0,0.0,0.0,55.49001230828979,28.478851953072063,28.58369907727774,58.79322575986333,0.0,0.0,0.0,0.0,66.52000000000001,11.574222305141191,4.794537184071822,0.0,28.452904183686943,50.4674065196654,38.524929737556064,0.0,0.0,0.0,13.847474399381248,23.684314769000245,31.02891290312421,0.0,13.820856796422271,0.0,-0.565404226505416,0.3155716603739253,0.0,6.407993472852103,7.242069393732905,0.0,0.9565217391304348,29,0,6,4,3,7,0,0,0,0,0,0,6,0,6,3,0,4,3,7,3,0,3.281790292831745,7,2.825600000000001,100.88400000000009,0,0,0,0,0,0,0,0,0,0,1,1,0,0,0,0,0,0,0,0,0,0,0,0,0,0,0,0,0,0,0,0,0,0,0,0,5,0,0,1,0,5,0,0,0,0,0,0,0,0,0,1,1,0,0,0,0,0,0,0,0,0,0,0,0,0,0,0,0,0,0,0,0,0,0,0,0,0,0,0,0,0,0,0,0,4.1054542986991525,0.6041643441949509,0.2330134985666481,0.15728053119651697,0.9508581479623028,1017.1928917338065,6150.166607096788,-2.2750471816089275e-19,0.17397705809461078,-0.36520768510696955,4.1055042143199465,0.6037885634578756,0.23459751620096106,0.1574898299062649,0.9514733323782956,1018.1881503855553,6151.893373027601,-2.2750471816089275e-19,0.1739770580946108,-0.3652076851069695,4.104698530443013,0.6027750206777613,0.23539908316143743,0.15799145165145817,0.9515517206962082,1020.7524924391702,6148.285371562425,-2.2750471816089275e-19,0.1739770580946108,-0.3652076851069695
O=C1[C@@H]2[C@]3(C)C(=CC[C@H]2[C@H]2[C@@](C)(C4(OCCO4)CC2)C1)CC1(OCCO1)CC3,40.0,Low,4.0,2-88,Table2,small_data_set/smiles_review/table2_fixed_review.csv,13.688449389014869,13.688449389014869,0.0465936791383221,-0.5224766664011788,0.5935179029402219,48.42857142857143,388.5040000000003,356.2480000000001,388.2249741239999,154,0,0.1739772430683844,-0.3471904796721115,0.3471904796721115,0.1739772430683844,0.9285714285714286,1.6428571428571428,2.392857142857143,16.74353203628476,9.467398756286634,2.6887091058691226,-2.579831554667685,2.677932681132958,-2.588277462505178,5.8480940990255,-0.2393072082337058,3.3778222082034564,1.359999714070663,731.2747148418372,19.200459844932887,17.128817122129842,17.128817122129842,13.41659764063284,11.196307075129331,11.196307075129331,10.46399839193951,10.46399839193951,9.415069757214134,9.415069757214134,8.057845246294836,8.057845246294836,-0.7500000000000002,5098582.797906335,18.053677663601945,5.686598781031663,2.0919198901108578,166.65909060926663,18.9474518152002,5.783244946364939,11.574222305141191,0.0,0.0,0.0,4.794537184071822,0.0,0.0,0.0,25.4965990362844,36.51326743049759,37.01618300726221,26.427527858051672,23.741988999272017,5.783244946364939,0.0,0.0,28.58369907727774,70.36744806500451,26.427527858051672,11.64912463690315,0.0,0.0,0.0,0.0,0.0,0.0,43.7849951095578,23.741988999272017,28.58369907727774,58.79322575986333,11.64912463690315,0.0,0.0,0.0,53.99000000000001,11.574222305141191,4.794537184071822,0.0,16.747886984954953,50.4674065196654,38.524929737556064,5.573104530069267,0.0,0.0,19.92349450621513,18.9474518152002,24.36021541950113,0.0,13.688449389014869,0.0,1.172604691567986,0.5188431078418003,0.0,8.782771912005542,7.310448813402006,0.0,0.8695652173913043,28,0,5,4,2,6,0,0,0,0,0,0,5,0,5,2,0,3,2,5,2,0,3.666572192677765,6,3.6144000000000025,101.36300000000008,0,0,0,0,0,0,0,0,0,0,1,1,0,0,0,0,0,0,0,0,0,0,0,0,0,0,1,0,0,0,0,0,0,0,0,0,6,0,0,0,0,4,0,0,0,0,0,0,0,0,0,1,1,0,0,0,0,0,0,0,0,0,0,0,0,0,0,0,0,0,0,0,0,0,0,0,0,0,0,0,0,0,0,0,0,4.120076586883185,0.5996397383133614,0.2617086940889733,0.16030570062539787,0.9634733606656849,994.6082374358301,5983.87364222286,-4.741577501003272e-18,0.17397724306838447,-0.34719047967211153,4.121624242977075,0.601758657184817,0.2590868292963622,0.15922232880807846,0.9625021878601855,989.5113233631446,5988.1020477531065,-4.741577501003272e-18,0.17397724306838447,-0.34719047967211153,4.119146550351839,0.5989144055815622,0.2626687425193393,0.16067650316520485,0.963870434180688,996.1974267183898,5981.394490184043,-4.741577501003273e-18,0.1739772430683845,-0.34719047967211153
O[C@@H]1[C@@H]2[C@]3(C)C(=CC[C@H]2[C@H]2[C@@](C)(C4(OCCO4)CC2)C1)CC1(OCCO1)CC3,40.0,Low,6.0,2-89,Table2,small_data_set/smiles_review/table2_fixed_review.csv,11.520450207860922,11.520450207860922,0.0529433578987148,-0.4616433330678455,0.6426218174830663,51.035714285714285,390.52000000000027,356.2480000000001,390.2406241879999,156,0,0.1736471097785352,-0.3927711964274251,0.3927711964274251,0.1736471097785352,0.9642857142857144,1.6785714285714286,2.4285714285714284,16.74358403792488,9.462710529810732,2.68692591135576,-2.605352047248318,2.686926639083763,-2.6010342252025884,5.279984765525409,-0.2580390154220004,3.3778222082034564,1.35147175970921,691.1062521785619,19.200459844932887,17.245132696355565,17.245132696355565,13.41659764063284,11.349734918253674,11.349734918253674,10.640493166310735,10.640493166310735,9.656843402583048,9.656843402583048,8.358355290610744,8.358355290610744,-0.4599999999999999,5098582.797906335,18.320219626621896,5.8198586544878665,2.1520161327288174,167.2918022614189,24.0539792100409,0.0,11.574222305141191,0.0,0.0,0.0,0.0,0.0,0.0,0.0,25.4965990362844,48.851995099585,24.67745533817481,32.531494245799976,24.0539792100409,0.0,0.0,0.0,28.58369907727774,76.47141445275282,26.427527858051672,11.64912463690315,0.0,0.0,0.0,0.0,0.0,0.0,49.21224394578187,18.9474518152002,28.58369907727774,58.79322575986333,11.64912463690315,0.0,0.0,0.0,57.150000000000006,11.574222305141191,5.106527394840706,0.0,16.933947326541862,44.18124599653585,44.94575136048208,5.573104530069267,0.0,0.0,19.92349450621513,18.9474518152002,24.487293083900227,0.0,0.0,11.520450207860922,1.4325120989753937,0.5322756475243395,0.0,9.000910611929958,7.526558349809163,0.0,0.9130434782608696,28,1,5,4,2,6,0,0,0,0,0,0,5,1,5,2,0,3,2,5,2,0,3.8078960266469255,6,3.406200000000002,102.36280000000008,0,1,1,0,0,0,0,0,0,0,0,0,0,0,0,0,0,0,0,0,0,0,0,0,0,0,1,0,0,0,0,0,0,0,0,0,6,0,0,0,0,4,0,0,0,0,0,0,0,0,0,0,0,0,0,0,0,0,0,0,0,0,0,0,0,0,0,0,0,0,0,0,0,0,0,0,0,0,0,0,0,0,0,0,0,4.111964814706258,0.5899141974745219,0.2767483406941546,0.16585368495716887,0.9706570805962779,1023.230538242427,6000.159219848952,-4.252870457233463e-18,0.2104608355536641,-0.39277119642742503,4.109504656083208,0.5899173930343434,0.2750015549986742,0.16563805053799968,0.9683036972385631,1022.4544032870426,5985.320646528657,-4.252870457233463e-18,0.2104608355536641,-0.39277119642742503,4.111258143507201,0.5882129716801134,0.27987479131313425,0.16671779287206528,0.9714374497926047,1027.57458706215,5998.286493321544,-4.2528704572334634e-18,0.21046083555366407,-0.3927711964274251
O=C(NC1CC1)[C@H]1[C@@H]2[C@@]3(C)[C@@H](O)[C@H](OC3=O)C=C2[C@H]2[C@]31CC(=C)[C@@](O)(C3)CC2,33.0,Low,2.0,2-90,Table2,small_data_set/smiles_review/table2_fixed_review.csv,13.546421485260767,13.546421485260767,0.0357175925925925,-1.1166302910052908,0.4907201235958059,53.392857142857146,385.46000000000026,358.24400000000014,385.188922964,150,0,0.3154295933805242,-0.4547949396023009,0.4547949396023009,0.3154295933805242,1.3571428571428572,2.107142857142857,2.821428571428572,16.565769497602243,9.603582310449603,2.7512601456333563,-2.424110260861479,2.736254939503066,-2.5227517111495685,5.876225478196962,-0.1513644933888385,3.3289558776265458,1.5389598417318364,860.988424105451,19.637463722575184,16.110371415024723,16.110371415024723,13.204815018005773,10.524021809893,10.524021809893,10.315439682167254,10.315439682167254,8.894507625682788,8.894507625682788,7.39845387750955,7.39845387750955,-1.6599999999999997,3884405.4816320455,17.219915161501437,4.901956451748359,1.7786815027229643,163.56376156220892,20.26670634748779,17.622923244893386,0.0,5.907179729351506,0.0,5.969305287951849,9.589074368143644,0.0,0.0,0.0,12.152040213667764,68.430688089708,11.959746875309351,11.51895685714508,24.538992111625102,11.876485017303356,0.0,5.316788604006331,28.58369907727774,69.29949135287494,0.0,23.80116485057092,0.0,0.0,5.316788604006331,0.0,0.0,0.0,45.94036422261301,14.325937321943693,28.58369907727774,45.448666937246685,23.80116485057092,0.0,0.0,0.0,95.86,40.52617585938709,19.802129157825057,0.0,23.784832650822253,19.26246486877803,30.40867392891656,0.0,6.923737199690624,6.076020106833881,11.895724287604828,4.736862953800049,5.492109512786596,0.0,26.401568916918617,25.222018967309147,-0.5447459608843526,-1.164576719576721,0.2148672524565378,4.871270786092214,5.924153911564626,0.0,0.7272727272727273,28,3,6,5,1,6,1,0,0,0,0,4,5,3,6,1,2,4,1,5,1,0,3.014688365160048,6,1.221099999999999,98.70230000000004,0,2,1,0,0,0,0,0,0,0,2,2,0,0,0,0,1,0,0,0,0,0,0,0,0,0,1,1,0,0,0,0,0,0,0,0,6,0,0,0,1,1,0,0,0,0,0,0,0,0,0,0,0,0,0,0,0,0,0,0,0,0,0,0,0,0,0,0,0,0,0,0,0,0,0,0,0,0,0,0,0,0,0,0,0,3.5058704156268674,0.1409564645422861,0.2841465255980348,0.5312909655821164,0.6857740193965376,2269.80211411157,2931.667258432326,1.3246979271095615e-17,0.31542959338052406,-0.45479493960230094,3.5021688438779557,0.13694874933245954,0.2915783425058551,0.5396906274768403,0.6811921567750286,2296.5395653070777,2901.192154121427,1.3246979271095615e-17,0.31542959338052406,-0.45479493960230094,3.5033393915874407,0.13962364991954812,0.2939841074570381,0.53448117197171,0.6832744373999325,2278.652203180896,2916.4116833136645,1.3246979271095615e-17,0.31542959338052406,-0.45479493960230094
S(=O)(=O)(O[C@H]1[C@H]2OC[C@@H](OS(=O)(=O)C)[C@H]2OC1)C,31.0,Low,3.0,2-91,Table2,small_data_set/smiles_review/table2_fixed_review.csv,11.025644500083985,11.025644500083985,0.0198663076341647,-3.617875409423028,0.5761487627776549,36.77777777777778,302.326,288.214,302.013009408,106,0,0.2643309918761908,-0.3696765962633133,0.3696765962633133,0.2643309918761908,0.8333333333333334,1.1666666666666667,1.4444444444444444,32.24123841129963,10.115778540521967,2.505689069525675,-2.1507355128632923,2.311413076182581,-2.3521188631095358,7.85756674789372,0.0225751987345997,2.663985899500408,2.029810337191039,461.2150500951927,13.55204176387779,9.80609754377023,11.439090705625684,8.156596523969727,5.153152472627141,8.786145634482594,4.273499661372247,7.474896421759725,2.5593250020109903,3.752882611196226,2.04311915784456,3.27130582717185,-0.2600000000000001,8253.028316652264,14.155504419859923,4.689029676157723,3.3945784530818885,105.40516895526407,9.473725907600098,24.41586555099321,0.0,0.0,20.236253718067108,0.0,8.366170865299415,0.0,16.835593968657875,0.0,0.0,0.0,0.0,25.72530229604865,34.67549074155739,20.236253718067108,0.0,0.0,0.0,24.41586555099321,25.72530229604865,0.0,0.0,0.0,0.0,0.0,0.0,0.0,66.97676181569972,38.07615049096662,0.0,0.0,0.0,0.0,0.0,0.0,105.2,44.65211926906032,16.835593968657875,0.0,13.213763929025836,0.0,12.511538367022808,0.0,0.0,0.0,0.0,17.839896772899515,64.29901554757706,0.0,0.0,0.0,0.0,0.0,0.0,-0.9363306773326632,0.0397326152683299,-7.235750818846056,1.0,18,0,8,0,2,2,0,0,0,0,0,0,8,0,10,2,4,0,2,2,0,0,3.6875322392058334,2,-1.526399999999998,58.91360000000004,0,0,0,0,0,0,0,0,0,0,0,0,0,0,0,0,0,0,0,0,0,0,0,0,0,0,0,0,0,0,0,0,0,0,0,0,1,0,0,0,0,2,0,0,0,0,0,0,0,0,0,0,0,0,0,0,0,0,0,0,0,0,0,0,0,0,0,0,0,0,0,0,0,0,0,0,0,0,0,0,0,0,0,0,0,3.4558604137385807,0.6228888324710771,0.26102393425104525,0.1617092925762176,0.9505332464786796,502.4445183298685,3303.7792361990255,0.0,0.2643309918761909,-0.3696765962633132,3.4906370004980785,0.645568481995313,0.2424447897390374,0.14708053533259602,0.9563123952797222,479.79568539307905,3388.685851836088,0.0,0.2643309918761909,-0.3696765962633132,3.5407462071398745,0.6779222158271286,0.22363114014407443,0.12356231020514177,0.9661140204850737,446.2692529686765,3508.57599932857,0.0,0.2643309918761909,-0.3696765962633132
O=C(OC)[C@H]1[C@@H]2[C@@](C(=O)OC)(C)[C@@H]3O[C@@]2([C@H]2[C@]41CC(=C)[C@@](O)(C4)CC2)C=CO3,29.0,Low,13.0,2-92,Table2,small_data_set/smiles_review/table2_fixed_review.csv,13.183072562358277,13.183072562358277,0.0530035903250196,-1.175361394557823,0.5667723208459176,52.642857142857146,390.4320000000002,364.22400000000016,390.167853172,152,0,0.3178632914615797,-0.4714834353113093,0.4714834353113093,0.3178632914615797,1.3214285714285714,2.071428571428572,2.75,16.706049411106154,9.614562080275183,2.8333019457092425,-2.458274968978988,2.772591847577546,-2.4984105816215973,5.8262850380826885,-0.2073561110448906,3.098947286060066,1.762382000387275,819.5717390061975,20.11251969619285,16.39633885935363,16.39633885935363,13.193142199709962,9.773467263472588,9.773467263472588,9.308054830786746,9.308054830786746,8.404102491019293,8.404102491019293,7.407421186103724,7.407421186103724,-1.86,2586480.5712588853,18.1865212331394,5.1879610246911705,1.7022716398900957,163.2011903540581,24.0539792100409,11.016041280380469,0.0,6.290026729335213,0.0,11.9386105759037,9.589074368143644,0.0,0.0,0.0,6.578935683598497,55.58904484385599,5.917906046161393,32.000632388120934,33.64305357818454,11.9386105759037,0.0,0.0,28.58369907727774,50.099152042697256,14.219595082555069,24.490140768922437,0.0,0.0,0.0,0.0,0.0,0.0,48.756861404602056,28.53652618334384,28.58369907727774,32.60702369139466,24.490140768922437,0.0,0.0,0.0,91.29000000000002,46.12722667037078,14.69560176298435,0.0,11.887211334113244,25.68328649170404,5.573104530069267,14.219595082555069,13.185817648111414,6.076020106833881,6.578935683598497,18.9474518152002,22.473096025447216,0.0,26.164370472726127,11.148846056941297,-2.798810403019232,-2.047875566893425,0.0,4.820200223607962,5.877976347946586,2.695530176576803,0.7142857142857143,28,1,7,3,2,5,0,0,0,0,0,4,7,1,7,2,2,3,1,4,2,0,3.3696772618659154,5,1.7011999999999994,95.42880000000004,0,1,0,0,0,0,0,0,0,0,2,2,0,0,0,0,0,0,0,0,0,0,0,0,0,0,0,0,0,0,0,0,0,0,0,0,2,0,0,0,2,4,0,0,0,0,0,0,0,0,0,0,0,0,0,2,0,0,0,0,0,0,0,0,0,0,0,0,0,0,0,0,0,0,0,0,0,0,0,0,0,0,0,0,0,3.3602577497041843,0.14845025745258236,0.4354386104578101,0.5084503531750638,0.7808823994564641,1942.4957064275359,3007.4353335229152,1.0279842820603299e-18,0.31786329146157966,-0.4714834353113094,3.345082964639156,0.13551668382098048,0.44871452073401785,0.5279190206718564,0.7829144358612,1980.2003094114948,2959.3393298624865,1.0279842820603297e-18,0.3178632914615796,-0.47148343531130943,3.353781966489408,0.14167021897388335,0.4537882150745057,0.5186739467148466,0.7876264789243591,1958.0351093904387,2999.6502933095253,1.0279842820603299e-18,0.31786329146157966,-0.4714834353113094
O=C(OCC=C)N[C@H]1[C@@H]2[C@]3(C)C(=O)O[C@@]2([C@H]2[C@]41CC(=C)[C@@](O)(C4)CC2)C=CC3=O,0.0,Low,0.0,2-93,Table2,small_data_set/smiles_review/table2_fixed_review.csv,12.897449739939594,12.897449739939594,0.0485803650163758,-1.375731568090199,0.4264092821583394,48.75862068965517,399.4430000000002,374.24300000000017,399.16818752,154,0,0.4071943060798269,-0.45328115448016,0.45328115448016,0.4071943060798269,1.4827586206896552,2.2413793103448274,2.9655172413793105,16.5685992964129,9.631577825126444,2.823682804023578,-2.444769358863357,2.743101717507868,-2.5558830564637725,6.122185571318234,-0.1580078294241564,3.08514855389628,1.6639953099398834,908.9785638408348,20.8196264773794,16.402304131262863,16.402304131262863,13.638300644843572,10.059159762112785,10.059159762112785,9.442939106713752,9.442939106713752,8.274412147477976,8.274412147477976,7.12634728476319,7.12634728476319,-2.41,3744102.348374432,18.608011043784117,5.3879037553726405,1.9439277296161688,168.36082326090852,19.897041906447136,17.622923244893386,5.783244946364939,0.0,0.0,12.062545358890263,9.589074368143644,4.794537184071822,0.0,0.0,19.23389147403088,50.33216843513169,23.29264339086753,5.601050810983688,28.963864854656265,17.845790305255203,0.0,5.316788604006331,22.665793031116348,49.85096614251,6.606881964512918,36.95903621776791,0.0,0.0,5.316788604006331,4.794537184071822,0.0,0.0,46.80314211572416,19.06280027574374,22.665793031116348,32.60702369139466,36.95903621776791,0.0,0.0,0.0,101.93,46.05437479496055,19.49013894705617,0.0,18.30803295703925,25.68328649170404,5.573104530069267,12.152040213667762,12.999757306524504,0.0,18.474659971203327,9.473725907600098,11.141211498488284,0.0,38.29273583664411,14.096265815363488,-3.1593500934324346,-1.5424361195095335,-0.5682960128495849,6.08713811546198,9.319397626500349,0.0,0.5909090909090909,29,2,7,4,1,5,1,0,0,0,0,4,6,2,7,1,3,3,1,4,1,0,3.457178364924828,5,1.8152999999999997,101.51650000000004,0,1,0,0,0,0,0,0,0,0,3,3,0,0,0,0,1,0,0,0,0,0,0,0,1,0,1,1,0,0,0,0,0,0,0,0,1,0,0,0,1,2,0,0,0,0,0,0,0,0,0,1,0,0,0,0,0,0,0,0,0,0,0,0,0,0,0,0,0,0,0,0,0,0,0,0,0,0,0,0,0,0,0,0,0,3.739059224145298,0.16381023109380471,0.264951331398214,0.5090861828992927,0.6569826632111138,2625.2667412981764,3387.654179289644,-1.5419764230904953e-18,0.40719430607982693,-0.45328115448016015,3.734207206063011,0.16299900171405984,0.2654541735514743,0.511424376234795,0.6541839350789446,2631.2165676490954,3365.0159466511645,-1.5419764230904953e-18,0.40719430607982693,-0.45328115448016015,3.731845024864522,0.16092430805875463,0.27001145132532606,0.5162995094225854,0.6502168757422436,2651.1674912336694,3339.653619692606,-1.5419764230904953e-18,0.40719430607982693,-0.45328115448016015
S(=O)(=O)(O[C@H]1[C@H]2OC[C@@H](O)[C@H]2OC1)c1c([N+](=O)[O-])cccc1,0.0,Low,0.0,2-94,Table2,small_data_set/smiles_review/table2_fixed_review.csv,12.283238378684809,12.283238378684809,0.0284977324263042,-4.358810941043082,0.4576794705832704,31.13636363636364,331.302,318.19800000000004,331.03618737600004,120,0,0.303797049175658,-0.3878928435809983,0.3878928435809983,0.303797049175658,1.2272727272727273,1.9090909090909087,2.636363636363636,32.23997881953806,10.116007194141565,2.493435541114372,-2.157524372821003,2.321837604328993,-2.3386384452337325,7.865289365324392,-0.3874800338724419,3.029523177229365,1.8467121013207213,690.1216010046452,15.905412915006313,11.193429230600923,12.009925811528651,10.398684032670673,6.479382104892708,7.887630395356571,4.976880904491035,6.517405690312223,3.5634096090115097,4.947859489937242,2.560398674490316,3.798515183807324,-1.59,119511.65981852122,15.311239944158608,5.556019574711535,2.5907660295815744,125.23164091987924,14.580253302440804,24.41586555099321,4.895483475517775,0.0,5.687386274683562,10.118126859033554,14.29740370141528,0.0,8.417796984328938,0.0,12.13273413692322,6.06636706846161,6.06636706846161,18.137074977843508,32.104446768237125,15.805513133717117,0.0,0.0,0.0,29.311349026510985,13.213763929025836,34.37978654261201,0.0,0.0,0.0,5.687386274683562,0.0,0.0,56.07726490800636,23.77493819928336,10.114318268765572,0.0,29.16095174936421,0.0,0.0,0.0,125.20000000000002,50.04017320904577,23.638642647935217,0.0,13.213763929025836,0.0,12.13273413692322,12.13273413692322,0.0,0.0,0.0,13.656811340249806,40.13684445074327,0.0,9.616727053092944,20.539377902791053,-0.5644996903082224,0.0,4.917113948961893,-3.1547886747291534,-0.0486307161753583,-4.358810941043082,0.5,22,1,9,0,2,2,0,1,0,1,0,0,8,1,10,2,4,0,2,2,0,0,3.866797674675017,3,-0.1728000000000005,70.64200000000002,0,1,1,0,0,0,0,0,0,0,0,0,0,0,0,1,0,0,0,0,0,0,0,0,0,0,0,0,0,0,0,0,0,0,1,0,1,0,0,0,0,2,0,0,0,0,0,0,0,0,0,0,0,0,0,0,0,0,1,1,0,0,0,0,1,0,0,0,0,0,0,0,0,0,0,0,0,0,0,0,0,0,0,0,0,3.4324374059213927,0.4674332439316978,0.21708494986600446,0.23185041527897074,0.9132311187594022,831.6940310655466,3333.7276559860243,3.1720657846433047e-18,0.30379704917565803,-0.3878928435809982,3.398635568975538,0.4415329526042318,0.23269286591856117,0.24921783294158983,0.9111184716169286,864.8374557346641,3242.277230744666,3.1720657846433047e-18,0.30379704917565803,-0.3878928435809982,3.41235241462319,0.4581994213424396,0.2212546117339703,0.23815551975377927,0.9079483744966055,840.5151427191178,3277.2469391662275,3.1720657846433047e-18,0.30379704917565803,-0.3878928435809982
S(=O)(=O)(O[C@H]1[C@H]2OC[C@@H](O)[C@H]2OC1)c1ccc(N)cc1,193.0,Low,15.0,2-95,Table2,small_data_set/smiles_review/table2_fixed_review.csv,12.132888794406652,12.132888794406652,0.0219401927437647,-3.913787792894935,0.5721213418250446,33.25,301.32,286.2,301.06200820000004,110,0,0.2969174577451698,-0.3987277131345219,0.3987277131345219,0.2969174577451698,1.15,1.8,2.5,32.23997809932821,10.116008702475709,2.488964058995355,-2.158454665537701,2.30394897594212,-2.3375701862931355,7.863792708202354,0.0097890977714763,2.9457890354943634,1.7562410384840756,586.4700400652127,14.328062645816686,10.507069323362868,11.323565904290591,9.471163677742108,6.173319005923724,7.581567296387587,4.821082019184648,6.39318492016942,3.400893511567299,4.750963067460516,2.3792136298143243,3.4502372351108344,-1.19,47874.9634048544,13.777565172272135,4.973613213119668,2.403649384028532,115.91855589439214,20.313920779602988,24.41586555099321,0.0,0.0,10.118126859033554,0.0,4.183085432649707,0.0,8.417796984328938,0.0,0.0,24.26546827384644,5.687386274683562,18.10924740454361,27.18113571941945,15.805513133717117,0.0,0.0,0.0,29.311349026510985,18.94743140618802,24.26546827384644,0.0,0.0,5.733667477162185,5.687386274683562,0.0,0.0,51.15395385918868,23.77493819928336,0.0,0.0,29.16095174936421,0.0,0.0,0.0,108.08,34.53399241002676,13.524324379169643,0.0,18.10924740454361,5.687386274683562,0.0,24.26546827384644,0.0,0.0,0.0,19.390478817411992,40.05940108759553,0.0,0.0219401927437647,9.5941297860589,5.983465194400891,0.0,5.726843400940624,-2.5808284599933247,0.1921699244818837,-3.913787792894935,0.5,20,3,7,0,2,2,0,1,0,1,0,0,7,2,8,2,3,0,2,2,0,0,3.426214009271502,3,-0.4988000000000003,68.40000000000003,0,1,1,1,0,0,0,0,0,0,0,0,0,0,0,0,0,1,0,0,0,0,0,0,0,0,0,0,0,1,0,0,0,0,1,0,1,0,0,0,0,2,0,0,0,0,0,0,0,0,0,0,0,0,0,0,0,0,0,0,0,0,0,0,0,0,0,0,0,0,0,0,0,0,0,0,0,0,0,0,0,0,0,0,0,3.552004197977903,0.5383179865390225,0.1449899668849394,0.19088836138673243,0.889375526319061,688.9277641442426,3260.6749429733736,8.326672684688675e-18,0.29691745774517,-0.39872771313452177,3.5545756858103634,0.5342104016253141,0.14172168194623855,0.19217338770163575,0.8841556539306293,698.5218969340874,3249.8105509892976,8.326672684688675e-18,0.29691745774517,-0.39872771313452177,3.545280752089463,0.5329508091739166,0.15388502156400727,0.1941326098579867,0.8904111021600342,693.7508826013296,3248.26876411651,8.326672684688675e-18,0.29691745774517,-0.39872771313452177
S(=O)(=O)(O[C@H]1[C@H]2OC[C@@H](O)[C@H]2OC1)c1c(N)cccc1,193.0,Low,11.0,2-96,Table2,small_data_set/smiles_review/table2_fixed_review.csv,12.203238378684809,12.203238378684809,0.0539302248677251,-3.997144274376416,0.5721213418250447,33.25,301.31999999999994,286.2,301.06200820000004,110,0,0.2989766418591826,-0.3975988191316889,0.3975988191316889,0.2989766418591826,1.2,1.9,2.65,32.239978592635936,10.116007396702573,2.4901565608071787,-2.164199346971766,2.31173309718982,-2.338745239278611,7.865424189091066,0.0097980363161895,2.94303881459283,1.7971699514642885,603.7200400652125,14.328062645816686,10.507069323362868,11.323565904290591,9.488000430147714,6.179302070067431,7.587550360531294,4.789872509621492,6.330397295442679,3.4204683359066386,4.831482254112602,2.4492023995338714,3.645317478023303,-1.19,48245.23528762026,13.777565172272135,4.973613213119668,2.292667093578689,115.91855589439214,20.313920779602988,29.311349026510985,0.0,0.0,10.118126859033554,0.0,4.183085432649707,0.0,8.417796984328938,0.0,12.13273413692322,12.13273413692322,0.0,18.9011502037094,27.18113571941945,15.805513133717117,0.0,0.0,0.0,29.311349026510985,18.94743140618802,24.26546827384644,0.0,0.0,5.733667477162185,5.687386274683562,0.0,0.0,51.15395385918868,23.77493819928336,0.0,0.0,29.16095174936421,0.0,0.0,0.0,108.08,34.53399241002676,13.524324379169643,0.0,23.79663367922717,0.0,0.0,12.13273413692322,12.13273413692322,0.0,0.0,19.390478817411992,40.20162840136055,0.0,-0.0814857331821612,9.60160130257082,5.768802568867053,0.0,6.067669504517448,-2.645475035693292,0.167736599269338,-3.997144274376416,0.5,20,3,7,0,2,2,0,1,0,1,0,0,7,2,8,2,3,0,2,2,0,0,3.426214009271502,3,-0.4987999999999994,68.40000000000003,0,1,1,1,0,0,0,0,0,0,0,0,0,0,0,0,0,1,0,0,0,0,0,0,0,0,0,0,0,1,0,0,0,0,1,0,1,0,0,0,0,2,0,0,0,0,0,0,0,0,0,0,0,0,0,0,0,0,0,0,0,0,0,0,1,0,0,0,0,0,0,0,0,0,0,0,0,0,0,0,0,0,0,0,0,3.3108544062610226,0.45904349013124024,0.24281256019935718,0.24158356069861478,0.9206742818094608,715.2289195057951,2833.5826527074005,-1.1895246692412394e-18,0.29897664185918255,-0.39759881913168893,3.333213872312452,0.469644568470954,0.23909173494300856,0.23529984027124573,0.9196515835563825,707.0134327843703,2879.6612641187635,-1.1895246692412394e-18,0.29897664185918255,-0.39759881913168893,3.3455950091585764,0.4795103749062789,0.234016271401209,0.22659318022052044,0.9236497582997565,697.428814106036,2909.167618013859,-1.1895246692412394e-18,0.29897664185918255,-0.39759881913168893
S(=O)(=O)(O[C@H]1[C@H]2OC[C@@H](OS(=O)(=O)c3ccc(N)cc3)[C@H]2OC1)c1ccc(N)cc1,113.0,Low,2.0,2-97,Table2,small_data_set/smiles_review/table2_fixed_review.csv,12.49934088879536,12.49934088879536,0.058448748071312,-4.085258317332839,0.4629935611838375,26.53333333333333,456.49800000000016,436.33800000000025,456.06610760000007,162,0,0.296917457778282,-0.3987277131345219,0.3987277131345219,0.296917457778282,0.6666666666666666,1.0,1.3333333333333333,32.241420472564364,10.115763631134415,2.514609810056586,-2.169597097350511,2.3352233611232944,-2.3555075385879234,7.8665311663762845,0.021995221736487,3.255253295866205,1.4423546948781802,1026.2812819474325,21.51829709012867,15.579600235666492,17.212593397521943,14.15463365524951,8.964988861444741,11.78148544237247,6.911570848829951,10.05577665079948,4.800649625024176,7.500788736810607,3.299621919889276,5.441669130482291,-2.22,6096021.700076358,21.028880630570725,7.796220394822719,4.147531653217419,173.46925453262432,20.94106086192447,24.41586555099321,0.0,0.0,20.236253718067108,0.0,8.366170865299415,0.0,16.835593968657875,0.0,0.0,48.53093654769288,11.374772549367124,23.004730880061388,34.67549074155739,31.61102626743423,0.0,0.0,0.0,34.20683250202876,24.68109888335021,48.53093654769288,0.0,0.0,11.46733495432437,11.374772549367124,0.0,0.0,54.46522344867692,38.07615049096662,0.0,0.0,58.321903498728425,0.0,0.0,0.0,157.24,44.65211926906032,16.835593968657875,0.0,23.004730880061388,11.374772549367124,0.0,48.53093654769288,0.0,0.0,0.0,29.307231727223886,71.67213816732708,0.0,-0.1168974961426243,0.0,11.980309944551466,0.0,11.114134941804494,-3.461934697764426,-0.1839008917769731,-8.170516634665677,0.3333333333333333,30,4,10,0,2,2,0,2,0,2,0,0,10,2,12,2,6,0,2,2,0,0,5.464859601744932,4,0.4966000000000014,105.30640000000002,0,0,0,2,0,0,0,0,0,0,0,0,0,0,0,0,0,2,0,0,0,0,0,0,0,0,0,0,0,2,0,0,0,0,2,0,1,0,0,0,0,2,0,0,0,0,0,0,0,0,0,0,0,0,0,0,0,0,0,0,0,0,0,0,0,0,0,0,0,0,0,0,0,0,0,0,0,0,0,0,0,0,0,0,0,4.8902699221252055,0.625341354073724,0.16390238139239008,0.1578345069823332,0.9446216633122346,1485.8830847196357,9998.734508343468,-1.942890293094024e-18,0.2969174577782819,-0.39872771313452177,4.912584902024011,0.6257069811320062,0.16504086086235467,0.1610696088860669,0.9453220377132924,1501.5280304693042,10088.65122887334,-1.942890293094024e-18,0.2969174577782819,-0.39872771313452177,5.014253883266189,0.6721860015734636,0.14403455092942266,0.12615849554515485,0.9609353136278485,1380.848242237017,10577.203773006639,-1.942890293094024e-18,0.2969174577782819,-0.39872771313452177
S(=O)(=O)(O[C@H]1[C@H]2OC[C@@H](OS(=O)(=O)c3c(N)cccc3)[C@H]2OC1)c1c(N)cccc1,91.0,Low,8.0,2-98,Table2,small_data_set/smiles_review/table2_fixed_review.csv,12.576000118306736,12.576000118306736,0.0491284480585114,-4.17483379802283,0.4629935611838375,26.53333333333333,456.49800000000016,436.33800000000025,456.0661076,162,0,0.2989766418922949,-0.3975988191316889,0.3975988191316889,0.2989766418922949,0.7,1.0666666666666669,1.4333333333333331,32.24142124180058,10.115761029715095,2.516446307416666,-2.1748029245325,2.344454236785643,-2.356853781702098,7.868229873441417,0.0220282560052154,3.2515940519063284,1.4760241954398965,1060.7812819474325,21.51829709012867,15.579600235666492,17.212593397521943,14.188307160060726,8.976954989732155,11.793451570659885,6.8491518297036365,9.930201401346006,4.839799273702853,7.661827110114779,3.4395994593283703,5.831829616307225,-2.22,6195317.4241960095,21.028880630570725,7.796220394822719,3.8914950941132016,173.46925453262432,20.94106086192447,34.20683250202876,0.0,0.0,20.236253718067108,0.0,8.366170865299415,0.0,16.835593968657875,0.0,24.26546827384644,24.26546827384644,0.0,24.58853647839296,34.67549074155739,31.61102626743423,0.0,0.0,0.0,34.20683250202876,24.68109888335021,48.53093654769288,0.0,0.0,11.46733495432437,11.374772549367124,0.0,0.0,54.46522344867692,38.07615049096662,0.0,0.0,58.321903498728425,0.0,0.0,0.0,157.24,44.65211926906032,16.835593968657875,0.0,34.37950342942851,0.0,0.0,36.39820241076966,12.13273413692322,0.0,0.0,29.307231727223886,71.98149663103605,0.0,-0.3307823628946245,0.0,11.554405461089544,0.0,11.801876591514452,-3.5912278491643583,-0.2327675422020645,-8.34966759604566,0.3333333333333333,30,4,10,0,2,2,0,2,0,2,0,0,10,2,12,2,6,0,2,2,0,0,5.464859601744932,4,0.4966000000000014,105.30640000000002,0,0,0,2,0,0,0,0,0,0,0,0,0,0,0,0,0,2,0,0,0,0,0,0,0,0,0,0,0,2,0,0,0,0,2,0,1,0,0,0,0,2,0,0,0,0,0,0,0,0,0,0,0,0,0,0,0,0,0,0,0,0,0,0,2,0,0,0,0,0,0,0,0,0,0,0,0,0,0,0,0,0,0,0,0,4.781282284217481,0.6814846588064608,0.15795511758023836,0.12239229516811162,0.9717107567874999,1215.1780314912694,9694.828367990127,3.608224830031758e-18,0.29897664189229495,-0.39759881913168893,4.789327186047864,0.6831027886608222,0.16192534172196513,0.12151699818826908,0.9715926526020994,1213.041831013041,9728.823409884088,3.608224830031758e-18,0.29897664189229495,-0.39759881913168893,4.770915148634828,0.6812845872596736,0.1556935184333787,0.12234266517948364,0.969150371302192,1210.8758187288627,9636.416273500643,3.608224830031758e-18,0.29897664189229495,-0.39759881913168893
O=C([O-])[C@]1(C)[C@@H](O)[C@H](O)C=C2[C@@H]1[C@H]([NH3+])[C@@]13[C@H]2CC[C@@](O)(C(=C)C1)C3,91.0,Low,3.0,98,Table2,small_data_set/smiles_review/table2_fixed_review.csv,11.95220730190224,11.95220730190224,0.0605092592592588,-1.5932086167800446,0.4170805336323731,55.79166666666666,335.40000000000015,310.20000000000005,335.17327290000003,132,0,0.0991728541745416,-0.5494335760335274,0.5494335760335274,0.0991728541745416,1.4583333333333333,2.125,2.75,16.376760972305007,9.627523217859263,2.7144348849297963,-2.462412037599435,2.692144832456459,-2.7384388352280555,5.752283824663797,-0.4626605702713194,2.8509682460201846,1.8911101807661932,674.3202711316902,17.654336059449747,13.864879669684644,13.864879669684644,11.07669248026851,8.606795734359224,8.606795734359224,8.569525562000093,8.569525562000093,7.652085817674662,7.652085817674662,6.334822624338561,6.334822624338561,-1.21,243392.8610992352,16.268821771756578,4.491846656887284,1.579858427098538,140.219084099927,30.95431424059683,0.0,0.0,0.0,0.0,0.0,0.0,0.0,0.0,0.0,25.15179752019227,37.174297067934695,16.747886984954953,29.820129703580108,30.95431424059683,5.969305287951849,0.0,0.0,22.665793031116344,56.45784810702291,0.0,23.80116485057092,0.0,0.0,10.84019487200289,0.0,0.0,0.0,45.13971188810221,4.794537184071822,22.665793031116344,32.60702369139466,23.80116485057092,0.0,0.0,0.0,128.46,35.11118538999031,25.220646763434644,0.0,17.374737344706134,19.26246486877803,17.567030683064544,6.923737199690624,6.076020106833881,0.0,12.312603160760682,0.0,0.0,0.0,11.95220730190224,43.48053134448224,3.140899470899473,-1.8009887566137568,-0.2871527777777782,1.4244862528344662,5.506683830939783,0.0,0.7222222222222222,24,6,6,4,0,4,0,0,0,0,0,2,5,4,6,0,1,3,0,3,1,0,3.0448771952899936,4,-1.8777999999999968,81.85750000000003,1,3,2,0,0,0,0,0,1,1,1,1,0,0,0,0,0,0,0,0,0,0,0,0,0,0,0,0,0,0,0,0,0,0,0,0,3,0,0,0,0,0,0,0,0,0,0,0,0,0,0,0,0,0,0,0,0,0,0,0,0,0,0,0,0,0,0,0,0,0,0,0,0,0,1,0,0,0,0,0,0,0,0,0,0,3.317838546880363,0.3280224440682093,0.34767543914094756,0.320443459159143,0.8953994272036948,1067.7386215307044,2982.4485767290107,2.619786473924157e-18,0.3442745494662886,-0.5494335760335274,3.307627889876612,0.3252551364904906,0.35260568002187076,0.3229315031847691,0.906046580942859,1063.3007280694567,2982.5562498138424,2.6197864739241575e-18,0.34427454946628866,-0.5494335760335274,3.3175794762062236,0.32731478307197653,0.34386992726988364,0.32100690074854005,0.891299930261395,1070.7033202104126,2972.782490237724,2.619786473924157e-18,0.3442745494662886,-0.5494335760335274
O(C)c1c(O)c2c(cc1)C=C[C@]1(CC[N+]([O-])(C)C)C2=CC(=O)C(OC)=C1,18.0,Low,7.0,99,Table2,small_data_set/smiles_review/table2_fixed_review.csv,12.426874527588812,12.426874527588812,0.0111895313681023,-0.6983848261526835,0.6474761364200682,21.5,357.40600000000006,334.2220000000001,357.157622836,138,0,0.2198945681989257,-0.6331664131386981,0.6331664131386981,0.2198945681989257,1.2307692307692308,1.9615384615384612,2.576923076923077,16.538847785689658,9.66553802943397,2.4103322899130277,-2.4110154807308017,2.5279537763603264,-2.3763666469060647,6.114752586683736,-0.8401644388746234,2.591697600227408,2.189622435118923,844.492893501121,19.11251969619286,15.40573553036622,15.40573553036622,12.204455788097828,8.375326091243755,8.375326091243755,7.136856664514291,7.136856664514291,4.914978702487422,4.914978702487422,3.4789311950855,3.4789311950855,-2.57,508649.16271823127,18.2279620368436,6.301822014261846,3.019132934108533,152.36104503716447,24.43384517902759,0.0,17.258188538223987,5.783244946364939,0.0,0.0,4.794537184071822,0.0,0.0,0.0,18.218407282129373,29.354963303895637,17.399263584019785,34.85969545382203,24.02112933832212,17.432369583268088,0.0,0.0,5.41499046939678,6.4208216229260096,34.85969545382203,52.45411533725232,0.0,11.49902366656781,4.736862953800049,0.0,11.49902366656781,0.0,50.39580664683716,9.53140013787187,10.62224349417407,17.547724606320003,36.11995932908104,0.0,11.64912463690315,0.0,78.82000000000001,10.061329321206276,15.108317603689816,0.0,17.29192165130502,29.85164588388876,5.563451491696996,20.295615189388947,26.23773114064987,18.218407282129373,0.0,9.473725907600098,10.008383330183923,0.0,12.426874527588812,22.848169730485296,1.3123313492063498,0.2949793451331157,3.521382511337868,7.579653486394557,0.3367346151423533,6.088157771194387,0.35,26,1,6,2,0,2,0,1,0,1,0,0,5,1,6,0,5,0,0,0,0,0,4.4180527861119305,3,2.8747000000000007,99.16120000000004,0,0,0,0,0,0,0,1,0,0,1,1,0,0,0,1,0,0,3,0,0,0,0,0,0,0,4,0,0,0,0,0,0,0,1,0,3,0,0,0,0,2,0,0,0,0,0,0,0,0,0,1,0,0,0,2,0,0,0,0,0,0,0,0,0,1,1,0,0,0,0,0,0,0,1,0,0,0,0,0,0,0,0,0,0,3.7637158932058643,0.16875994332156813,0.3331833467216914,0.4765873176895158,0.7451828507398106,2169.933683779277,3395.9561198357956,1.4444228126500762e-17,0.29331578915722195,-0.6331664131386981,3.7641596581807315,0.17056280298257834,0.3353160463870061,0.4739472716717725,0.7486413444867129,2158.741347244413,3409.0722848735218,1.4444228126500765e-17,0.29331578915722195,-0.6331664131386983,3.783889482621846,0.1763710453098908,0.3173319509445145,0.46902274848574177,0.7343825746287369,2176.3167002578857,3410.769246973931,1.4444228126500765e-17,0.29331578915722195,-0.6331664131386983
S(=O)(=O)(O[C@H]1[C@H]2OC[C@H](NC(=O)C)[C@H]2OC1)c1ccc(-c2ccccc2)cc1,71.0,Low,11.0,3-2,Table3,small_data_set/smiles_review/table3_fixed_review.csv,12.680745753548331,12.680745753548331,0.0759620653817088,-3.969186862244897,0.7649338485678092,26.75,403.4560000000001,382.2880000000002,403.108958392,148,0,0.2969155749229828,-0.3703196785078038,0.3703196785078038,0.2969155749229828,0.9642857142857144,1.6071428571428572,2.2857142857142856,32.239978729959226,10.06764599585204,2.497025403182283,-2.1698153113370457,2.310940390455754,-2.4312837052106,7.863802996544537,-0.1198893547222184,3.2559549097274747,1.4557273079645343,944.421022007073,19.725403871315216,15.277505095085276,16.094001676013,13.437490172930891,9.029927863931452,10.438176154395318,6.882118436939429,8.454221337924201,4.8970308306965,6.247100386589714,3.59442878971194,4.665452395008446,-2.26,3221207.358930863,19.073676195623275,7.63294422380462,3.8131419461024687,163.28279416369242,14.790514511606428,18.31189916324491,0.0,5.907179729351506,10.118126859033554,0.0,8.97762261672153,0.0,8.417796984328938,0.0,42.46456947923127,23.25963712031721,6.923737199690624,24.15108823369157,26.869145508650565,16.02530658838506,0.0,5.316788604006331,0.0,36.17296066760128,13.213763929025836,54.59730361615449,0.0,11.126902983393991,5.316788604006331,0.0,0.0,0.0,51.89248063509914,28.56947538335518,0.0,6.923737199690624,59.49278709167226,0.0,11.126902983393991,0.0,90.93000000000002,28.43002602227846,13.212334168400758,0.0,30.05826796304308,0.0,11.126902983393991,19.056471336613843,12.13273413692322,30.33183534230805,5.316788604006331,13.656811340249806,42.033760423781935,0.0,11.340217134718564,2.756071801548096,1.9202395766269744,-0.1867169149059477,15.943568829091388,-1.6922855310428175,1.7709982090933778,-3.969186862244897,0.35,28,1,7,0,2,2,1,2,0,2,0,0,6,1,8,2,5,0,2,2,0,0,5.199582376575084,4,1.7298,101.02150000000002,0,0,0,0,0,0,0,0,0,0,1,1,0,0,0,0,1,0,0,0,0,0,0,0,0,0,0,1,0,0,0,0,0,0,2,0,1,0,0,0,0,2,0,0,0,0,0,0,0,0,0,0,0,0,0,0,0,0,0,0,0,0,0,0,0,0,0,0,0,0,0,0,0,0,0,0,0,0,0,0,0,0,0,0,0,4.721190542891691,0.5469366059975722,0.14884415017328098,0.1859893639365099,0.8969481440987639,1593.9668988206927,7760.860366855586,-3.6818620714609786e-18,0.2969155749229827,-0.37031967850780373,4.742173194148623,0.5766230944620081,0.14907281509745182,0.17265399307153734,0.9131291148088085,1477.4181041405946,7973.744785167385,-3.6818620714609786e-18,0.2969155749229827,-0.37031967850780373,4.68111670837324,0.5249320378514154,0.150838198465625,0.1980491137496218,0.8874365241084824,1662.4670305440009,7546.074048411576,-3.6818620714609786e-18,0.2969155749229827,-0.37031967850780373
Brc1ccc(S(=O)(=O)O[C@H]2[C@H]3OC[C@H](N(C)C)[C@H]3OC2)cc1,7.0,Low,1.0,3-5,Table3,small_data_set/smiles_review/table3_fixed_review.csv,12.34435578861174,12.34435578861174,0.1194303120186954,-3.8312870842781552,0.7192080139395611,31.63636363636364,392.2710000000001,374.1270000000002,391.008905776,122,0,0.2969161743065731,-0.3708459366425928,0.3708459366425928,0.2969161743065731,1.1363636363636365,1.7727272727272727,2.409090909090909,79.91873116505427,10.080286570871792,2.4999216950394927,-2.22011175577889,2.320888743737852,-2.403320485943592,9.102997412966475,0.0310524517888569,3.0170887965301865,1.7276116577457163,633.1382113838752,15.905412915006313,12.307683527182467,14.710176647224898,10.381847280265063,6.968053298833441,9.169299858854655,5.669577951081588,8.15735638085805,3.997722348177249,5.876457417108703,2.788902579339054,4.124258941154681,-0.5100000000000001,116375.14905976236,16.35137575458049,6.179504288112778,3.082950623093727,138.14169694982132,14.373635638450576,18.31189916324491,0.0,0.0,10.118126859033554,0.0,4.183085432649707,0.0,8.417796984328938,0.0,15.929943897949348,38.36081223920082,4.472719515832414,24.15108823369157,22.074608324578744,26.048070756982906,0.0,4.899909730850478,0.0,29.24922346791065,27.30910789438021,28.73818778967885,0.0,0.0,0.0,0.0,0.0,15.929943897949348,64.98055460195249,23.77493819928336,0.0,0.0,33.63367126519663,0.0,0.0,0.0,65.07000000000001,16.222093246781856,8.417796984328938,0.0,29.752139044675257,6.606881964512918,4.472719515832414,12.13273413692322,12.13273413692322,18.99525369620486,15.929943897949348,13.656811340249806,42.25412975851243,3.277080283559516,2.1502863675058843,0.0,0.0,0.0,6.459066922835862,-1.1098722521415985,0.7320992684263788,0.0705429846348653,0.5714285714285714,22,0,6,0,2,2,0,1,0,1,0,0,6,0,8,2,4,0,2,2,0,0,4.592881663271521,3,1.2508,83.15580000000004,0,0,0,0,0,0,0,0,0,0,0,0,0,0,0,1,0,0,0,1,0,0,0,0,0,0,0,0,0,0,0,0,0,0,1,0,1,0,0,0,0,2,0,0,1,0,0,0,0,0,0,0,0,0,0,0,0,0,0,0,0,0,0,0,0,0,0,0,0,0,0,0,0,0,0,0,0,0,0,0,0,0,0,0,0,4.367852603836175,0.6042578090144691,0.18097893543658483,0.15820200615818794,0.9001427225779095,1127.2595493495648,6575.044718530518,5.5511151231257846e-18,0.29691617430657297,-0.37084593664259263,4.414513201022663,0.6313025822833124,0.17119755387213142,0.14540565831209065,0.9070172293035598,1062.8659304871067,6782.061245357195,5.5511151231257846e-18,0.29691617430657297,-0.37084593664259263,4.3859119045801345,0.5971621877544568,0.17740875855031893,0.1630222900650503,0.8922661785409124,1158.8173102382411,6599.235129337035,5.5511151231257846e-18,0.29691617430657297,-0.37084593664259263
Brc1ccc(S(=O)(=O)O[C@H]2[C@H]3OC[C@H]([N+](C)(C)C)[C@H]3OC2)cc1,30.0,Low,1.0,3-6,Table3,small_data_set/smiles_review/table3_fixed_review.csv,12.413896683673473,12.413896683673473,0.1299070137314186,-3.838010085978835,0.5579590505766879,31.30434782608696,407.30600000000015,386.1380000000002,406.03183229209,128,0,0.2969162018799244,-0.3662141217058544,0.3662141217058544,0.2969162018799244,1.0869565217391304,1.6956521739130437,2.3043478260869565,79.9187311807224,10.063000240877209,2.539292107259857,-2.326275547685948,2.336747115964603,-2.518345864760876,9.102997650674595,-0.8969867246878429,3.010216361472391,1.7357138336631586,670.1028059796986,16.828062645816683,13.307683527182467,15.710176647224898,10.682488543147294,7.415266894333399,9.616513454354616,6.822204031828666,9.309982461605127,4.329367732512291,6.2081028014437445,3.0103625371164524,4.3457188989320805,-0.5100000000000001,149704.08008874496,17.317480854428293,6.090101209594376,3.471808207367552,144.71661055081327,13.956756765294722,30.96062195690579,0.0,0.0,10.118126859033554,0.0,4.183085432649707,0.0,8.417796984328938,0.0,15.929943897949348,24.26546827384644,4.472719515832414,32.64538138806226,26.55763918227337,26.048070756982906,0.0,0.0,0.0,29.24922346791065,34.356779877057406,28.73818778967885,0.0,0.0,0.0,0.0,0.0,15.929943897949348,71.61134771147383,23.77493819928336,0.0,0.0,33.63367126519663,0.0,0.0,0.0,61.83000000000001,16.222093246781856,8.417796984328938,0.0,29.752139044675257,11.08991282220754,4.472719515832414,12.13273413692322,12.13273413692322,0.0,37.07295984598092,13.656811340249806,43.32376501217771,3.284990375604224,0.1299070137314186,0.0,0.0,0.0,6.532338527774133,-1.0899185484378946,0.7625159350930456,2.389735017390696,0.6,23,0,6,0,2,2,0,1,0,1,0,0,5,0,8,2,4,0,2,2,0,0,4.585443960812226,3,1.3953999999999998,87.50120000000005,0,0,0,0,0,0,0,0,0,0,0,0,0,0,0,1,0,0,0,1,0,0,0,0,0,0,0,0,0,0,0,0,0,0,1,0,1,0,0,0,0,2,0,0,1,0,0,0,0,0,0,0,0,0,0,0,0,0,0,0,0,0,0,0,0,0,0,0,0,0,0,0,0,0,1,0,0,0,0,0,0,0,0,0,0,4.480135477556841,0.6425260722714264,0.21032219109333192,0.13941280027923994,0.9301064490867103,1091.0067621195342,7361.45992455344,0.02272727272727273,0.2969162018799244,-0.36621412170585427,4.488735407999611,0.6400620065921144,0.20563763628120568,0.14053936377610882,0.9255758067525748,1102.3334924300818,7371.564085220149,0.02272727272727273,0.2969162018799244,-0.36621412170585427,4.511739574143429,0.6542006910681528,0.20651196989490106,0.13439952975089373,0.9300642928950003,1064.3639683882311,7489.823898384285,0.02272727272727273,0.2969162018799244,-0.36621412170585427
Brc1ccc(S(=O)(=O)O[C@H]2[C@H]3OC[C@H](NC(=O)C)[C@H]3OC2)cc1,8.0,Low,1.0,3-7,Table3,small_data_set/smiles_review/table3_fixed_review.csv,12.32893011988746,12.32893011988746,0.0699610260770979,-3.907833115499285,0.7453296622117608,30.17391304347826,406.2540000000001,390.1260000000002,404.988170332,126,0,0.296916177155223,-0.3703196785078037,0.3703196785078037,0.296916177155223,1.2173913043478262,1.8695652173913044,2.5217391304347827,79.91873118150976,10.087065436130834,2.496823535525648,-2.168594419322809,2.3071821722780355,-2.4312824742399357,9.102997937439785,-0.1198884959026568,3.0295403353807044,1.6958606809253132,691.7239721138593,16.61251969619286,12.268718222146372,14.671211342188805,10.865010527859456,7.058226497913108,9.259473057934324,5.445635788796167,7.933414218572629,3.7492299200176,5.627964988949053,2.7510365032010493,4.086392865016677,-1.0000000000000002,181517.9387346703,16.84375,6.481481481481482,3.582703213610586,142.09324756326976,14.790514511606428,18.31189916324491,0.0,5.907179729351506,10.118126859033554,0.0,8.97762261672153,0.0,8.417796984328938,0.0,15.929943897949348,24.26546827384644,11.396456715523035,24.15108823369157,26.869145508650565,31.955250486334407,0.0,5.316788604006331,0.0,36.17296066760127,13.213763929025836,28.73818778967885,0.0,0.0,5.316788604006331,0.0,0.0,15.929943897949348,51.89248063509914,28.56947538335518,0.0,6.923737199690624,33.63367126519663,0.0,0.0,0.0,90.93000000000002,28.43002602227846,13.212334168400758,0.0,30.05826796304308,0.0,4.472719515832414,19.056471336613843,12.13273413692322,0.0,21.24673250195568,13.656811340249806,41.854352390153565,3.253285435245437,11.227880902022871,2.7353072305980857,0.0,-0.1854607644756902,5.887086257597621,-1.6449109898589078,1.7802926542163,-3.907833115499285,0.5,23,1,7,0,2,2,1,1,0,1,0,0,6,1,9,2,4,0,2,2,0,0,4.746628421900161,3,0.8252999999999995,83.28550000000004,0,0,0,0,0,0,0,0,0,0,1,1,0,0,0,0,1,0,0,0,0,0,0,0,0,0,0,1,0,0,0,0,0,0,1,0,1,0,0,0,0,2,0,0,1,0,0,0,0,0,0,0,0,0,0,0,0,0,0,0,0,0,0,0,0,0,0,0,0,0,0,0,0,0,0,0,0,0,0,0,0,0,0,0,0,4.50760686928915,0.5946457827123874,0.19268140381484747,0.16389877726988936,0.902205259263896,1283.5863429956148,7243.818747150468,-6.4051328343759035e-18,0.29691617715522306,-0.3703196785078036,4.530664933424038,0.6067408657083216,0.18421062639362965,0.1595494367065718,0.9037013851043479,1250.3611240030693,7355.838340278765,-6.4051328343759035e-18,0.29691617715522306,-0.3703196785078036,4.541445482324122,0.6050131994174953,0.18338343641641422,0.15897327522857918,0.903308642894326,1261.0525939948493,7380.2895871898445,-6.4051328343759035e-18,0.29691617715522306,-0.3703196785078036
O[C@@]12C(=C)C[C@]3([C@@H](C[NH2+]C)c4c(C)cccc4[C@H]3CC1)C2,210.0,Low,29.0,3-9,Table3,small_data_set/smiles_review/table3_fixed_review.csv,10.956631235827665,10.956631235827665,0.2272222222222222,-0.5848818972033256,0.8029517468321261,40.23809523809524,284.4230000000001,258.215,284.20089087209,112,0,0.0860023399525949,-0.3855040315863154,0.3855040315863154,0.0860023399525949,1.4285714285714286,2.238095238095238,3.0,16.284947802096163,9.629132214370369,2.6397280558339262,-2.4168321723467336,2.705103657470276,-2.810758528316386,5.507766339995816,-0.6309580330315278,2.810261485398255,1.9101269162402483,621.9924104966703,14.828062645816686,13.153955897757,13.153955897757,10.01662107137598,8.29573975612638,8.29573975612638,7.587465046054494,7.587465046054494,6.609890032340438,6.609890032340438,5.789314304410717,5.789314304410717,-1.12,88916.67339800078,13.536560222993788,4.206463048430601,1.551712547258979,126.812650049685,10.423315998847038,0.0,0.0,0.0,0.0,0.0,0.0,0.0,0.0,0.0,24.778036888983326,66.20337921211309,5.917906046161393,19.193479199573453,10.423315998847038,0.0,0.0,0.0,5.41499046939678,50.04388659470115,13.592428388589765,47.04149589414358,0.0,0.0,5.316788604006331,0.0,0.0,0.0,24.30000659441416,0.0,12.338727669087405,54.20945305911782,30.351141419052592,0.0,0.0,0.0,36.84,5.601050810983688,5.106527394840706,0.0,5.41499046939678,11.835812092322788,37.80114742768588,5.563451491696996,11.126902983393991,0.0,44.06623467535747,0.0,0.0,0.0,0.0,13.26889172335601,5.321867441421014,1.1867129629629625,6.811292989417989,3.955653580876795,7.621543839758125,2.1673707955404384,0.5789473684210527,21,3,2,3,0,3,0,1,0,1,0,2,1,2,2,0,2,2,0,2,1,0,2.711478113375184,4,2.23032,84.36820000000006,0,1,0,0,0,0,0,0,0,0,0,0,0,0,0,0,0,1,0,1,0,0,0,0,0,0,0,0,0,0,1,0,0,0,1,0,3,0,0,0,0,0,0,0,0,0,0,0,0,0,0,0,0,0,0,0,0,0,0,0,0,0,0,0,0,0,0,0,0,0,0,0,0,0,1,0,0,0,0,0,0,0,0,0,0,3.157016518177407,0.21219804486817234,0.30265912514106547,0.42955626373744643,0.7209843147715311,1132.9176581510856,1900.2243305332145,0.021276595744680844,0.34559109708670704,-0.3855040315863153,3.1507139453820026,0.21001259961057897,0.2978310859778993,0.43276757798653886,0.7142845272934288,1138.5373312021577,1878.2944015089597,0.021276595744680847,0.345591097086707,-0.3855040315863153,3.1533601054300764,0.21529048455742403,0.30405116386351955,0.4257289663714578,0.7258185927546816,1119.8814848594134,1907.43863553345,0.021276595744680844,0.34559109708670704,-0.3855040315863153
O[C@@]12C(=C)C[C@]3([C@@H]([CH+][NH+](C)C)c4c(C)cccc4[C@H]3CC1)C2,100.0,Low,27.0,3-10,Table3,small_data_set/smiles_review/table3_fixed_review.csv,11.01204506802721,11.01204506802721,0.1625000000000001,-0.6109287603930462,0.635514034822184,39.04545454545455,297.4420000000001,270.226,297.20816732418,116,0,0.2579580090531874,-0.3855008973943922,0.3855008973943922,0.2579580090531874,1.3636363636363635,2.136363636363636,2.863636363636364,16.28495180176916,9.628327162961524,2.6768499632407687,-2.3913305340921456,2.7103049360904965,-3.030331432964021,5.51659327579719,-0.827902052502492,2.800766372861781,1.8993489267254016,649.1073713672081,15.698306133819765,13.946849116570451,13.946849116570451,10.372463119032544,8.523901373937175,8.523901373937175,8.112616473920879,8.112616473920879,6.526429073452023,6.526429073452023,5.679923886066415,5.679923886066415,-1.25,121934.16480891049,14.349113573407202,4.39435742257031,1.654711051977381,133.38756365067692,5.106527394840706,14.09534396535438,5.917906046161393,0.0,6.544756405912575,0.0,0.0,0.0,4.899909730850478,0.0,24.778036888983326,55.22493725101933,10.978441961093775,5.601050810983688,10.006437125691184,0.0,0.0,0.0,5.41499046939678,50.04388659470115,14.09534396535438,53.58625230005615,0.0,0.0,4.899909730850478,0.0,0.0,0.0,24.80292217117877,0.0,18.883484074999977,54.20945305911782,30.351141419052592,0.0,0.0,0.0,24.67,5.601050810983688,5.106527394840706,0.0,5.41499046939678,11.835812092322788,31.256391021773304,16.026812714244468,5.563451491696996,0.0,52.3418744599409,0.0,0.0,0.0,1.375790343915344,11.01204506802721,5.111147486772487,1.0206481481481475,6.782725340136055,3.856198979591837,8.951147486772488,4.390297146636432,0.55,22,2,2,3,0,3,0,1,0,1,0,2,1,2,2,0,2,2,0,2,1,0,2.8661424426639237,4,2.3434100000000004,88.76250000000006,0,1,0,0,0,0,0,0,0,0,0,0,0,0,0,0,1,0,0,1,0,0,0,0,0,0,0,0,0,0,1,0,0,0,1,0,3,0,0,0,0,0,0,0,0,0,0,0,0,0,0,0,0,0,0,0,0,0,0,0,0,0,0,0,0,0,0,0,0,0,0,0,0,0,1,0,0,0,0,0,0,0,0,0,0,3.2193407212466627,0.18900444064406752,0.30058453524682077,0.46738252663903396,0.6804968148540104,1342.4064438039711,1952.4035719655178,0.04081632653061225,0.39802854599383025,-0.3855008973943922,3.2156718391934427,0.1867760335367283,0.29968993303251384,0.47091758143324963,0.6760751403657217,1349.8532041990536,1936.2998469537545,0.04081632653061225,0.3980285459938303,-0.3855008973943922,3.2194090196202776,0.19101579775245497,0.30048901077221424,0.4646674152861133,0.6835504636680331,1334.694133955525,1960.6733775235598,0.04081632653061225,0.3980285459938303,-0.38550089739439225
CC1=C([C@H](C[N+](C)(C)C)[C@]2(CC3=C)[C@]4([H])CC[C@]3(O)C2)C4=CC=C1,30.0,Low,1.0,3-11,Table3,small_data_set/smiles_review/table3_fixed_review.csv,11.091835317460315,11.091835317460315,0.1984722222222223,-0.6016052532123961,0.651319465009788,38.56521739130435,312.47700000000003,282.237,312.23219100009,124,0,0.0860023400344578,-0.3855040315861561,0.3855040315861561,0.0860023400344578,1.3043478260869563,2.0434782608695654,2.739130434782609,16.284957218419073,9.627265445024026,2.644776702234771,-2.437642810084322,2.710138936306689,-2.448093003666102,5.50863523742087,-0.8722357987109551,2.7898342006173302,1.9012014993636424,685.5722520077456,16.620955864630137,15.023819224067331,15.023819224067331,10.663067680782708,8.968009748989603,8.968009748989603,9.416412765580557,9.416412765580557,6.868782254889628,6.868782254889628,6.021866588372543,6.021866588372543,-1.12,154646.08940861985,15.410174419205754,4.488008813210068,2.008099309125381,139.96247725166884,9.58955825253533,0.0,0.0,0.0,0.0,0.0,0.0,0.0,0.0,0.0,24.778036888983326,66.20337921211309,5.917906046161393,33.288823164927834,9.58955825253533,0.0,0.0,0.0,5.41499046939678,50.043886594701135,27.687772353944144,47.04149589414358,0.0,0.0,0.0,0.0,0.0,0.0,42.87838141746316,0.0,12.338727669087405,54.20945305911782,30.351141419052592,0.0,0.0,0.0,20.23,5.601050810983688,5.106527394840706,0.0,5.41499046939678,11.835812092322788,42.284178285380506,5.563451491696996,11.126902983393991,0.0,52.84479003670552,0.0,0.9700552721088436,0.0,0.0,11.091835317460315,5.2842238284202585,1.1418981481481478,6.849274848828419,3.928157832577476,7.690775699168556,6.877112386621315,0.6190476190476191,23,1,2,3,0,3,0,1,0,1,0,2,1,1,2,0,2,2,0,2,1,0,3.006999939413033,4,3.7433200000000015,94.55120000000008,0,1,0,0,0,0,0,0,0,0,0,0,0,0,0,1,0,0,0,1,0,0,0,0,0,0,0,0,0,0,1,0,0,0,1,0,3,0,0,0,0,0,0,0,0,0,0,0,0,0,0,0,0,0,0,0,0,0,0,0,0,0,0,0,0,0,0,0,0,0,0,0,0,0,1,0,0,0,0,0,0,0,0,0,0,3.277282000957961,0.16838131888094715,0.324656702105382,0.5014496766078436,0.6610307209923444,1557.71596339089,2050.7221854134036,0.018867924528301893,0.21133668504285466,-0.38550403158615615,3.2806521251749285,0.1663553870492601,0.3259972012428087,0.5062021199300222,0.6563336453706304,1575.5563028427896,2040.30530499804,0.018867924528301893,0.21133668504285466,-0.38550403158615615,3.2820783256422548,0.16491581625372312,0.3219676891850243,0.5092545993304376,0.6509862516840932,1587.568345013358,2028.2500372279583,0.018867924528301896,0.2113366850428547,-0.3855040315861561
CC1=C([C@H](CNC(C)=O)[C@]2(CC3=C)[C@]4([H])CC[C@]3(O)C2)C4=CC=C1,91.0,Low,4.0,3-12,Table3,small_data_set/smiles_review/table3_fixed_review.csv,11.509846663202318,11.509846663202318,0.0165544690098262,-0.6935305650037795,0.8242754401153402,37.43478260869565,311.425,286.225,311.18852904000005,122,0,0.2163929563129482,-0.3855040559842018,0.3855040559842018,0.2163929563129482,1.4782608695652173,2.260869565217391,3.0,16.284986148616905,9.628943265327573,2.6350578800844424,-2.4240226894313985,2.7068942459363887,-2.406780325140708,5.726472676380966,-0.1187289854877733,2.853797597733136,1.8469540659488817,709.5932666270819,16.405412915006313,13.984853919031238,13.984853919031238,10.87246311903255,8.617818732298097,8.617818732298097,7.880601553571577,7.880601553571577,6.693617208342643,6.693617208342643,5.752168882317645,5.752168882317645,-1.61,202984.9155315625,14.949326786379796,4.699213075460533,1.8908219055029545,137.3391142641254,10.423315998847038,0.0,0.0,5.907179729351506,0.0,0.0,4.794537184071822,0.0,0.0,0.0,24.778036888983326,66.20337921211309,19.38639965176459,5.601050810983688,9.901064578912528,5.907179729351506,0.0,5.316788604006331,5.41499046939678,56.96762379439176,6.544756405912575,47.04149589414358,0.0,0.0,5.316788604006331,0.0,0.0,0.0,23.159514341088475,4.794537184071822,12.338727669087405,61.13319025880844,30.351141419052592,0.0,0.0,0.0,49.33,5.601050810983688,9.901064578912528,0.0,17.24007624490968,12.462662452073968,31.256391021773304,16.690354475090988,6.923737199690624,0.0,37.01856269268029,0.0,0.0,0.0,11.509846663202318,14.032027116402116,4.491020644368859,0.7752194349962203,6.574146510456035,3.509368150037793,8.608371480536658,0.0,0.55,23,2,3,3,0,3,1,1,0,1,0,2,2,2,3,0,2,2,0,2,1,0,3.0543509523429706,4,3.173220000000001,90.33550000000004,0,1,0,0,0,0,0,0,0,0,1,1,0,0,0,0,1,0,0,0,0,0,0,0,0,0,0,1,0,0,1,0,0,0,1,0,3,0,0,0,0,0,0,0,0,0,0,0,0,0,0,0,0,0,0,0,0,0,0,0,0,0,0,0,0,0,0,0,0,0,0,0,0,0,0,0,0,0,0,0,0,0,0,0,0,3.3145465652007005,0.16914464496511677,0.3181284428868061,0.5024663383317738,0.6527489295558179,1595.184924281344,2072.6036812473512,4.04768811061255e-18,0.21639295631294816,-0.38550405598420173,3.316435024769943,0.17001213377096797,0.3132502662466497,0.5026694509517473,0.6500183782868281,1599.6623872615255,2068.490523358942,4.047688110612552e-18,0.21639295631294814,-0.3855040559842017,3.331284764898683,0.175065320146377,0.3116952672975723,0.49382468117245554,0.6572899886949974,1585.1651344942497,2113.7281420443483,4.04768811061255e-18,0.21639295631294814,-0.38550405598420173
OC[C@H]1c2c(C)cccc2[C@@H]2[C@@]31C[C@@H](O)[C@](C)(C3)CC2,113.0,Low,20.0,3-15,Table3,small_data_set/smiles_review/table3_fixed_review.csv,10.580461545729404,10.580461545729404,0.0693131141345428,-0.1979922524565389,0.8244184398419985,45.3,272.38800000000003,248.19599999999997,272.177630008,108,0,0.0599288774444771,-0.3957179444187115,0.3957179444187115,0.0599288774444771,1.35,2.15,2.9,16.269722569303745,9.608507547039396,2.641478873470543,-2.428187277418324,2.718341222414706,-2.346355253503964,5.486935979266518,0.0477617129660013,2.7851945721245874,1.914655639918136,566.5366918134971,14.12095586463014,12.394062712070411,12.394062712070411,9.51662107137598,7.900777698359042,7.900777698359042,7.688126167072881,7.688126167072881,6.767222872440079,6.767222872440079,5.847486063205143,5.847486063205143,-0.8600000000000001,54990.88163202786,12.848761441724625,3.863448425654548,1.3208935621394289,120.38168253606062,10.213054789681411,0.0,0.0,0.0,0.0,0.0,0.0,0.0,0.0,0.0,25.122838405075456,66.0452651514406,5.917906046161393,12.71084835226122,10.213054789681411,0.0,0.0,0.0,10.82998093879356,57.47053937115639,6.606881964512918,34.88945568047582,0.0,0.0,0.0,0.0,0.0,0.0,22.92390314194263,0.0,17.753718138484185,61.13319025880844,18.19910120538483,0.0,0.0,0.0,40.46,0.0,10.213054789681411,0.0,29.45873533721617,5.917906046161393,19.26246486877803,23.111176098017,0.0,0.0,32.04657560476608,0.0,0.0,0.0,0.0,20.66003117913832,4.3353018707483,0.7641203703703701,6.581960978835979,4.029508219954648,4.629077380952381,0.0,0.6666666666666666,20,2,2,3,0,3,0,1,0,1,0,2,2,2,2,0,1,2,0,2,1,0,2.482026358182093,4,3.109320000000002,78.76160000000004,0,2,2,0,0,0,0,0,0,0,0,0,0,0,0,0,0,0,0,0,0,0,0,0,0,0,0,0,0,0,1,0,0,0,1,0,3,0,0,0,0,0,0,0,0,0,0,0,0,0,0,0,0,0,0,0,0,0,0,0,0,0,0,0,0,0,0,0,0,0,0,0,0,0,0,0,0,0,0,0,0,0,0,0,0,3.0591926041052386,0.28885773052178293,0.3183037561369442,0.34915750183823624,0.8174126494614847,821.9083848580362,1922.8256793135945,-4.731064025391292e-19,0.2104740834447626,-0.39571794441871155,3.06269929233694,0.2883702542812292,0.317007854971685,0.34965756259208863,0.8134023206070998,826.3223362082282,1920.8670584722158,-4.731064025391291e-19,0.21047408344476262,-0.39571794441871155,3.0638700193419584,0.2871948058545511,0.3149392251316308,0.35070104915269507,0.8064044854551597,831.5965396108351,1911.2628341497707,-4.731064025391291e-19,0.21047408344476262,-0.39571794441871155
O[C@@]12C(=C)C[C@]3([C@@H]([NH2+]C)c4c(C)cccc4[C@H]3CC1)C2,239.0,Low,3.0,3-17,Table3,small_data_set/smiles_review/table3_fixed_review.csv,10.880242346938775,10.880242346938775,0.2016666666666666,-0.589575774754346,0.754155783732143,41.65,270.396,246.20399999999995,270.18524080809,106,0,0.1185541894294319,-0.3854997721927112,0.3854997721927112,0.1185541894294319,1.4,2.2,2.95,16.284966700390935,9.651475267589529,2.6534648162483947,-2.4029973668941143,2.691279283072057,-2.833867035164653,5.491699155818467,-0.6845578131329191,2.7851945721245874,1.9365601101599923,607.4358275500683,14.12095586463014,12.446849116570451,12.446849116570451,9.51662107137598,7.812576508531988,7.812576508531988,7.201932871397919,7.201932871397919,6.359762406785357,6.359762406785357,5.595887538696641,5.595887538696641,-1.12,54990.88163202786,12.607889201193814,3.745679156412777,1.2706220672468211,120.4477079352884,10.423315998847038,6.041840829147961,0.0,0.0,0.0,0.0,0.0,0.0,0.0,0.0,24.778036888983326,55.22493725101933,10.978441961093775,12.648722793660877,10.423315998847038,0.0,0.0,0.0,5.41499046939678,50.16782137768772,7.04767198267719,47.04149589414358,0.0,0.0,5.316788604006331,0.0,0.0,0.0,17.755250188501584,0.0,12.338727669087405,54.33338784210439,30.351141419052592,0.0,0.0,0.0,36.84,5.601050810983688,5.106527394840706,0.0,5.41499046939678,11.959746875309351,31.256391021773304,5.563451491696996,11.126902983393991,0.0,44.06623467535747,0.0,0.0,0.0,0.0,13.251446050642478,5.192217025699169,0.6093749999999998,7.238677248677249,3.9050590513983376,6.449298469387755,2.187260487528345,0.5555555555555556,20,3,2,3,0,3,0,1,0,1,0,2,1,2,2,0,1,2,0,2,1,0,2.36125538936367,4,2.1878199999999994,79.50120000000004,0,1,0,0,0,0,0,0,0,0,0,0,0,0,0,0,0,1,0,0,0,0,0,0,0,0,0,0,0,0,1,0,0,0,1,0,3,0,0,0,0,0,0,0,0,0,0,0,0,0,0,0,0,0,0,0,0,0,0,0,0,0,0,0,0,0,0,0,0,0,0,0,0,0,1,0,0,0,0,0,0,0,0,0,0,3.0410187378899893,0.2804409390637092,0.3204787843017476,0.3563213940307757,0.8040273182245868,825.0110417818348,1861.1438088818359,0.022727272727272728,0.3461163188648177,-0.3854997721927112,3.0427057490099565,0.27719531238931705,0.3205839702535569,0.35910191969784694,0.8013348685879149,832.3288660239218,1856.9112033678057,0.022727272727272724,0.34611631886481764,-0.3854997721927112,3.0405743629924475,0.28197231022749975,0.32112920628653724,0.35500548498735535,0.8057486234344926,821.5753218551746,1864.224770095669,0.022727272727272724,0.34611631886481764,-0.3854997721927112
O=C(OC)[C@H]1c2c(C)cccc2[C@@H]2[C@]31CC(=C)[C@@](O)(C3)CC2,49.0,Low,1.0,3-19,Table3,small_data_set/smiles_review/table3_fixed_review.csv,12.644034863945578,12.644034863945578,0.1694444444444447,-0.7929374527588813,0.6394795124450424,38.59090909090909,298.38200000000006,276.206,298.156894564,116,0,0.3132630550459618,-0.4685306244932779,0.4685306244932779,0.3132630550459618,1.4545454545454546,2.227272727272727,2.9545454545454546,16.524297136521678,9.629296823660397,2.657905212862413,-2.4119760615860395,2.710188931498539,-2.397896120709563,5.828278151555351,-0.146544781936551,2.8683206378617703,1.959762342701994,691.9207532535444,15.698306133819765,13.185995428308557,13.185995428308557,10.42730467389894,8.007064621531569,8.007064621531569,7.347101078286842,7.347101078286842,6.396516871314181,6.396516871314181,5.505851028600951,5.505851028600951,-1.61,135774.82571382477,14.01239593662566,4.226387429240317,1.475657693737371,130.5378551956276,9.843390348640757,0.0,0.0,0.0,0.0,5.969305287951849,4.794537184071822,0.0,0.0,0.0,24.77803688898333,60.78838874271631,5.41499046939678,18.62875439842261,14.637927532712576,5.969305287951849,0.0,0.0,5.41499046939678,50.04388659470115,7.109797541277533,47.04149589414358,0.0,0.0,0.0,0.0,0.0,0.0,23.78668103505377,9.53140013787187,12.338727669087405,54.20945305911782,30.3511414190526,0.0,0.0,0.0,46.53,5.601050810983688,9.901064578912528,0.0,17.302201803510023,12.338727669087405,35.96247238224129,12.673249032974528,0.0,0.0,31.70177408867395,4.736862953800049,5.158320578231293,0.0,12.644034863945578,10.900981198034769,3.4325850340136057,-0.1177777777777786,6.299565854119425,3.0262223639455783,6.194715608465609,1.4613522770219198,0.5263157894736842,22,1,3,3,0,3,0,1,0,1,0,2,3,1,3,0,1,2,0,2,1,0,2.691900638186036,4,3.2101200000000016,83.66780000000004,0,1,0,0,0,0,0,0,0,0,1,1,0,0,0,0,0,0,0,0,0,0,0,0,0,0,0,0,0,0,1,0,0,0,1,0,3,0,0,0,1,1,0,0,0,0,0,0,0,0,0,0,0,0,0,1,0,0,0,0,0,0,0,0,0,0,0,0,0,0,0,0,0,0,0,0,0,0,0,0,0,0,0,0,0,3.1293721913632373,0.1954957560840938,0.2986046909203218,0.451231258061385,0.7040679087722747,1223.8917016389514,1908.5473578474346,5.046468293750711e-18,0.31326305504596175,-0.468530624493278,3.130510960243792,0.19497957314452782,0.29397421274141255,0.4523599162324426,0.7016832138588731,1228.521987858451,1904.6303090965096,5.046468293750711e-18,0.31326305504596175,-0.468530624493278,3.128524248619313,0.19596724075380303,0.2999115439804573,0.45014443257344405,0.7064890481531536,1219.5620024902253,1912.8448654997605,5.046468293750711e-18,0.31326305504596175,-0.468530624493278
O=C1[C@@]2([C@@H](C=C[C@@]3([C@@H]2[C@@H]([C@@]45[C@H]3CC[C@@](C(C4)=C)(C5)O)C[NH3+])O1)[NH3+])C,504.0,High,39.0,3-20,Table3,small_data_set/smiles_review/table3_fixed_review.csv,12.873203380889391,12.873203380889391,0.034861111111111,-0.7303649376417234,0.4427309353241582,60.16666666666666,332.444,304.22,332.20889559618,130,0,0.3191006416931977,-0.4535264110738614,0.4535264110738614,0.3191006416931977,1.5,2.25,2.958333333333333,16.56607648208124,9.60244532904154,2.8219997368748184,-2.4416665635397505,2.76379870764384,-2.7182405472935467,5.829995291743874,-0.4326466269365873,2.947332536870623,1.7498906540301102,704.7254695844132,17.12095586463014,14.384666041057825,14.384666041057825,11.24445379472622,9.202770390560696,9.202770390560696,9.177329525058056,9.177329525058056,8.559962860153272,8.559962860153272,7.509599761273523,7.509599761273523,-1.1700000000000002,364104.6196073861,15.113743157765468,3.972453543996484,1.2536882073833475,141.64892973072594,21.310725302965125,17.05788210952843,0.0,0.0,0.0,5.969305287951849,4.794537184071822,0.0,0.0,0.0,6.578935683598497,55.74715890452848,17.75371813848418,12.145807216896262,26.10526248703695,5.969305287951849,0.0,0.0,28.583699077277743,49.85096614251,6.544756405912575,24.304080427335528,0.0,0.0,11.46733495432437,0.0,0.0,0.0,34.86453153982046,9.53140013787187,28.583699077277743,32.60702369139466,24.304080427335528,0.0,0.0,0.0,101.81,16.617092091364157,9.901064578912528,0.0,35.17985472498077,0.0,37.80114742768588,0.0,0.0,6.923737199690624,30.19831085159063,4.736862953800049,6.1805494142101285,0.0,12.873203380889391,11.056896573444194,7.625520715230537,0.5409571050642472,-0.0697071050642483,7.45067578420257,7.0085707986898464,0.0,0.7368421052631579,24,7,5,4,1,5,0,0,0,0,0,4,3,3,5,1,1,3,1,4,1,0,2.501610107088252,5,-0.565999999999997,85.96200000000002,0,1,0,0,0,0,0,0,0,0,1,1,0,0,0,0,0,0,0,0,0,0,0,0,0,0,0,0,0,0,0,0,0,0,0,0,1,0,0,0,1,1,0,0,0,0,0,0,0,0,0,0,0,0,0,0,0,0,0,0,0,0,0,0,0,0,0,0,0,0,0,0,0,0,2,0,0,0,0,0,0,0,0,0,0,3.250129189292426,0.3075842060769095,0.3112751838324538,0.33514820083780783,0.8799255937129244,1061.7188701225346,2790.7399621327445,0.038461538461538464,0.34454241862777457,-0.4535264110738614,3.2468518933522157,0.3039712519263775,0.31160285088385076,0.33815149875278816,0.8785123497712196,1067.93855896424,2778.9763031102707,0.03846153846153846,0.3445424186277746,-0.4535264110738614,3.2534652261410897,0.3094600840780535,0.3073559600617979,0.3336086794938583,0.8792136309500452,1060.206799477577,2797.0150750463204,0.03846153846153846,0.3445424186277746,-0.4535264110738614
O=C1[C@]2(C)[C@H](N=[N+]=[N-])C=C[C@]3(O1)[C@@H]2[C@H](CN=[N+]=[N-])[C@@]12[C@H]3CC[C@@](O)(C(=C)C1)C2,16.0,Low,1.0,3-21,Table3,small_data_set/smiles_review/table3_fixed_review.csv,13.079568334278155,13.079568334278155,0.0115353363567645,-1.0230640589569155,0.261694888451027,52.35714285714285,382.4240000000003,360.2480000000002,382.175338564,146,0,0.313385053757321,-0.4537067913719029,0.4537067913719029,0.313385053757321,1.4285714285714286,2.2142857142857144,2.9285714285714284,16.566137677054407,9.601757774435344,2.811507344472545,-2.4465259541792963,2.77115020269995,-2.488518087527638,5.834678179310731,-0.1574583672311069,3.0619422798136102,1.7452907606677457,935.953456130076,19.94938298937633,15.653734051684475,15.653734051684475,13.282458597187002,9.668948755860832,9.668948755860832,9.345349662319634,9.345349662319634,8.560722608886017,8.560722608886017,7.578926144505243,7.578926144505243,-2.47,2619892.734819199,17.616475220949404,5.114711213539475,1.6715623194753926,161.23659237425008,9.843390348640757,5.601050810983688,0.0,0.0,0.0,5.969305287951849,4.794537184071822,0.0,0.0,0.0,22.883456041691176,66.65130284142649,28.20399179274029,17.05788210952843,14.637927532712576,5.969305287951849,0.0,0.0,38.81219932853653,49.85096614251,6.544756405912575,45.18976171941095,0.0,0.0,0.0,0.0,0.0,0.0,34.86453153982047,9.53140013787187,28.583699077277743,32.60702369139466,34.53258067859432,0.0,20.885681292075432,0.0,144.05,22.658932920512115,9.901064578912528,0.0,35.682770301745386,25.68328649170404,5.573104530069267,0.0,12.999757306524504,6.076020106833881,26.63085922936222,15.799120951370554,6.114559476568406,0.0,18.99318642657681,18.908279675296043,15.759614921981443,-0.801090797430084,-0.6534892290249434,6.181726505416982,6.163879687282014,0.0,0.7368421052631579,28,1,9,4,1,5,0,0,0,0,0,4,5,1,9,1,3,3,1,4,1,0,3.2179708341296505,5,3.570800000000003,98.47780000000004,0,1,0,0,0,0,0,0,0,0,1,1,0,0,0,6,0,0,0,0,0,0,0,0,0,0,0,0,0,0,0,2,0,0,0,0,1,0,0,0,1,1,0,0,0,0,0,0,0,0,0,0,0,0,0,0,0,0,0,0,0,0,0,0,0,0,0,0,0,0,0,0,0,0,0,0,0,0,0,0,0,0,0,0,0,3.645657178568487,0.26275392723670343,0.3140698611676414,0.37413779699379096,0.7834620543798763,1760.6210327053702,3693.6161336803766,2.4980018054066017e-18,0.3133850537573209,-0.453706791371903,3.6371245753831682,0.2596239231650942,0.3150387892376409,0.37671474057135046,0.7816934776005765,1764.4009338562953,3665.9736856966415,2.4980018054066017e-18,0.3133850537573209,-0.453706791371903,3.6538003582966425,0.26434350342018964,0.3124472173310423,0.3717693204364044,0.7830958937958719,1760.4414912151276,3712.094805437,2.4980018054066017e-18,0.3133850537573209,-0.453706791371903
O(C)c1cc2c([C@@H]3SC(=O)N4[C@H]3C[C@@H]([C@@H](C=C)C[NH+](C)C)CC4)ccnc2cc1,48.0,Low,3.0,3-24,Table3,small_data_set/smiles_review/table3_fixed_review.csv,12.799580945032334,12.799580945032334,0.1250689720332576,0.1250689720332576,0.7406022494800809,25.310344827586206,412.5790000000002,382.33900000000017,412.2053246200901,154,0,0.2821073180803614,-0.4967429476384734,0.4967429476384734,0.2821073180803614,1.4137931034482758,2.2413793103448274,2.9655172413793105,32.16673021007996,9.789320152622045,2.460106870348361,-2.387479230898759,2.4980825036348477,-3.0614563168475284,8.136723208403629,-0.8613115481583489,3.062916911156745,1.6714875566407037,916.1311313507624,20.543241116511,17.428208660220506,18.24470524114823,14.011570350697117,10.329674444714426,11.20932725596932,8.443604643494545,9.536415543763209,6.338292831517865,7.596469832925612,4.889718649090128,6.216643722266218,-2.05,4987660.023961466,20.23204770889713,8.362973166062893,3.878517686879405,176.65848458981108,14.536682415501003,5.749511833283905,0.0,0.0,5.239211713172287,0.0,9.77851570501903,0.0,0.0,6.578935683598497,17.837905056224997,48.58846905755685,30.0875710672998,38.516536660142926,14.431309868722348,27.90402159464445,0.0,9.883888251797686,11.835812092322788,24.13342210498216,34.29465431845706,48.68071912758889,0.0,5.749511833283905,9.636772684650529,4.794537184071822,5.749511833283905,11.761884949391115,55.459595112575,0.0,11.835812092322788,23.65503276753119,43.11726763589189,0.0,10.902924932081056,0.0,46.87,0.0,4.794537184071822,0.0,16.53099057230242,11.835812092322788,42.58359282304213,22.22524617193859,7.109797541277533,24.395944776997904,42.70055507604606,4.736862953800049,5.442362200325626,1.474938297850004,20.861772278072294,1.4156487255395989,2.135298050030644,1.8733311619337052,8.284034322125953,6.074013113726768,6.035398934018266,6.069869583043805,0.4782608695652174,29,1,5,0,2,2,1,1,1,2,0,0,4,1,6,3,6,0,2,2,0,0,5.83448524427624,4,3.178600000000002,118.60570000000004,0,0,0,0,0,1,0,0,0,0,1,1,0,0,0,2,1,0,0,0,0,0,0,0,0,0,0,1,0,0,0,0,0,0,1,0,2,0,0,0,0,1,0,0,0,0,0,0,0,0,0,0,0,0,0,1,0,0,0,0,0,0,0,0,0,0,0,0,0,1,0,0,0,1,1,1,0,0,0,0,0,0,0,0,0,4.014450082145371,0.16593533532519583,0.4198822979044084,0.5072088383033486,0.7731147410415431,2891.779592496806,4576.093528657749,0.016949152542372888,0.34716425864150907,-0.4967429476384735,4.0054823982750145,0.1763974986129675,0.3967808715744505,0.5079022177532817,0.7591514396103549,2873.7380944772094,4523.508976837612,0.016949152542372888,0.34716425864150907,-0.4967429476384735,3.9840560910130747,0.16844689689121803,0.38646274576899164,0.5169836764444249,0.7417453170544713,2929.315947848352,4371.631815894804,0.016949152542372888,0.34716425864150907,-0.4967429476384735
O(C)c1cc2c([C@@H]3SC(=O)N4[C@H]3C[C@@H]([C@@H](C=C)C[N+](C)(C)C)CC4)ccnc2cc1,44.0,Low,7.0,3-25,Table3,small_data_set/smiles_review/table3_fixed_review.csv,12.851638558201058,12.851638558201058,0.1180536659108086,0.1180536659108086,0.4942328458904779,25.266666666666666,426.6060000000002,394.3500000000002,426.2209746840901,160,0,0.2821073180803616,-0.4967429476384734,0.4967429476384734,0.2821073180803616,1.3666666666666667,2.1666666666666665,2.8666666666666667,32.16673027936497,9.787164530040872,2.4624122347630477,-2.4023556023250343,2.500054274192835,-2.4632590866009143,8.136724044481925,-0.8731389380315695,3.058433030474036,1.6628714267447284,955.1068508679526,21.46589084732137,18.375422255720466,19.19191883664819,14.302174912447276,10.633989606637863,11.51364241789276,9.50527198746151,10.59808288773017,6.452883348841545,7.711060350249292,5.024376458082751,6.351301531258842,-2.05,6342777.216744037,21.19229762423629,8.233079341424327,4.076495743750635,183.23339819080303,14.119803542345151,5.749511833283905,0.0,0.0,5.239211713172287,0.0,9.77851570501903,0.0,0.0,6.578935683598497,17.837905056224997,48.58846905755685,30.0875710672998,45.56420864282011,14.014430995566494,27.90402159464445,0.0,9.883888251797686,11.835812092322788,24.13342210498216,41.34232630113425,48.68071912758889,0.0,5.749511833283905,4.736862953800049,4.794537184071822,5.749511833283905,11.761884949391115,66.9902979529468,0.0,11.835812092322788,23.65503276753119,43.11726763589189,0.0,10.902924932081056,0.0,42.43,0.0,4.794537184071822,0.0,16.53099057230242,11.835812092322788,47.06662368073675,17.325336441088112,7.109797541277533,18.32957770853629,55.81459412718485,4.736862953800049,6.376466393447329,1.4754848513479464,19.482982982742637,1.405846639581759,2.13269883608989,1.8329956094390625,8.281317607289829,6.071652002615657,6.050380037570799,8.390175039875096,0.5,30,0,5,0,2,2,1,1,1,2,0,0,4,0,6,3,6,0,2,2,0,0,5.81592892558052,4,4.740300000000005,123.82740000000004,0,0,0,0,0,1,0,0,0,0,1,1,0,0,0,3,0,0,0,0,0,0,0,0,0,0,0,1,0,0,0,0,0,0,1,0,2,0,0,0,0,1,0,0,0,0,0,0,0,0,0,0,0,0,0,1,0,0,0,0,0,0,0,0,0,0,0,0,0,1,0,0,0,1,1,1,0,0,0,0,0,0,0,0,0,4.030478583748178,0.14748748705775375,0.46096583352264625,0.528124270387614,0.7837674127218771,3098.1078260477575,4764.125086053346,0.016129032258064516,0.28210731808036166,-0.4967429476384735,3.9896687867721914,0.12388469765754079,0.49718172767211755,0.5565204293502227,0.7813517248769877,3185.8959035738276,4581.396868901739,0.016129032258064516,0.28210731808036166,-0.4967429476384735,4.03507068386569,0.15860586132887913,0.44457249837539964,0.5237907681596444,0.7708117242389493,3084.465071752945,4756.025989758622,0.016129032258064516,0.28210731808036166,-0.4967429476384735
O=C(NC[C@H](C=C)[C@@H]1C[C@H]2[C@H](c3c4c(ncc3)ccc(OC)c4)SC(=O)N2CC1)C,91.0,Low,9.0,3-26,Table3,small_data_set/smiles_review/table3_fixed_review.csv,12.783948526571631,12.783948526571631,0.0268843665019709,-0.0268843665019709,0.7035619535552808,24.4,425.55400000000026,398.33800000000014,425.1773127240001,158,0,0.2821073179181871,-0.4967429476384734,0.4967429476384734,0.2821073179181871,1.4666666666666666,2.3,3.033333333333333,32.166730291262674,9.79044056065917,2.45759565547779,-2.3881103941999027,2.498600319947158,-2.4416761717311752,8.13672506771423,-0.1186875250706695,3.08629854407165,1.636834559781939,979.319708541151,21.25034789769755,17.33645695068437,18.15295353161209,14.511570350697117,10.283798589946358,11.163451401201252,7.969460775452538,9.0622716757212,6.281052092615302,7.539229094023047,4.67989399777948,6.006819070955572,-2.54,8203045.123601142,20.721462995289134,8.676962524654831,3.90451724159498,180.6100352032596,14.953561288656855,5.749511833283905,0.0,5.907179729351506,5.239211713172287,0.0,14.573052889090851,0.0,0.0,6.578935683598497,17.837905056224997,54.50637510371824,37.63815862674161,17.87643628887597,14.325937321943693,33.81120132399597,0.0,15.200676855804018,11.835812092322788,31.05715930467278,20.199310353102685,48.68071912758889,0.0,5.749511833283905,10.05365155780638,4.794537184071822,5.749511833283905,11.761884949391115,47.27143087657212,4.794537184071822,11.835812092322788,30.578769967221813,43.11726763589189,0.0,10.902924932081056,0.0,71.52999999999999,0.0,9.589074368143644,0.0,28.356076347815325,12.462662452073968,41.60228790882656,18.685622149081738,7.109797541277533,41.43824168314387,16.879702808552036,4.736862953800049,5.419467728598736,1.4147569706895102,30.669281876527823,4.148121622256551,2.0316654593936345,1.3392236155424704,8.030275331856735,5.590805160664919,6.867290353586835,1.6557785475494502,0.4347826086956521,30,1,6,0,2,2,2,1,1,2,0,0,5,1,7,3,6,0,2,2,0,0,5.993311928871522,4,4.170200000000004,119.61170000000004,0,0,0,0,0,1,0,0,0,0,2,2,0,0,0,2,1,0,0,0,0,0,0,0,0,0,0,2,0,0,0,0,0,0,1,0,2,0,0,0,0,1,0,0,0,0,0,0,0,0,0,0,0,0,0,1,0,0,0,0,0,0,0,0,0,0,0,0,0,1,0,0,0,1,0,1,0,0,0,0,0,0,0,0,0,4.186001192491985,0.1948125627074323,0.39598060559978887,0.458546969733736,0.806842491905327,2969.163885996043,5365.604666219239,9.738798461624182e-19,0.2821073179181871,-0.4967429476384735,4.206852320088431,0.20912323023842297,0.3759837176149564,0.4431017856098499,0.8112377792713137,2903.9143017397596,5474.964879759791,9.738798461624182e-19,0.2821073179181871,-0.4967429476384735,4.180745182040426,0.19730331799742695,0.39969217543510877,0.4595345572382954,0.8090776781740557,2940.693991179262,5379.467869079678,9.738798461624182e-19,0.2821073179181871,-0.4967429476384735
O=C1[C@]2(C)[C@@H](O)C=C[C@]3(O1)[C@@H]2[C@H](CO)[C@@]12[C@H]3CC[C@@](O)(C(=C)C1)C2,21.0,Low,1.0,3-29,Table3,small_data_set/smiles_review/table3_fixed_review.csv,12.691978891093475,12.691978891093475,0.0566666666666664,-1.0314725056689338,0.4912434637213478,60.16666666666666,332.39600000000013,308.20400000000006,332.162373868,130,0,0.3156327072537642,-0.453636641899217,0.453636641899217,0.3156327072537642,1.4583333333333333,2.208333333333333,2.9166666666666665,16.567704796550164,9.609955367811413,2.8136250176310704,-2.444677014515092,2.7674103946451747,-2.4955801765054284,5.830844809689573,-0.1601059243579822,2.947332536870623,1.7498906540301098,699.8707166121399,17.120955864630137,13.864879669684644,13.864879669684644,11.24445379472622,8.868948755860833,8.868948755860833,8.909572814044417,8.909572814044417,8.239785926054816,8.239785926054816,7.240386005880278,7.240386005880278,-1.17,364104.6196073861,15.113743157765468,3.972453543996484,1.2536882073833475,140.55761584109254,20.056445138322168,11.016041280380469,0.0,0.0,0.0,5.969305287951849,4.794537184071822,0.0,0.0,0.0,12.654955790432378,55.58904484385599,18.442694056835705,11.70501719873199,24.85098232239399,5.969305287951849,0.0,0.0,28.583699077277743,49.913091701110346,6.606881964512918,24.304080427335528,0.0,0.0,0.0,0.0,0.0,0.0,45.20183744670256,9.53140013787187,28.583699077277743,32.60702369139466,24.304080427335528,0.0,0.0,0.0,86.99000000000001,22.721058479112457,20.11411936859394,0.0,35.74489586034573,19.26246486877803,11.993926152995275,0.0,12.999757306524504,6.076020106833881,6.578935683598497,4.736862953800049,5.977216080876795,0.0,12.691978891093475,31.800045548311918,-2.114311460695389,-0.7615428949357532,0.0,5.267137896825397,5.8061426051902245,0.0,0.7368421052631579,24,3,5,4,1,5,0,0,0,0,0,4,5,3,5,1,1,3,1,4,1,0,2.501610107088252,5,0.9348000000000002,84.62340000000003,0,3,2,0,0,0,0,0,0,0,1,1,0,0,0,0,0,0,0,0,0,0,0,0,0,0,0,0,0,0,0,0,0,0,0,0,1,0,0,0,1,1,0,0,0,0,0,0,0,0,0,0,0,0,0,0,0,0,0,0,0,0,0,0,0,0,0,0,0,0,0,0,0,0,0,0,0,0,0,0,0,0,0,0,0,3.201691556688538,0.27673201999608094,0.3706423924962731,0.3616544154879305,0.9006292808527784,1089.2652262195745,2713.1387964764717,-1.1564823173178711e-18,0.3156327072537642,-0.4536366418992171,3.195095744414411,0.2740103222044091,0.374458689153318,0.3639559466300836,0.8996609656285134,1090.9294445876603,2697.6189101658483,-1.156482317317871e-18,0.31563270725376413,-0.45363664189921715,3.1972691377931155,0.2737309832160436,0.3750664382444928,0.3642546519880339,0.900319395230652,1092.8481013395872,2702.135680376541,-1.1564823173178711e-18,0.3156327072537642,-0.4536366418992171
O=C1[C@]2(C)[C@@H](O)C=C[C@]3(O1)[C@@H]2[C@H](CN=[N+]=[N-])[C@@]12[C@H]3CC[C@@](O)(C(=C)C1)C2,61.0,Low,20.0,3-30,Table3,small_data_set/smiles_review/table3_fixed_review.csv,12.82804905990174,12.82804905990174,0.0351322751322749,-1.057022392290249,0.259143308369592,55.96153846153846,357.41000000000025,334.2260000000001,357.168856216,138,0,0.3156310399837632,-0.4536383532405875,0.4536383532405875,0.3156310399837632,1.5384615384615383,2.3076923076923075,3.0384615384615383,16.567568755653344,9.607419229015132,2.812396644512098,-2.446345357304866,2.769029573431977,-2.4947289639786274,5.8310289056860665,-0.1596407878656352,3.009143070228629,1.7456555130907925,819.6018739354187,18.53516942700323,14.75930686068456,14.75930686068456,12.244453794726216,9.268948755860832,9.268948755860832,9.140436889381718,9.140436889381718,8.384681137350958,8.384681137350958,7.364866124172777,7.364866124172777,-1.82,967626.0639488584,16.360673667858606,4.528717196808111,1.4732660446967136,150.8971041076713,14.94991774348146,11.016041280380469,0.0,0.0,0.0,5.969305287951849,4.794537184071822,0.0,0.0,0.0,17.769205916061775,61.12017384264124,23.292280145487823,11.70501719873199,19.744454927553285,5.969305287951849,0.0,0.0,33.69794920290714,49.913091701110346,6.544756405912575,34.746921073373244,0.0,0.0,0.0,0.0,0.0,0.0,40.03318449326152,9.53140013787187,28.583699077277743,32.60702369139466,29.418330552964928,0.0,10.442840646037716,0.0,115.52,22.721058479112457,15.007591973753234,0.0,35.682770301745386,19.26246486877803,11.993926152995275,0.0,12.999757306524504,6.076020106833881,16.60489745648036,10.267991952585302,6.031690995842782,0.0,15.780587561413457,25.59056425579491,6.714128637566138,-0.7609594671201825,0.0,5.177816121819099,6.132838561350466,0.0,0.7368421052631579,26,2,7,4,1,5,0,0,0,0,0,4,5,2,7,1,2,3,1,4,1,0,2.8497255458075728,5,2.2528000000000006,91.55060000000005,0,2,1,0,0,0,0,0,0,0,1,1,0,0,0,3,0,0,0,0,0,0,0,0,0,0,0,0,0,0,0,1,0,0,0,0,1,0,0,0,1,1,0,0,0,0,0,0,0,0,0,0,0,0,0,0,0,0,0,0,0,0,0,0,0,0,0,0,0,0,0,0,0,0,0,0,0,0,0,0,0,0,0,0,0,3.374148833177723,0.16857328212482575,0.36101515610901125,0.4739495046912242,0.7488160864397606,1735.288696496034,2741.4814184141683,-1.982541115402065e-18,0.3156310399837633,-0.4536383532405874,3.377408259551064,0.16947818046573848,0.3580683192782626,0.47271940481415925,0.7487483257160965,1735.0890006239235,2748.2198476651533,-1.982541115402065e-18,0.3156310399837633,-0.4536383532405874,3.3843792659482665,0.17109200893602222,0.35867214651064083,0.4706262296389213,0.7481587439266816,1736.748456608359,2760.6611901998194,-1.982541115402065e-18,0.3156310399837633,-0.45363835324058743
O=C(OC)[C@H]1[C@@H]2[C@@]3(C)[C@@H](O)C=C[C@@]2(OC3=O)[C@H]2[C@]31CC(=C)[C@@](O)(C3)CC2,38.0,Low,5.0,3-31,Table3,small_data_set/smiles_review/table3_fixed_review.csv,12.98249858276644,12.98249858276644,0.098935185185186,-1.1927225056689337,0.5376142352365746,56.15384615384615,360.4060000000002,336.2140000000001,360.157288488,140,0,0.3156484007420957,-0.4687661969994801,0.4687661969994801,0.3156484007420957,1.4615384615384617,2.1923076923076925,2.8846153846153846,16.569458504199922,9.607002197124713,2.8316673467110407,-2.4401207070448887,2.7703139757877118,-2.5048566126898333,5.865750655194074,-0.163960197245252,3.01545274391151,1.777478154310954,787.1709114632932,18.69830613381976,15.027055873925864,15.027055873925864,12.15513739724918,9.24964441490267,9.24964441490267,9.12133619550677,9.12133619550677,8.310103555058989,8.310103555058989,7.241333170599987,7.241333170599987,-1.66,892944.912885308,16.509069106907802,4.419320111164917,1.4302264505339874,151.40339153284378,19.68678069728151,11.016041280380469,0.0,0.0,0.0,11.9386105759037,9.589074368143644,0.0,0.0,0.0,12.654955790432378,49.6711387976946,11.835812092322788,24.73272078617092,29.275855065425148,11.9386105759037,0.0,0.0,28.58369907727774,49.913091701110346,7.109797541277533,24.304080427335528,0.0,0.0,0.0,0.0,0.0,0.0,46.56753091657831,19.06280027574374,28.58369907727774,32.60702369139466,24.304080427335528,0.0,0.0,0.0,93.06000000000002,51.91047161673572,19.802129157825057,0.0,5.917906046161393,25.68328649170404,5.573104530069267,7.109797541277533,19.075777413358384,0.0,6.578935683598497,9.473725907600098,11.132866591080877,0.0,25.79899325239355,21.68501673122953,-2.8928786375661364,-2.083114134542708,0.0,4.564659863945578,5.780784989921894,1.347004676870748,0.7,26,2,6,4,1,5,0,0,0,0,0,4,6,2,6,1,1,3,1,4,1,0,2.806110043106503,5,1.115499999999999,89.55360000000003,0,2,1,0,0,0,0,0,0,0,2,2,0,0,0,0,0,0,0,0,0,0,0,0,0,0,0,0,0,0,0,0,0,0,0,0,1,0,0,0,2,2,0,0,0,0,0,0,0,0,0,0,0,0,0,1,0,0,0,0,0,0,0,0,0,0,0,0,0,0,0,0,0,0,0,0,0,0,0,0,0,0,0,0,0,3.274161514460333,0.17993973875523414,0.3506109263702606,0.45465221956918195,0.7984380873414829,1559.1184172903734,2738.4640254778037,8.326672684688674e-19,0.31564840074209577,-0.46876619699948013,3.2749497952736277,0.1797865530872511,0.3503849754988861,0.45486534031746234,0.7977803140199397,1560.8943379902878,2738.0685221266867,8.326672684688674e-19,0.31564840074209577,-0.46876619699948013,3.2752073960995345,0.18068026342522212,0.35055300940718775,0.4537000960708875,0.7990283547549626,1557.116735483438,2742.6408391666914,8.326672684688676e-19,0.3156484007420958,-0.46876619699948013
S(=O)(=O)(O[C@H]1[C@H]2OC[C@H]([NH3+])[C@H]2OC1)c1ccc(C)cc1,877.0,High,29.0,3-34,Table3,small_data_set/smiles_review/table3_fixed_review.csv,12.220580120937264,12.220580120937264,0.0237768072742814,-3.797007747543461,0.758548444539747,33.3,300.356,282.212,300.09002009609,110,0,0.2969152055540888,-0.3662181044895183,0.3662181044895183,0.2969152055540888,1.15,1.8,2.5,32.239978079658044,10.099852033607952,2.5005090045427614,-2.155721436733214,2.2912797346525444,-2.6628534234654198,7.863784260756821,-0.4304856406277018,2.9457890354943634,1.7562410384840756,585.2840082679226,14.328062645816686,11.18961223985983,12.006108820787556,9.471163677742108,6.534693272045613,7.942941562509477,5.257830965696228,6.829933866680999,3.670475735944008,5.020545291837225,2.548967876262704,3.6199914815592154,-0.99,47874.9634048544,13.968746554585984,5.085702971218872,2.470481547308451,117.48926425659272,15.207393384762284,30.96062195690579,0.0,0.0,10.118126859033554,0.0,4.183085432649707,0.0,8.417796984328938,0.0,17.696185628620217,19.056471336613843,0.0,11.502365440030694,27.80827580174093,10.118126859033554,0.0,0.0,0.0,36.17296066760127,13.213763929025836,29.82891976554344,0.0,0.0,5.733667477162185,0.0,0.0,0.0,45.98530090574764,23.77493819928336,6.923737199690624,5.563451491696996,29.16095174936421,0.0,0.0,0.0,89.47000000000001,16.222093246781856,8.417796984328938,0.0,29.75213904467526,6.606881964512918,5.563451491696996,12.13273413692322,12.13273413692322,6.923737199690624,5.733667477162185,13.656811340249806,40.773933400520704,0.0,0.1488151927437646,0.0,4.9167824336524735,0.0,6.579138726733423,-1.1213016502897468,2.5829729775161776,-3.797007747543461,0.5384615384615384,20,3,6,0,2,2,0,1,0,1,0,0,5,1,7,2,3,0,2,2,0,0,3.5520447928430654,3,-0.5229799999999982,69.39390000000003,0,0,0,0,0,0,0,0,0,0,0,0,0,0,0,0,0,0,0,0,0,0,0,0,0,0,0,0,0,0,1,0,0,0,1,0,1,0,0,0,0,2,0,0,0,0,0,0,0,0,0,0,0,0,0,0,0,0,0,0,0,0,0,0,0,0,0,0,0,0,0,0,0,0,1,0,0,0,0,0,0,0,0,0,0,3.4967837967956656,0.5319561595871652,0.19526114421886248,0.19665042752960113,0.9328965432495593,667.8161221761142,3228.4110191309674,0.026315789473684216,0.3443867549708703,-0.3662181044895185,3.5133237605150636,0.5303860753712846,0.18321994138977704,0.19619565404448905,0.9246103003496963,678.6374567119831,3240.5142402116194,0.026315789473684216,0.3443867549708703,-0.3662181044895185,3.457828964981592,0.4868977308229542,0.21052218071423404,0.22043933859391202,0.9217729624092939,729.0426164663263,3100.2265186935747,0.026315789473684216,0.3443867549708703,-0.3662181044895185
S(=O)(=O)(O[C@H]1[C@H]2OC[C@H](N=[N+]=[N-])[C@H]2OC1)c1ccc(C)cc1,25.0,Low,0.0,3-35,Table3,small_data_set/smiles_review/table3_fixed_review.csv,12.279962836986645,12.279962836986645,0.0812234662383473,-3.8923170325228855,0.3607354527943757,30.772727272727277,325.346,310.22600000000006,325.07324158,118,0,0.2969151699635303,-0.3721030155831524,0.3721030155831524,0.2969151699635303,1.2272727272727273,1.9090909090909087,2.590909090909091,32.23997825129115,10.098056590154812,2.491313665476602,-2.160598317254671,2.318912080675575,-2.333760969371652,7.863786412179948,0.0333697768612204,3.038735850458244,1.738882104674958,698.890676247873,15.742276208189782,11.824146245173155,12.640642826100883,10.509168480202892,6.784643871328911,8.192892161792775,5.270011727978858,6.842114628963629,3.741732857879629,5.091802413772846,2.6150242324599606,3.686047837756471,-1.6399999999999997,132683.36217440874,15.263174913034714,5.864062936700998,2.811829892485533,127.28309557835482,9.473725907600098,12.207932775496603,0.0,0.0,10.118126859033554,0.0,4.183085432649707,0.0,8.417796984328938,0.0,22.81043575424961,24.58760033539909,4.911711647252464,30.255054621439875,22.074608324578744,10.118126859033554,0.0,0.0,5.114250125629398,36.17296066760127,13.213763929025836,40.27176041158115,0.0,0.0,0.0,0.0,0.0,0.0,45.98530090574764,23.77493819928336,6.923737199690624,5.563451491696996,34.27520187499361,0.0,10.442840646037716,0.0,110.59,34.47186685142643,8.417796984328938,0.0,18.10924740454361,0.0,5.563451491696996,12.13273413692322,12.13273413692322,6.923737199690624,10.02596177288186,19.18794033903506,40.76495152536323,0.0,2.8285012551362354,3.590635055981376,9.448047256475286,0.0,5.9440866912268415,-1.7499656714537677,2.1493942531270136,-3.8923170325228855,0.5384615384615384,22,0,8,0,2,2,0,1,0,1,0,0,6,0,9,2,4,0,2,2,0,0,4.068373559268697,3,1.5454199999999998,75.65180000000004,0,0,0,0,0,0,0,0,0,0,0,0,0,0,0,3,0,0,0,0,0,0,0,0,0,0,0,0,0,0,1,1,0,0,1,0,1,0,0,0,0,2,0,0,0,0,0,0,0,0,0,0,0,0,0,0,0,0,0,0,0,0,0,0,0,0,0,0,0,0,0,0,0,0,0,0,0,0,0,0,0,0,0,0,0,3.695530829709477,0.4605657394157841,0.19490213692810968,0.2375374071836124,0.8875255967928793,975.2221115031795,3728.746400329578,9.376883653928691e-18,0.2969151699635303,-0.37210301558315234,3.7305161937955105,0.47401331392422325,0.17727409722562085,0.22767721555918477,0.8844479136777263,963.891993711459,3803.5317048187894,9.376883653928691e-18,0.2969151699635303,-0.37210301558315234,3.7397592341481656,0.4701221996588418,0.18144751821712019,0.23405836737306226,0.876246982986051,980.6363479650555,3808.0738705373087,9.376883653928691e-18,0.2969151699635303,-0.37210301558315234
S(=O)(=O)(O[C@H]1[C@H]2OC[C@H](NC(=O)C)[C@H]2OC1)c1ccc(C)cc1,111.0,Low,35.0,3-36,Table3,small_data_set/smiles_review/table3_fixed_review.csv,12.34423624233644,12.34423624233644,0.099961026077098,-3.886999782165952,0.7959598088329649,30.17391304347826,341.38500000000005,322.23300000000006,341.09330832800003,126,0,0.2969151808296299,-0.3703196785078038,0.3703196785078038,0.2969151808296299,1.173913043478261,1.826086956521739,2.4782608695652173,32.23997833489363,10.087064140256585,2.4967933296824767,-2.1688551548517974,2.3054597011607867,-2.431284812998961,7.863788126384124,-0.1198886646694588,3.0295403353807044,1.6958606809253127,686.4235820885381,16.61251969619286,12.890753749137144,13.707250330064872,10.86501052785946,7.369244261408494,8.777492551872358,5.804768167749803,7.376871068734573,3.956575095681192,5.306644651574408,2.8547090910328463,3.925732696329357,-1.48,181517.9387346703,16.380318617242818,6.197136596055514,3.3966814100524765,134.59064207202502,14.790514511606428,18.31189916324491,0.0,5.907179729351506,10.118126859033554,0.0,8.97762261672153,0.0,8.417796984328938,0.0,17.696185628620217,19.056471336613843,6.923737199690624,24.15108823369157,26.869145508650565,16.02530658838506,0.0,5.316788604006331,0.0,43.09669786729189,13.213763929025836,29.82891976554344,0.0,0.0,5.316788604006331,0.0,0.0,0.0,51.89248063509914,28.56947538335518,6.923737199690624,12.48718869138762,29.16095174936421,0.0,0.0,0.0,90.93000000000002,28.43002602227846,13.212334168400758,0.0,30.05826796304308,0.0,5.563451491696996,19.056471336613843,12.13273413692322,6.923737199690624,5.316788604006331,13.656811340249806,41.139355053749895,0.0,11.261707432635117,2.7405155639314187,0.963415703750612,-0.1810228946532051,6.153701271371725,-1.616432980599649,3.6757606319800376,-3.886999782165952,0.5333333333333333,23,1,7,0,2,2,1,1,0,1,0,0,6,1,8,2,4,0,2,2,0,0,4.413524867737605,3,0.3712200000000005,80.32250000000005,0,0,0,0,0,0,0,0,0,0,1,1,0,0,0,0,1,0,0,0,0,0,0,0,0,0,0,1,0,0,1,0,0,0,1,0,1,0,0,0,0,2,0,0,0,0,0,0,0,0,0,0,0,0,0,0,0,0,0,0,0,0,0,0,0,0,0,0,0,0,0,0,0,0,0,0,0,0,0,0,0,0,0,0,0,3.923300591871227,0.496284706365098,0.1795566394878662,0.2187289963620067,0.8997316252039596,1052.4359131275592,4499.871067065253,-3.304235192336776e-19,0.29691518082963,-0.37031967850780373,3.9502796375706595,0.5062140265361833,0.17558770456209327,0.21137846230072663,0.9020961917121807,1039.3836633143728,4576.582487852286,-3.304235192336776e-19,0.29691518082963,-0.37031967850780373,3.981777128519811,0.5364600337922147,0.17209536816913104,0.19590977429900996,0.91270557990122,977.6997237074895,4716.632338393552,-3.304235192336776e-19,0.29691518082963,-0.37031967850780373
S(=O)(=O)(O[C@H]1[C@H]2OC[C@@H](O)[C@H]2OC1)c1ccc(C)cc1,152.0,Low,29.0,3-37,Table3,small_data_set/smiles_review/table3_fixed_review.csv,12.173705120937264,12.173705120937264,0.0947268675988914,-3.85823223733938,0.8046574166253015,33.3,300.332,284.204,300.066759232,110,0,0.2969151837088429,-0.3878928435809984,0.3878928435809984,0.2969151837088429,1.15,1.8,2.5,32.239978090527124,10.11600692866444,2.4889380367063207,-2.158660047773288,2.303241235154021,-2.337565062661342,7.863784361822604,0.0097888148510206,2.9457890354943634,1.7562410384840756,581.3838737380324,14.328062645816686,10.92971905417324,11.746215635100969,9.471163677742108,6.384643871328911,7.792892161792774,5.06509895504094,6.637201856025713,3.541776755170757,4.891846311063974,2.449655251616053,3.5206788569125638,-0.99,47874.9634048544,13.968746554585984,5.085702971218872,2.470481547308451,116.94360731177603,14.580253302440804,24.41586555099321,0.0,0.0,10.118126859033554,0.0,4.183085432649707,0.0,8.417796984328938,0.0,17.696185628620217,19.056471336613843,0.0,18.10924740454361,27.18113571941945,10.118126859033554,0.0,0.0,0.0,36.23508622620161,13.213763929025836,29.82891976554344,0.0,0.0,0.0,0.0,0.0,0.0,51.15395385918868,23.77493819928336,6.923737199690624,5.563451491696996,29.16095174936421,0.0,0.0,0.0,82.06000000000002,34.53399241002676,13.524324379169643,0.0,18.10924740454361,0.0,5.563451491696996,12.13273413692322,12.13273413692322,6.923737199690624,0.0,13.656811340249806,40.22185006718737,0.0,0.1019401927437646,9.608018674947788,0.9680206559080118,0.0,6.421287845385067,-2.4883581763487985,2.108806310849511,-3.85823223733938,0.5384615384615384,20,1,6,0,2,2,0,1,0,1,0,0,6,1,7,2,3,0,2,2,0,0,3.5520447928430654,3,0.2274199999999993,68.72460000000004,0,1,1,0,0,0,0,0,0,0,0,0,0,0,0,0,0,0,0,0,0,0,0,0,0,0,0,0,0,0,1,0,0,0,1,0,1,0,0,0,0,2,0,0,0,0,0,0,0,0,0,0,0,0,0,0,0,0,0,0,0,0,0,0,0,0,0,0,0,0,0,0,0,0,0,0,0,0,0,0,0,0,0,0,0,3.477159055651492,0.5005634084153888,0.15882309695666388,0.2139863978516585,0.8815911715530775,724.2282680074118,3073.4076011391585,1.1564823173178717e-18,0.29691518370884284,-0.38789284358099835,3.4913869787764544,0.5020420389814538,0.1596938477887895,0.2135159472076958,0.8790883738498398,728.160070191345,3096.329018645199,1.1564823173178717e-18,0.29691518370884284,-0.38789284358099835,3.5181082082089628,0.5072998238374197,0.15788353764188995,0.2088424979317253,0.8776166906926,730.1724014087727,3143.118637263644,1.1564823173178717e-18,0.29691518370884284,-0.38789284358099835
S(=O)(=O)(O[C@H]1[C@H]2OC[C@H]([NH3+])[C@H]2OC1)c1ccccc1,616.0,High,30.0,3-38,Table3,small_data_set/smiles_review/table3_fixed_review.csv,12.109280045351476,12.109280045351476,0.0259531158142265,-3.780248488284201,0.7324829978206051,34.36842105263158,286.32899999999995,270.201,286.07437003209,104,0,0.2969148667566066,-0.3662181044895183,0.3662181044895183,0.2969148667566066,1.105263157894737,1.7894736842105263,2.526315789473684,32.239977999482115,10.099853816883122,2.5003860811789997,-2.153999815651098,2.2898387001551077,-2.662853138234817,7.863778019584031,-0.4304855480944912,2.952433460799831,1.757325929306128,546.4979872183754,13.457819157813608,10.266962509049456,11.083459089977184,9.077316827624754,6.1240096695226525,7.532257959986516,4.757830965696226,6.329933866680998,3.3926979581662304,4.742767514059448,2.4311938548306484,3.5232695369028826,-0.99,34035.65293610045,13.014520228641302,4.841221870839234,2.3940245262353503,111.12432214219614,15.207393384762284,30.96062195690579,0.0,0.0,10.118126859033554,0.0,4.183085432649707,0.0,8.417796984328938,0.0,18.19910120538483,12.13273413692322,0.0,11.502365440030694,27.80827580174093,10.118126859033554,0.0,0.0,0.0,29.24922346791064,13.213763929025836,30.33183534230805,0.0,0.0,5.733667477162185,0.0,0.0,0.0,45.98530090574764,23.77493819928336,0.0,0.0,35.227318817825825,0.0,0.0,0.0,89.47000000000001,16.222093246781856,8.417796984328938,0.0,29.75213904467526,6.606881964512918,0.0,12.13273413692322,18.19910120538483,0.0,5.733667477162185,13.656811340249806,40.47323129251701,0.0,0.1413151927437648,0.0,3.914269123933626,0.0,8.091726745092997,-1.1121141450407337,0.6884869457042082,-3.780248488284201,0.5,19,3,6,0,2,2,0,1,0,1,0,0,5,1,7,2,3,0,2,2,0,0,3.3161147352304154,3,-0.8313999999999986,64.65690000000004,0,0,0,0,0,0,0,0,0,0,0,0,0,0,0,0,0,0,0,0,0,0,0,0,0,0,0,0,0,0,0,0,0,0,1,0,1,0,0,0,0,2,0,0,0,0,0,0,0,0,0,0,0,0,0,0,0,0,0,0,0,0,0,0,0,0,0,0,0,0,0,0,0,0,1,0,0,0,0,0,0,0,0,0,0,3.326183677798629,0.5080558097345524,0.22042454426127137,0.2085762685869896,0.9223395461766958,613.474482959638,2747.9818693587245,0.028571428571428584,0.34438675497087035,-0.3662181044895185,3.3287748793339382,0.5036306409749038,0.2176391991802799,0.21061364026184246,0.9173058685860025,621.1536902314808,2741.2485588721775,0.028571428571428584,0.34438675497087035,-0.3662181044895185,3.3260266909444534,0.49864978675434657,0.22140650775731494,0.21331390864648256,0.9196859069921743,626.2453554750795,2738.011863714804,0.028571428571428584,0.34438675497087035,-0.36621810448951847
S(=O)(=O)(O[C@H]1[C@H]2OC[C@H]([NH2+]C)[C@H]2OC1)c1ccccc1,339.0,High,31.0,3-39,Table3,small_data_set/smiles_review/table3_fixed_review.csv,12.186633440413203,12.186633440413203,0.1009505962878982,-3.776767408352229,0.7307073726722555,33.25,300.35599999999994,282.212,300.09002009609,110,0,0.296914866756687,-0.3662167841221635,0.3662167841221635,0.296914866756687,1.15,1.85,2.55,32.23997807950797,10.09179078096907,2.5083183373559184,-2.155747311964174,2.291890344525523,-2.888118185812746,7.863778796911275,-0.6669441923327885,3.023009041643087,1.732822641139543,561.384064540399,14.164925939000156,11.137205997052536,11.95370257798026,9.61532163008554,6.6264449815817486,8.034693272045612,4.994939254164623,6.567042155149393,3.756594945848859,5.106664501742077,2.667513753946909,3.759589436019142,-0.99,58779.38780570818,13.968746554585984,5.418995714627846,2.470481547308451,117.69923574318808,14.790514511606428,30.96062195690579,0.0,0.0,10.118126859033554,0.0,4.183085432649707,0.0,8.417796984328938,0.0,18.19910120538483,12.13273413692322,0.0,18.55003742270788,27.391396928585078,10.118126859033554,0.0,0.0,0.0,29.24922346791064,20.261435911703025,30.33183534230805,0.0,0.0,5.316788604006331,0.0,0.0,0.0,53.03297288842482,23.77493819928336,0.0,0.0,35.227318817825825,0.0,0.0,0.0,78.44000000000001,16.222093246781856,8.417796984328938,0.0,29.75213904467526,6.606881964512918,0.0,12.13273413692322,18.19910120538483,12.36446058668352,0.0,13.656811340249806,40.9313281053162,0.0,0.1528249664063161,2.0265301398337114,0.0,0.0,8.32060849185353,-0.9853548857814745,0.7944591679264302,-1.823729318888048,0.5384615384615384,20,2,6,0,2,2,0,1,0,1,0,0,5,1,7,2,4,0,2,2,0,0,3.784828885901197,3,-0.8800999999999974,69.61820000000004,0,0,0,0,0,0,0,0,0,0,0,0,0,0,0,0,0,1,0,1,0,0,0,0,0,0,0,0,0,0,0,0,0,0,1,0,1,0,0,0,0,2,0,0,0,0,0,0,0,0,0,0,0,0,0,0,0,0,0,0,0,0,0,0,0,0,0,0,0,0,0,0,0,0,1,0,0,0,0,0,0,0,0,0,0,3.565587248667565,0.5522216434743986,0.18797239207131192,0.18411147139738915,0.9195075054047394,661.9853169569677,3343.565751030024,0.026315789473684202,0.34595496956640953,-0.36621678412216363,3.5546315734101124,0.5480102163086967,0.18775529430667887,0.18628778912413727,0.918870402656173,664.9522328177992,3318.9263762655073,0.026315789473684202,0.34595496956640953,-0.36621678412216363,3.5547852888401157,0.5544855616768373,0.1957247884833917,0.18300256953356434,0.9287282467415132,652.1825312431076,3341.7970972184035,0.026315789473684202,0.34595496956640953,-0.36621678412216363
S(=O)(=O)(O[C@H]1[C@H]2OC[C@H](N(C)C)[C@H]2OC1)c1ccccc1,116.0,Low,7.0,3-40,Table3,small_data_set/smiles_review/table3_fixed_review.csv,12.248361835474933,12.248361835474933,0.1278049676660784,-3.7936944916855615,0.7538610252259629,32.523809523809526,313.37499999999994,294.223,313.09839370800006,116,0,0.2969148391834977,-0.3708459366425929,0.3708459366425929,0.2969148391834977,1.0952380952380951,1.761904761904762,2.4285714285714284,32.23997815997935,10.080286583489276,2.4997660743686803,-2.2200881370693804,2.318591628315236,-2.403314361982364,7.863780086235365,0.0310528930917636,3.023605477109565,1.7275058832672396,588.6417471777204,15.035169427003234,12.007069323362868,12.823565904290591,9.988000430147713,6.8683874598058665,8.27663575026973,5.528710330035221,7.100813231019992,3.9272897460630634,5.277359301956282,2.774801145738795,3.8668768278110295,-0.99,82725.8458537177,14.926955470862136,5.658723762575139,2.8398016485377706,124.27414934418,14.373635638450576,18.31189916324491,0.0,0.0,10.118126859033554,0.0,4.183085432649707,0.0,8.417796984328938,0.0,18.19910120538483,26.2280781022776,0.0,24.15108823369157,22.074608324578744,10.118126859033554,0.0,4.899909730850478,0.0,29.24922346791064,27.30910789438021,30.33183534230805,0.0,0.0,0.0,0.0,0.0,0.0,64.98055460195249,23.77493819928336,0.0,0.0,35.227318817825825,0.0,0.0,0.0,65.07000000000001,16.222093246781856,8.417796984328938,0.0,29.75213904467526,6.606881964512918,0.0,12.13273413692322,18.19910120538483,18.99525369620486,0.0,13.656811340249806,41.20539714033762,0.0,2.1752398799025787,0.0,0.0,0.0,8.246534417779458,-1.0722067376333264,0.7493202790375414,0.1123816872428,0.5714285714285714,21,0,6,0,2,2,0,1,0,1,0,0,6,0,7,2,4,0,2,2,0,0,4.022262744088978,3,0.4883000000000002,75.45580000000005,0,0,0,0,0,0,0,0,0,0,0,0,0,0,0,1,0,0,0,1,0,0,0,0,0,0,0,0,0,0,0,0,0,0,1,0,1,0,0,0,0,2,0,0,0,0,0,0,0,0,0,0,0,0,0,0,0,0,0,0,0,0,0,0,0,0,0,0,0,0,0,0,0,0,0,0,0,0,0,0,0,0,0,0,0,3.5845845929418165,0.5040701012912704,0.18986022672917033,0.20975152100074046,0.9030621878108787,788.8878299821554,3452.78488177592,4.163336342344338e-18,0.2969148391834977,-0.37084593664259274,3.6114399441842844,0.5139529491160337,0.18651225512880615,0.20424609940669466,0.903845001410181,780.7456626681852,3516.1469698293013,4.163336342344338e-18,0.2969148391834977,-0.37084593664259274,3.6209673064628496,0.5150655586341837,0.18915220008570208,0.20336403783728121,0.9037536774922905,781.3748807910516,3537.26027464962,4.163336342344338e-18,0.2969148391834977,-0.37084593664259274
S(=O)(=O)(O[C@H]1[C@H]2OC[C@H](NC(=O)C)[C@H]2OC1)c1ccccc1,93.0,Low,8.0,3-41,Table3,small_data_set/smiles_review/table3_fixed_review.csv,12.232936166750653,12.232936166750653,0.0924610260770981,-3.870240522906693,0.786724825668973,30.954545454545453,327.358,310.22200000000004,327.07765826400004,120,0,0.2969148420321476,-0.3703196785078038,0.3703196785078038,0.2969148420321476,1.181818181818182,1.8636363636363635,2.5454545454545454,32.23997825468951,10.087065452913649,2.4966626939364525,-2.168001958349784,2.30428053016692,-2.4312791518699104,7.863781878513524,-0.1198884300378105,3.035592264063065,1.6937028882756475,646.5567253321844,15.742276208189782,11.968104018326772,12.784600599254498,10.471163677742108,6.958560658885534,8.366808949349398,5.304768167749801,6.876871068734571,3.678797317903414,5.028866873796631,2.7369350696007912,3.829010751673024,-1.48,129012.67122268026,15.417012010638263,5.958730697592288,3.0014520707179924,128.22569995762845,14.790514511606428,18.31189916324491,0.0,5.907179729351506,10.118126859033554,0.0,8.97762261672153,0.0,8.417796984328938,0.0,18.19910120538483,12.13273413692322,6.923737199690624,24.15108823369157,26.869145508650565,16.02530658838506,0.0,5.316788604006331,0.0,36.17296066760128,13.213763929025836,30.33183534230805,0.0,0.0,5.316788604006331,0.0,0.0,0.0,51.89248063509914,28.56947538335518,0.0,6.923737199690624,35.227318817825825,0.0,0.0,0.0,90.93000000000002,22.32605963453016,13.212334168400758,0.0,36.16223435079138,0.0,0.0,19.056471336613843,18.19910120538483,0.0,5.316788604006331,13.656811340249806,40.8386529457462,0.0,11.226724841965712,2.7342885207725574,0.0,-0.1813653228802487,7.643150537134504,-1.6072454753506358,1.799367808851936,-3.870240522906693,0.5,22,1,7,0,2,2,1,1,0,1,0,0,6,1,8,2,4,0,2,2,0,0,4.175719215133601,3,0.0628000000000006,75.58550000000004,0,0,0,0,0,0,0,0,0,0,1,1,0,0,0,0,1,0,0,0,0,0,0,0,0,0,0,1,0,0,0,0,0,0,1,0,1,0,0,0,0,2,0,0,0,0,0,0,0,0,0,0,0,0,0,0,0,0,0,0,0,0,0,0,0,0,0,0,0,0,0,0,0,0,0,0,0,0,0,0,0,0,0,0,0,3.827573050955965,0.5562764798280639,0.18969723242075257,0.18245905949781765,0.9281525717779774,819.8248589050205,4227.80284246932,-4.981769982292371e-18,0.29691484203214763,-0.37031967850780373,3.796458400706812,0.5318266188794393,0.1935944872498011,0.19773782982830745,0.9214257059354206,859.3884826430872,4125.38133362779,-4.981769982292371e-18,0.29691484203214763,-0.37031967850780373,3.827560162507032,0.5574736846888445,0.1921167613682334,0.1844306625844397,0.929317826546295,815.6274419012022,4239.917337587905,-4.981769982292371e-18,0.29691484203214763,-0.37031967850780373
O(Cc1ccccc1)[C@H]1[C@H]2OC[C@H]([NH3+])[C@H]2OC1,552.0,High,12.0,3-42,Table3,small_data_set/smiles_review/table3_fixed_review.csv,5.873472222222222,5.873472222222222,0.0481075207860921,0.0481075207860921,0.802183834602693,36.05882352941177,236.29099999999997,218.147,236.12811985609,92,0,0.1400591625896728,-0.368312501563232,0.368312501563232,0.1400591625896728,1.1176470588235294,1.8823529411764703,2.7058823529411766,16.614283821333697,10.093440583933962,2.483892500572962,-2.15723334355749,2.2721858637864427,-2.662782679451128,5.131446410094427,-0.4304970271168649,2.9214851234225407,1.5666151112738174,370.1871411604736,11.664925939000156,9.749324418844411,9.749324418844411,8.34333659290053,6.062114049478809,6.062114049478809,4.691032039631779,4.691032039631779,3.417441615677834,3.417441615677834,2.463678742597652,2.463678742597652,-0.9400000000000002,17201.70440671192,11.167603668833674,4.740601830944918,2.214226471264656,100.6548619987481,19.944256338562333,30.96062195690579,0.0,0.0,0.0,0.0,0.0,0.0,0.0,0.0,30.33183534230805,5.563451491696996,0.0,13.213763929025836,19.944256338562333,0.0,0.0,0.0,0.0,30.96062195690579,13.213763929025836,35.89528683400505,0.0,0.0,5.733667477162185,0.0,0.0,0.0,37.56750392141871,20.817470825913063,0.0,5.563451491696996,30.33183534230805,0.0,0.0,0.0,55.33,0.0,0.0,0.0,24.353739992392867,19.820645893538757,0.0,5.563451491696996,0.0,18.19910120538483,17.866401614085405,14.210588861400147,17.228837868480728,0.0,0.0,0.0,5.20803140662448,0.0,10.408713706544244,0.2397608549592669,1.9146561633912824,0.0,0.5384615384615384,17,3,4,0,2,2,0,1,0,1,0,0,3,1,4,2,3,0,2,2,0,0,3.114186023514124,3,-0.020099999999999,61.17510000000004,0,0,0,0,0,0,0,0,0,0,0,0,0,0,0,0,0,0,0,0,0,0,0,0,0,0,0,0,0,0,0,0,0,0,1,0,1,0,0,0,0,3,0,0,0,0,0,0,0,0,0,0,0,0,0,0,0,0,0,0,0,0,0,0,0,0,0,0,0,0,0,0,0,0,1,0,0,0,0,0,0,0,0,0,0,3.250995500111998,0.5253689051780203,0.2512835153069651,0.20131044728373923,0.9373749794625775,458.27144792965817,2200.140110871847,0.028571428571428577,0.34438675494872584,-0.3683125015632319,3.1964932498009784,0.48456245025731326,0.2797641438126216,0.22593005565409818,0.9458601404858201,489.3191923343445,2114.53638602892,0.028571428571428577,0.34438675494872584,-0.3683125015632319,3.2547870408224506,0.5272566065291747,0.24841315195130123,0.20027371450308865,0.9389801219735453,457.1925622843902,2207.549195496678,0.028571428571428577,0.34438675494872584,-0.3683125015632319
O(Cc1ccccc1)[C@H]1[C@H]2OC[C@H](N=[N+]=[N-])[C@H]2OC1,20.0,Low,0.0,3-43,Table3,small_data_set/smiles_review/table3_fixed_review.csv,8.480551301094195,8.480551301094195,0.0934268707482994,-0.2358099227345262,0.4725314336528686,32.8421052631579,261.281,246.161,261.11134134,100,0,0.1125014089914525,-0.3721586790195886,0.3721586790195886,0.1125014089914525,1.2105263157894737,2.0,2.789473684210526,16.61456010670144,10.09178580008404,2.474101878222426,-2.162590174766894,2.3049721464084403,-2.317055835618976,5.13224041163428,-0.038926477326046,3.014862170168758,1.5778279602500191,475.28160283216073,13.079139501373252,10.38385842415774,10.38385842415774,9.381341395361316,6.312064648762108,6.312064648762108,4.703212801914408,4.703212801914408,3.4886987376134555,3.4886987376134555,2.5297350987949083,2.5297350987949083,-1.59,47671.000634708405,12.444139256442169,5.586979220147269,2.570367283978789,110.4486933205102,14.210588861400147,12.207932775496603,0.0,0.0,0.0,0.0,0.0,0.0,0.0,0.0,35.44608546793745,11.094580490482247,4.911711647252464,31.966453110435012,14.210588861400147,0.0,0.0,0.0,5.114250125629398,30.96062195690579,13.213763929025836,46.33812748004276,0.0,0.0,0.0,0.0,0.0,0.0,37.56750392141871,20.817470825913063,0.0,5.563451491696996,35.44608546793745,0.0,10.442840646037716,0.0,76.45,0.0,0.0,0.0,24.353739992392867,19.820645893538757,5.563451491696996,0.0,0.0,30.33183534230805,10.02596177288186,19.7417178601854,17.10109056122449,0.0,2.820899175262902,3.694031028695531,9.601424107006684,0.0,9.743048587539963,-0.3889031662047539,1.4284097064751826,0.0,0.5384615384615384,19,0,6,0,2,2,0,1,0,1,0,0,4,0,6,2,4,0,2,2,0,0,3.6592182862295415,3,2.0483,67.43300000000004,0,0,0,0,0,0,0,0,0,0,0,0,0,0,0,3,0,0,0,0,0,0,0,0,0,0,0,0,0,0,0,1,0,0,1,0,1,0,0,0,0,3,0,0,0,0,0,0,0,0,0,0,0,0,0,0,0,0,0,0,0,0,0,0,0,0,0,0,0,0,0,0,0,0,0,0,0,0,0,0,0,0,0,0,0,3.5947609504555715,0.564191170678845,0.23291332026083034,0.18154631367093374,0.9297315588350734,557.6324439154697,3000.701756738202,7.755234363190432e-18,0.11250140899145254,-0.3721586790195885,3.6171572586454954,0.5874288720736499,0.22690341425745164,0.16705535253950227,0.9374011393446626,531.8929466470981,3059.1186565665025,7.755234363190432e-18,0.11250140899145254,-0.3721586790195885,3.632026167340926,0.5884607886228995,0.2288127625920164,0.167461828717654,0.9372970656599934,533.3272130880855,3088.711558296871,7.755234363190432e-18,0.11250140899145254,-0.3721586790195885
O=C(N[C@@H]1[C@H]2OC[C@@H](OCc3ccccc3)[C@H]2OC1)C,103.0,Low,3.0,3-44,Table3,small_data_set/smiles_review/table3_fixed_review.csv,11.12706216979808,11.12706216979808,0.0587926634152278,-0.0975246703619723,0.8871710466895063,32.05,277.32000000000005,258.16799999999995,277.131408088,108,0,0.2167605628243263,-0.3703753694356024,0.3703753694356024,0.2167605628243263,1.25,2.0,2.75,16.614714698966573,10.081653348195744,2.480230107295124,-2.170655026526945,2.2891533520248784,-2.429871343918301,5.729068645517914,-0.1199275516593312,3.0064908728312694,1.5437808031693896,464.2011346006909,13.94938298937633,11.45046592812173,11.45046592812173,9.737183443017882,6.8966650388416895,6.8966650388416895,5.237969241685351,5.237969241685351,3.7035409754150175,3.7035409754150175,2.769419957367796,2.769419957367796,-1.4299999999999995,65240.851940438544,13.548363599022416,5.910119981147815,2.8458849792161547,117.75623981418045,19.52737746540648,18.31189916324491,0.0,5.907179729351506,0.0,0.0,4.794537184071822,0.0,0.0,0.0,30.33183534230805,5.563451491696996,6.923737199690624,25.862486722686715,19.005126045471968,5.907179729351506,0.0,5.316788604006331,0.0,37.88435915659642,13.213763929025836,35.89528683400505,0.0,0.0,5.316788604006331,0.0,0.0,0.0,43.47468365077021,25.612008009984887,0.0,12.48718869138762,30.33183534230805,0.0,0.0,0.0,56.790000000000006,0.0,4.794537184071822,0.0,30.26091972174437,19.820645893538757,5.563451491696996,6.923737199690624,0.0,30.33183534230805,5.316788604006331,14.210588861400147,17.346947278911564,0.0,11.12706216979808,2.863008758867796,1.1318128779289496,-0.0587926634152278,9.960137498585752,-0.2553704753506349,3.0518612213403884,0.0,0.5333333333333333,20,1,5,0,2,2,1,1,0,1,0,0,4,1,5,2,4,0,2,2,0,0,4.003622720921905,3,0.874099999999999,72.10370000000005,0,0,0,0,0,0,0,0,0,0,1,1,0,0,0,0,1,0,0,0,0,0,0,0,0,0,0,1,0,0,0,0,0,0,1,0,1,0,0,0,0,3,0,0,0,0,0,0,0,0,0,0,0,0,0,0,0,0,0,0,0,0,0,0,0,0,0,0,0,0,0,0,0,0,0,0,0,0,0,0,0,0,0,0,0,3.7580766002669654,0.5721540658384635,0.21341212757385175,0.1769384857017689,0.9360964876395258,638.4753096390481,3492.293815002614,-2.4908849911461853e-18,0.21676056282432635,-0.3703753694356025,3.7496121126709863,0.5752102110672614,0.22042767980401978,0.1770756299427212,0.9381225688982782,631.049118212977,3485.987418268319,-2.490884991146185e-18,0.21676056282432632,-0.3703753694356025,3.783052015250996,0.5759938888455304,0.213680721259026,0.17748040095280487,0.9381920914784262,639.756782532481,3551.3577392199495,-2.4908849911461853e-18,0.21676056282432635,-0.3703753694356025
O=C1[C@]2(CO)C[C@]3([C@@H]([NH3+])c4c(C)cccc4[C@H]3CC2)C1,542.0,High,26.0,3-45,Table3,small_data_set/smiles_review/table3_fixed_review.csv,12.53995842781557,12.53995842781557,0.0162209467120182,-0.455964663643235,0.8133605315985285,41.65,272.36800000000005,250.19199999999995,272.16450536409,106,0,0.1416867379746777,-0.395334759782989,0.395334759782989,0.1416867379746777,1.45,2.25,3.0,16.254077337324933,9.62282011584481,2.669864589148966,-2.4011105602941427,2.6908905393107387,-2.600667237363677,5.890860876782464,-0.4543902001750904,2.8184881413433094,1.8967560153645893,611.0076092747743,14.12095586463014,11.984853919031238,11.984853919031238,9.539276440695016,7.606886309971683,7.606886309971683,7.169996853225079,7.169996853225079,6.432626857307428,6.432626857307428,5.408074604201774,5.408074604201774,-1.19,58669.64915020233,12.543112090348872,3.7142207460338215,1.21486800486472,118.72391946652448,10.84019487200289,11.8250857755129,0.0,0.0,0.0,0.0,4.794537184071822,0.0,0.0,0.0,18.19910120538483,43.23101109802404,17.399263584019785,12.021872433909698,15.634732056074714,5.783244946364939,0.0,0.0,10.82998093879356,44.56677056670402,6.606881964512918,34.88945568047582,0.0,0.0,5.733667477162185,0.0,0.0,0.0,17.496654305718565,4.794537184071822,17.75371813848418,54.33338784210439,18.19910120538483,0.0,0.0,0.0,64.94,5.41499046939678,9.901064578912528,0.0,23.8469582094226,12.338727669087405,19.26246486877803,16.690354475090988,0.0,0.0,30.85650588223764,0.0,0.0,0.0,12.53995842781557,9.77182208994709,8.086493291761151,0.7431797996976572,6.709907564877803,3.3119297996976567,2.170042359536408,0.0,0.5882352941176471,20,4,3,3,0,3,0,1,0,1,0,2,2,2,3,0,1,2,0,2,1,0,2.3293943572900715,4,1.4970199999999996,74.97590000000004,0,1,1,0,0,0,0,0,0,0,1,1,0,0,0,0,0,0,0,0,0,0,0,0,0,0,0,0,0,0,1,0,0,0,1,0,3,0,0,0,0,0,0,0,0,0,0,0,0,0,0,1,1,0,0,0,0,0,0,0,0,0,0,0,0,0,0,0,0,0,0,0,0,0,1,0,0,0,0,0,0,0,0,0,0,3.1280574648009325,0.3684781787300262,0.2966105798770166,0.29156021418115335,0.8875781297619766,710.6919314796004,2171.928511151042,0.023809523809523815,0.3445474211063582,-0.39533475978298893,3.1203082629489045,0.3636220485547436,0.30014910107432696,0.29493122626991347,0.8865261567447209,714.5295986839976,2156.476856970167,0.023809523809523815,0.3445474211063582,-0.39533475978298893,3.126095129155551,0.3640606473702264,0.29559850994648446,0.2942666858251124,0.8900108272796556,715.7143222623569,2169.5867173323063,0.02380952380952381,0.3445474211063584,-0.39533475978298893
O=C1[C@]2(CO)C[C@]3([C@@H]([NH2+]C)c4c(C)cccc4[C@H]3CC2)C1,179.0,Low,8.0,3-46,Table3,small_data_set/smiles_review/table3_fixed_review.csv,12.66977702191988,12.66977702191988,0.0337946428571431,-0.4367979969765683,0.8643576701661327,40.23809523809524,286.3950000000001,262.203,286.18015542809,112,0,0.1416867486286822,-0.3953347597829083,0.3953347597829083,0.1416867486286822,1.4285714285714286,2.238095238095238,2.952380952380953,16.25408134748945,9.621214763930505,2.6749691246977374,-2.410076442865492,2.6925959231614587,-2.833605069002139,5.890965367863814,-0.6845124077900108,2.882990816221193,1.9092336313460008,625.6443832261368,14.828062645816686,12.855097407034316,12.855097407034316,10.077281243155802,8.10932162203078,8.10932162203078,7.428415229427882,7.428415229427882,6.6539037525433775,6.6539037525433775,5.802909277491615,5.802909277491615,-1.19,99613.09868207463,13.471361674631044,4.173527502628188,1.437388664475072,125.2988330675164,10.423315998847038,11.8250857755129,0.0,0.0,0.0,0.0,4.794537184071822,0.0,0.0,0.0,18.19910120538483,43.23101109802404,17.399263584019785,19.069544416586886,15.21785318291886,5.783244946364939,0.0,0.0,10.82998093879356,44.56677056670402,13.654553947190108,34.88945568047582,0.0,0.0,5.316788604006331,0.0,0.0,0.0,24.544326288395755,4.794537184071822,17.75371813848418,54.33338784210439,18.19910120538483,0.0,0.0,0.0,53.91,5.41499046939678,9.901064578912528,0.0,12.021872433909698,24.163813444600304,19.26246486877803,16.690354475090988,0.0,0.0,37.487298991758976,0.0,0.0,0.0,12.66977702191988,12.158190192743763,3.898805744520031,0.8097538737717311,6.993611268581506,3.4406146069538925,2.2276160556815325,2.134964569160997,0.6111111111111112,21,3,3,3,0,3,0,1,0,1,0,2,2,2,3,0,2,2,0,2,1,0,2.6772904022344752,4,1.4483199999999996,79.93720000000005,0,1,1,0,0,0,0,0,0,0,1,1,0,0,0,0,0,1,0,0,0,0,0,0,0,0,0,0,0,0,1,0,0,0,1,0,3,0,0,0,0,0,0,0,0,0,0,0,0,0,0,1,1,0,0,0,0,0,0,0,0,0,0,0,0,0,0,0,0,0,0,0,0,0,1,0,0,0,0,0,0,0,0,0,0,3.1755347396348625,0.3071672710420705,0.2941418355463456,0.3364153142827168,0.8496350659310513,885.9061550876462,2246.5124995883702,0.022222222222222223,0.3461163218789653,-0.3953347597829084,3.1689188105477832,0.30335094221997133,0.3055942997112249,0.3400085524206387,0.8501950995532287,889.2031787898065,2234.903919430067,0.022222222222222223,0.34611632187896524,-0.3953347597829084,3.1820397440669224,0.3182001069110735,0.2925958319860819,0.32755668905886653,0.8498802861409278,870.1068837949862,2264.8650612214105,0.022222222222222227,0.3461163218789652,-0.3953347597829084
O=C(OC)[C@H]1c2c(C)cccc2[C@@H]2[C@@]31CC(=O)[C@](CO)(C3)CC2,86.0,Low,16.0,3-48,Table3,small_data_set/smiles_review/table3_fixed_review.csv,12.72654903628118,12.72654903628118,0.1076157407407407,-0.6401596749811036,0.8518689046888347,37.43478260869565,314.3810000000001,292.20500000000004,314.151809184,122,0,0.3132635967284315,-0.4685306216511545,0.4685306216511545,0.3132635967284315,1.434782608695652,2.217391304347826,2.9130434782608696,16.52428936612728,9.603736051711522,2.678184079389388,-2.418733143755802,2.711169094936153,-2.3897820854213943,5.925321869965081,-0.1463085530758344,2.957606376253804,1.9398258773426105,709.3212057694011,16.405412915006313,13.594243718772418,13.594243718772418,10.98796484567876,8.30380973503036,8.30380973503036,7.573583436316807,7.573583436316807,6.690658217072199,6.690658217072199,5.7128727673959245,5.7128727673959245,-1.68,245008.11220886512,14.883582063711913,4.665486111111111,1.6484757803024683,135.38898032785562,9.843390348640757,5.783244946364939,0.0,0.0,0.0,5.969305287951849,9.589074368143644,0.0,0.0,0.0,18.19910120538483,48.79446258972104,11.83581209232279,25.049576021348624,19.432464716784395,11.75255023431679,0.0,0.0,10.82998093879356,44.442835783717456,13.716679505790452,34.88945568047582,0.0,0.0,0.0,0.0,0.0,0.0,30.57575713494795,14.325937321943693,17.753718138484185,54.20945305911782,18.19910120538483,0.0,0.0,0.0,63.60000000000001,10.82998093879356,14.69560176298435,0.0,30.19524429115249,12.84164324585202,23.96854622924601,12.673249032974528,0.0,19.056471336613843,6.06636706846161,4.736862953800049,5.129462159863946,0.0,25.396412981859413,9.871853190350214,2.322457955404385,-0.2848592214663648,6.164129503653314,2.5617779195011336,1.9189834498614264,1.419782060972537,0.5789473684210527,23,1,4,3,0,3,0,1,0,1,0,2,4,1,4,0,2,2,0,2,1,0,3.019093278340451,4,2.4706200000000003,84.10380000000004,0,1,1,0,0,0,0,0,0,0,2,2,0,0,0,0,0,0,0,0,0,0,0,0,0,0,0,0,0,0,1,0,0,0,1,0,3,0,0,0,1,1,0,0,0,0,0,0,0,0,0,1,1,0,0,1,0,0,0,0,0,0,0,0,0,0,0,0,0,0,0,0,0,0,0,0,0,0,0,0,0,0,0,0,0,3.2320083255164556,0.21596658362446894,0.2889767727954112,0.42086705404925984,0.7605795548853758,1265.0795856617553,2290.8514215535556,-3.3923481307990893e-18,0.3132635967284315,-0.46853062165115456,3.236744543390887,0.21256074695301425,0.2732927145192591,0.42514396795841286,0.7533111626302286,1283.1927658747857,2278.7923090602353,-3.3923481307990893e-18,0.3132635967284315,-0.46853062165115456,3.23774633917039,0.21991917822539597,0.27711764493930685,0.416660592725277,0.7588102130767048,1260.43770706019,2299.512992049488,-3.3923481307990893e-18,0.3132635967284315,-0.46853062165115456
O=C(N[C@H]1c2c(C)cccc2[C@@H]2[C@@]31CC(=O)[C@](CO)(C3)CC2)C,69.0,Low,5.0,3-49,Table3,small_data_set/smiles_review/table3_fixed_review.csv,12.740815854119424,12.740815854119424,0.0567139077853362,-0.5801917989417986,0.8808274071892606,37.43478260869565,313.3970000000001,290.213,313.167793596,122,0,0.216872574927237,-0.3953347846480878,0.3953347846480878,0.216872574927237,1.434782608695652,2.217391304347826,2.9130434782608696,16.25413389259645,9.6207136659988,2.662815882696325,-2.428556543729586,2.702427799604313,-2.4186477185139603,5.895650864934439,-0.1278470228633412,2.896651052815091,1.9008707612337687,712.5663182672376,16.405412915006313,13.685995428308551,13.685995428308551,10.933123290812372,8.441437299334565,8.441437299334565,7.75094748250133,7.75094748250133,6.601372192839284,6.601372192839284,5.661623113917386,5.661623113917386,-1.68,220678.46380766487,14.883582063711913,4.665486111111111,1.7559807593751906,135.82529728195684,10.423315998847038,5.783244946364939,0.0,5.907179729351506,0.0,0.0,9.589074368143644,0.0,0.0,0.0,18.19910120538483,48.79446258972104,18.75954929201341,18.063713263057657,14.69560176298435,11.690424675716445,0.0,5.316788604006331,10.82998093879356,51.49050776639464,6.606881964512918,34.88945568047582,0.0,0.0,5.316788604006331,0.0,0.0,0.0,23.40383403507007,9.589074368143644,17.753718138484185,61.25712504179501,18.19910120538483,0.0,0.0,0.0,66.4,5.41499046939678,14.69560176298435,0.0,29.754137938774104,18.75954929201341,12.84164324585202,16.690354475090988,6.923737199690624,0.0,30.439627009081786,0.0,0.0,0.0,24.593367504409173,13.032241118669692,2.848652683295542,0.4328103741496603,6.199040690350214,2.837422052154195,3.556465576971529,0.0,0.5789473684210527,23,2,4,3,0,3,1,1,0,1,0,2,3,2,4,0,2,2,0,2,1,0,3.019093278340451,4,2.391220000000001,85.90450000000004,0,1,1,0,0,0,0,0,0,0,2,2,0,0,0,0,1,0,0,0,0,0,0,0,0,0,0,1,0,0,1,0,0,0,1,0,3,0,0,0,0,0,0,0,0,0,0,0,0,0,0,1,1,0,0,0,0,0,0,0,0,0,0,0,0,0,0,0,0,0,0,0,0,0,0,0,0,0,0,0,0,0,0,0,0,3.257936876140973,0.20930343650986258,0.2904459897564736,0.4307274454897001,0.7488796088308494,1313.7899978890734,2285.470431362481,5.430438707405658e-18,0.21687257492723702,-0.3953347846480878,3.255319881791289,0.21321517011570176,0.29340451201468815,0.42563563917339997,0.7566811516981845,1294.7735260788584,2302.3061998436515,5.430438707405658e-18,0.21687257492723702,-0.3953347846480878,3.254523348448642,0.20280138237581474,0.2909315449126372,0.4381597482920201,0.7436536295641251,1332.089504819902,2262.5845790535664,5.430438707405659e-18,0.21687257492723702,-0.39533478464808774
O=C1[C@]2(C)C[C@]3([C@@H]([NH3+])c4c(C)cccc4[C@H]3CC2)C1,515.0,High,50.0,3-50,Table3,small_data_set/smiles_review/table3_fixed_review.csv,12.46870842781557,12.46870842781557,0.0531868858654571,-0.0531868858654571,0.7613850614399142,43.21052631578947,256.369,234.193,256.16959074409,100,0,0.1391128509285051,-0.3508558110197122,0.3508558110197122,0.1391128509285051,1.368421052631579,2.1578947368421053,2.9473684210526314,16.14003096137756,9.62680700674753,2.6568642874812864,-2.3937399113363385,2.690773696883365,-2.5992107269734426,5.885201151952884,-0.4542579752581098,2.713704575337698,1.9291735137206831,592.9249032101961,13.41384908344359,11.830533542344732,11.830533542344732,8.978616268915196,7.437105153361571,7.437105153361571,7.292213056106571,7.292213056106571,6.336633102317139,6.336633102317139,5.349501475220146,5.349501475220146,-1.15,32282.229628217254,11.658049962907372,3.2936702594297884,1.1912597209721334,113.92968571432849,5.733667477162185,11.8250857755129,0.0,0.0,0.0,0.0,4.794537184071822,0.0,0.0,0.0,25.12283840507545,43.23101109802404,22.814254053416565,0.0,10.528204661234009,5.783244946364939,0.0,0.0,10.82998093879356,51.49050776639464,0.0,34.88945568047582,0.0,0.0,5.733667477162185,0.0,0.0,0.0,5.783244946364939,4.794537184071822,17.75371813848418,61.25712504179501,18.19910120538483,0.0,0.0,0.0,44.71,0.0,4.794537184071822,0.0,10.82998093879356,17.742991821674295,19.26246486877803,23.111176098017,0.0,0.0,37.78024308192826,0.0,0.0,0.0,12.46870842781557,0.0,8.901953892668178,1.0680872071050649,6.954973544973545,4.060818688586545,4.378791572184429,0.0,0.5882352941176471,19,3,2,3,0,3,0,1,0,1,0,2,1,1,2,0,0,2,0,2,1,0,2.020935391882871,4,2.5246200000000005,73.56410000000004,0,0,0,0,0,0,0,0,0,0,1,1,0,0,0,0,0,0,0,0,0,0,0,0,0,0,0,0,0,0,1,0,0,0,1,0,3,0,0,0,0,0,0,0,0,0,0,0,0,0,0,1,1,0,0,0,0,0,0,0,0,0,0,0,0,0,0,0,0,0,0,0,0,0,1,0,0,0,0,0,0,0,0,0,0,2.997290893751914,0.35202787054959805,0.30243267397664986,0.30076270087782003,0.8501999973023129,643.4200199751023,1821.2369526886164,0.02439024390243903,0.3445474210655025,-0.35085581101971247,3.0009098030243018,0.3546463495207269,0.2979727523223528,0.2988673361982559,0.8502837800115394,641.5273516951858,1827.2923661100212,0.02439024390243903,0.34454742106550246,-0.3508558110197124,2.998668914197158,0.3530250828850611,0.30073406559805466,0.3000408775264186,0.8502320251403079,642.6991028795745,1823.5430029369757,0.02439024390243903,0.3445474210655025,-0.35085581101971247
O=C(OC)[C@H]1c2c(C)cccc2[C@@H]2[C@@]31CC(=O)[C@](C)(C3)CC2,28.0,Low,12.0,3-52,Table3,small_data_set/smiles_review/table3_fixed_review.csv,12.655299036281178,12.655299036281178,0.1694444444444447,-0.2733564814814817,0.7453160947943843,38.59090909090909,298.38200000000006,276.206,298.156894564,116,0,0.3132635821018186,-0.4685306216899465,0.4685306216899465,0.3132635821018186,1.3636363636363635,2.136363636363636,2.863636363636364,16.524260488388773,9.60704962135272,2.6662936086274263,-2.4126464927302718,2.711070478311757,-2.364689849967114,5.921337077225675,-0.1460632136282713,2.8683206378617703,1.959762342701994,691.9207532535444,15.698306133819765,13.439923342085912,13.439923342085912,10.42730467389894,8.134028578420248,8.134028578420248,7.6957996391983,7.6957996391983,6.594664462081911,6.594664462081911,5.654299638414296,5.654299638414296,-1.64,135774.82571382477,13.984366672921752,4.212505948839976,1.4696076928176458,130.5947465756596,4.736862953800049,5.783244946364939,0.0,0.0,0.0,5.969305287951849,9.589074368143644,0.0,0.0,0.0,25.122838405075456,48.79446258972104,17.25080256171957,13.027703587438928,14.325937321943693,11.75255023431679,0.0,0.0,10.82998093879356,51.36657298340808,7.109797541277533,34.88945568047582,0.0,0.0,0.0,0.0,0.0,0.0,18.862347775594323,14.325937321943693,17.753718138484185,61.13319025880844,18.19910120538483,0.0,0.0,0.0,43.370000000000005,0.0,9.589074368143644,0.0,22.717192272906804,18.121972615452343,30.389367852172025,12.673249032974528,0.0,0.0,32.04657560476608,4.736862953800049,5.158320578231293,0.0,25.29933390022676,0.0,3.0905829554043844,0.2242243008314435,6.299565854119425,3.310666808390023,4.155953325774755,1.4613522770219198,0.5789473684210527,22,0,3,3,0,3,0,1,0,1,0,2,3,0,3,0,1,2,0,2,1,0,2.677692172747381,4,3.4982200000000025,82.69200000000005,0,0,0,0,0,0,0,0,0,0,2,2,0,0,0,0,0,0,0,0,0,0,0,0,0,0,0,0,0,0,1,0,0,0,1,0,3,0,0,0,1,1,0,0,0,0,0,0,0,0,0,1,1,0,0,1,0,0,0,0,0,0,0,0,0,0,0,0,0,0,0,0,0,0,0,0,0,0,0,0,0,0,0,0,0,3.1299946224191575,0.1978188728246018,0.2811869182757048,0.446247041985088,0.7169862817561694,1206.4052277204687,1936.9121364295672,1.1039149392579683e-18,0.3132635821018186,-0.4685306216899466,3.1236074912196172,0.1966521638408593,0.3020949461592998,0.4458642544920411,0.7279540589094203,1194.760211776936,1948.775485057257,1.1039149392579681e-18,0.3132635821018186,-0.4685306216899465,3.1247035397110348,0.19731428733440934,0.30000680639712796,0.4449353000287605,0.7282835587187088,1193.4531960845031,1951.5272760010835,1.1039149392579683e-18,0.31326358210181854,-0.46853062168994664
O=C(N[C@H]1c2c(C)cccc2[C@@H]2[C@@]31CC(=O)[C@](C)(C3)CC2)C,49.0,Low,12.0,3-53,Table3,small_data_set/smiles_review/table3_fixed_review.csv,12.669565854119426,12.669565854119426,0.000790343915344,-0.1774140211640209,0.8630492171777477,38.59090909090909,297.398,274.21399999999994,297.17287897600005,116,0,0.2168725748774009,-0.3489202000717762,0.3489202000717762,0.2168725748774009,1.3636363636363635,2.136363636363636,2.863636363636364,16.149123110476904,9.62461848117951,2.6496270124559027,-2.4232376756820293,2.7023206592957623,-2.404475811647796,5.89021326304169,-0.1250511807996798,2.800766372861781,1.9172894510860248,694.6756407557078,15.698306133819765,13.531675051622049,13.531675051622049,10.37246311903255,8.271656142724453,8.271656142724453,7.873163685382822,7.873163685382822,6.505378437848996,6.505378437848996,5.603049984935757,5.603049984935757,-1.64,121934.16480891049,13.984366672921752,4.212505948839976,1.570306158775365,131.0310635297608,5.316788604006331,5.783244946364939,0.0,5.907179729351506,0.0,0.0,9.589074368143644,0.0,0.0,0.0,25.122838405075456,48.79446258972104,24.174539761410195,6.041840829147961,9.589074368143644,11.690424675716445,0.0,5.316788604006331,10.82998093879356,58.41424496608526,0.0,34.88945568047582,0.0,0.0,5.316788604006331,0.0,0.0,0.0,11.690424675716445,9.589074368143644,17.753718138484185,68.18086224148563,18.19910120538483,0.0,0.0,0.0,46.17,0.0,9.589074368143644,0.0,22.779001497293027,18.121972615452343,19.26246486877803,16.690354475090988,6.923737199690624,0.0,37.36336420877241,0.0,0.0,0.0,24.501959325396825,3.203009259259259,3.616777683295541,0.8152220332577481,6.444106670445955,3.586310941043084,5.832614087301587,0.0,0.5789473684210527,22,1,3,3,0,3,1,1,0,1,0,2,2,1,3,0,1,2,0,2,1,0,2.677692172747381,4,3.418820000000002,84.49270000000004,0,0,0,0,0,0,0,0,0,0,2,2,0,0,0,0,1,0,0,0,0,0,0,0,0,0,0,1,0,0,1,0,0,0,1,0,3,0,0,0,0,0,0,0,0,0,0,0,0,0,0,1,1,0,0,0,0,0,0,0,0,0,0,0,0,0,0,0,0,0,0,0,0,0,0,0,0,0,0,0,0,0,0,0,0,3.156702924346405,0.19277506277159928,0.2890076436273488,0.4541475034351792,0.7134652268322154,1243.5565897129443,1948.2852065601314,2.4671622769447916e-18,0.2168725748774009,-0.3489202000717763,3.1670517782454044,0.19194650291696702,0.2800016419801015,0.457153132612261,0.7007488857507662,1265.110092506957,1935.5623214818131,2.4671622769447916e-18,0.21687257487740091,-0.3489202000717763,3.1615338548922565,0.19168856332830103,0.2853593849664323,0.4568618013639266,0.7057814066674003,1257.390770603703,1938.048932299318,2.467162276944792e-18,0.2168725748774009,-0.34892020007177627
O=C([O-])[C@]12C(=O)C[C@@]3([C@@H]([NH3+])c4c(C)cccc4[C@H]3CC1)C2,238.0,Low,12.0,3-54,Table3,small_data_set/smiles_review/table3_fixed_review.csv,12.489541761148905,12.489541761148905,0.0038657407407403,-1.2476313303099018,0.7507977535701855,40.0,285.3430000000001,266.1909999999999,285.136493468,110,0,0.144991439960693,-0.549071014459689,0.549071014459689,0.144991439960693,1.4285714285714286,2.1904761904761907,2.9047619047619047,16.369210570717,9.62051604176778,2.676959877088509,-2.4121200652752117,2.6912796243277874,-2.6048668092856,6.047759565978588,-0.454422643404722,2.821612606698786,1.9033401403276868,682.6128356437378,14.991199352633217,12.147030123272458,12.147030123272458,9.92199194188926,7.595353443825435,7.595353443825435,7.101117144078563,7.101117144078563,6.374562577923298,6.374562577923298,5.356642751711357,5.356642751711357,-1.6799999999999995,83903.4724727951,13.01576444290284,3.742572687531872,1.297661697067643,122.88544156656825,15.634732056074714,11.8250857755129,0.0,0.0,0.0,0.0,4.794537184071822,0.0,0.0,0.0,18.19910120538483,43.23101109802404,17.399263584019785,11.384295757348628,20.42926924014653,11.75255023431679,0.0,0.0,10.82998093879356,44.56677056670402,0.0,34.88945568047582,0.0,0.0,10.84019487200289,0.0,0.0,0.0,11.75255023431679,9.589074368143644,17.75371813848418,54.33338784210439,18.19910120538483,0.0,0.0,0.0,84.84,11.384295757348628,14.69560176298435,0.0,23.15798229107107,19.26246486877803,6.4208216229260096,16.690354475090988,0.0,0.0,30.85650588223764,0.0,0.0,0.0,24.113375377928943,11.623833616780043,6.537617157974301,-1.0410766250944832,6.267547871000251,1.9215594293272868,2.077143172083648,0.0,0.5294117647058824,21,3,4,3,0,3,0,1,0,1,0,2,3,1,4,0,1,2,0,2,1,0,2.3196402148265074,4,0.2546199999999996,72.89710000000002,1,0,0,0,0,0,0,0,1,1,2,2,0,0,0,0,0,0,0,0,0,0,0,0,0,0,0,0,0,0,1,0,0,0,1,0,3,0,0,0,0,0,0,0,0,0,0,0,0,0,0,1,1,0,0,0,0,0,0,0,0,0,0,0,0,0,0,0,0,0,0,0,0,0,1,0,0,0,0,0,0,0,0,0,0,3.165294395920933,0.3627107098809166,0.28732100896815177,0.29476282658689285,0.8960718719927041,768.8411069766407,2338.8448386516343,3.469446951953614e-18,0.3445474223139498,-0.5490710144596888,3.15271908059799,0.3517371968945416,0.29757824639885017,0.303036981691131,0.8980533523306374,779.8283839346924,2314.948155473007,3.469446951953614e-18,0.34454742231394986,-0.5490710144596889,3.1546733901675914,0.353442596502832,0.29598416973571956,0.3017510905380228,0.8977454105476362,778.1208315169575,2318.6619142937807,3.469446951953614e-18,0.3445474223139499,-0.549071014459689
S(=O)(=O)(OC1C2OCC([N+])C2OC1)c1ccc(-c2ccccc2)cc1,1965.0,High,108.0,,Table4,small_data_set/smiles_review/table4_fixed_review.csv,12.510214632149156,12.510214632149156,0.0771054089042004,-3.940419317418325,0.7754315781371718,28.84,359.403,342.2670000000001,359.08219506409,129,3,0.4274682377730996,-0.3653923492309426,0.4274682377730996,0.3653923492309426,0.88,1.52,2.24,32.23997847458373,10.067649823184912,2.5512607663085536,-2.1556110393494814,2.306813608149339,-2.3417548763241243,7.863799433196438,0.0333286776683091,3.192646497321131,1.508342064174948,837.5299634974573,17.440946820939047,13.316470400121371,14.132966981049098,12.04364332281354,8.045327473851868,9.453575764315731,6.142449224230567,7.714552125215339,4.482232490186066,5.832302046079279,3.1893749502951474,4.260398555591655,-1.7699999999999996,856753.0728491201,16.685205273040665,6.5103274790936325,3.210837273400757,146.18141634826014,9.473725907600098,18.814814740009524,6.103966387748303,0.0,10.118126859033554,11.775508306310146,4.183085432649707,0.0,8.417796984328938,0.0,42.46456947923127,23.25963712031721,0.0,11.502365440030694,22.074608324578744,10.118126859033554,0.0,5.733667477162185,0.0,29.24922346791064,13.213763929025836,54.59730361615449,0.0,11.126902983393991,5.733667477162185,0.0,0.0,0.0,45.98530090574764,23.77493819928336,0.0,0.0,59.49278709167226,0.0,11.126902983393991,0.0,84.13000000000001,34.47186685142643,14.151464461491123,0.0,18.10924740454361,0.0,11.126902983393991,12.13273413692322,12.13273413692322,30.33183534230805,0.0,13.656811340249806,41.11625543721941,0.0,0.0779412320483754,0.0,11.645715410032173,0.0,15.485383826432184,-1.8379875340662493,0.2031109457524365,-3.940419317418325,0.3333333333333333,25,0,6,0,2,2,0,2,0,2,0,0,5,0,7,2,4,0,2,2,0,0,4.345046015335785,4,1.6624,89.33880000000003,0,0,0,0,0,0,0,0,0,0,0,0,0,0,0,1,0,0,0,0,0,0,0,0,0,0,0,0,0,0,0,0,0,0,2,0,1,0,0,0,0,2,0,0,0,0,0,0,0,0,0,0,0,0,0,0,0,0,0,0,0,0,0,0,0,0,0,0,0,0,0,0,0,0,0,0,0,0,0,0,0,0,0,0,0,4.468892215733535,0.6481921989659135,0.12631303735690846,0.13755907115214744,0.9233340070756976,944.3690716696608,6449.052712232868,0.023809523809523822,0.4274682377730998,-0.36539234923094266,4.473546269895233,0.6473327127133739,0.13483915134911198,0.1376781831699407,0.9307879059346295,947.6007313659195,6486.4392053839165,0.023809523809523822,0.4274682377730998,-0.36539234923094266,4.451943917343117,0.6357584397318476,0.12848552846225778,0.1429109985772868,0.9210729457210185,975.1716877156216,6373.081264532783,0.023809523809523822,0.4274682377730998,-0.36539234923094266
O(C)c1c(O)c2c(cc1)CC1[N+](C)CCC32C1CC(O)C([N+])C3,1913.0,High,156.0,,Table4,small_data_set/smiles_review/table4_fixed_review.csv,10.815551303854877,10.815551303854877,0.2236970899470902,-0.7297619047619051,0.7571876597910652,39.47826086956522,316.40099999999995,292.209,316.17759546818,122,4,0.4246372796144511,-0.5040429867548262,0.5040429867548262,0.4246372796144511,1.391304347826087,2.1739130434782608,2.9130434782608696,16.474156337602963,9.506982340696648,2.6357931838203625,-2.537279633544921,2.579378232244773,-2.6508087435832928,5.563273971822728,-0.0281775420495619,2.52113968471513,1.923313006406828,634.937867332767,16.353006672199015,13.696738193534191,13.696738193534191,10.975199522495991,8.433696001623765,8.433696001623765,7.489786899301092,7.489786899301092,6.53803903967983,6.53803903967983,5.40521796984239,5.40521796984239,-1.3000000000000005,198080.90274869837,15.240756281860056,5.097083922872423,1.9646092132153972,136.59495213278356,14.94991774348146,25.738235605486025,11.49902366656781,0.0,0.0,11.775508306310146,0.0,0.0,4.899909730850478,0.0,6.06636706846161,18.050640183084617,36.1588128760332,7.109797541277533,14.94991774348146,0.0,0.0,10.633577208012664,5.917906046161393,49.28592500714504,20.7022259298673,23.25963712031721,0.0,11.49902366656781,15.370440161812713,0.0,11.49902366656781,0.0,49.10292876559293,11.83581209232279,5.917906046161393,30.389367852172025,12.13273413692322,0.0,0.0,0.0,77.89,12.145807216896262,15.946722266843596,0.0,17.08240834884208,24.632995908283885,30.51330263515859,0.0,7.109797541277533,6.06636706846161,18.013948781989278,4.736862953800049,5.321923737087428,0.0,2.372576766817838,21.03259668682288,12.201973182791637,0.9737164588057444,3.5025546422272607,2.1950613084740067,0.9445155423280424,3.705081674645167,0.6666666666666666,23,2,5,2,1,3,0,1,0,1,0,2,4,2,5,1,1,1,1,2,0,0,3.3775397311602515,4,0.9450999999999996,86.02360000000004,0,1,1,0,0,0,0,1,0,0,0,0,0,0,0,2,0,0,0,1,1,0,0,0,0,0,0,0,0,0,0,0,0,0,1,0,1,0,0,0,0,1,0,0,0,0,0,0,0,0,0,0,0,0,0,1,0,0,0,0,0,0,0,0,0,1,1,0,0,1,0,0,0,0,0,0,0,0,0,0,0,0,0,0,0,3.241008323590217,0.17518260973473007,0.40927912126500027,0.4699121489842887,0.7760779395511129,1382.6474121034155,2301.663147077981,0.04255319148936173,0.4246372796144512,-0.5040429867548261,3.254745440841022,0.18851594762751978,0.3902925447895775,0.4548827999451781,0.7781294385460734,1356.8586493168466,2340.6464381332876,0.04255319148936173,0.4246372796144512,-0.5040429867548262,3.2649364175647864,0.1887291408612981,0.3947642431088536,0.45329402597398016,0.777787368104074,1362.4776448361083,2355.4498477862085,0.04255319148936173,0.4246372796144512,-0.5040429867548262
OC12C(=C)CC3(C(CC[N+])c4c(C)cccc4C3CC1)C2,1887.0,High,179.0,,Table4,small_data_set/smiles_review/table4_fixed_review.csv,10.904335317460315,10.904335317460315,0.0984722222222223,-0.6526256613756611,0.8283629702192399,40.23809523809524,281.39900000000006,258.215,281.17741577609,109,3,0.4179051984359204,-0.3855040659760416,0.4179051984359204,0.3855040659760416,1.4285714285714286,2.238095238095238,3.0,16.28494431049384,9.622798263804569,2.635992885448262,-2.4196940993350453,2.714530975806181,-2.3784338294261933,5.507499883338906,0.0053785713704398,2.810261485398255,1.9101269162402483,621.9924104966703,14.828062645816686,12.73092600525388,12.73092600525388,10.01662107137598,8.126368962489732,8.126368962489732,7.455796427539908,7.455796427539908,6.5562600910178,6.5562600910178,5.76194735614305,5.76194735614305,-1.12,88916.67339800078,13.536560222993788,4.206463048430601,1.551712547258979,126.60267856308968,5.106527394840706,0.0,0.0,0.0,6.544756405912575,5.733667477162185,0.0,0.0,0.0,0.0,24.778036888983326,72.12128525827448,6.4208216229260096,5.601050810983688,5.106527394840706,0.0,0.0,5.733667477162185,5.41499046939678,56.46470821762715,6.544756405912575,47.04149589414358,0.0,0.0,5.733667477162185,0.0,0.0,0.0,17.25233461173697,0.0,12.338727669087405,60.63027468204382,30.351141419052592,0.0,0.0,0.0,42.53,5.601050810983688,10.84019487200289,0.0,11.959746875309357,11.835812092322788,37.67721264469931,16.690354475090988,0.0,0.0,31.70177408867395,0.0,0.0,0.0,0.0,10.904335317460315,14.348824404761906,0.9011574074074072,6.623509542705971,4.456678713151928,6.598827947845805,0.0,0.5789473684210527,21,1,2,3,0,3,0,1,0,1,0,2,1,1,2,0,2,2,0,2,1,0,2.711478113375184,4,3.4959200000000026,83.26980000000005,0,1,0,0,0,0,0,0,0,0,0,0,0,0,0,1,0,0,0,0,0,0,0,0,0,0,0,0,0,0,1,0,0,0,1,0,3,0,0,0,0,0,0,0,0,0,0,0,0,0,0,0,0,0,0,0,0,0,0,0,0,0,0,0,0,0,0,0,0,0,0,0,0,0,0,0,0,0,0,0,0,0,0,0,0,3.1416953468618956,0.2144145630844127,0.37571191125590814,0.4227946653045435,0.770896637983441,1071.6995421020324,1949.2073686527085,0.022727272727272724,0.41790519843592056,-0.3855040659760416,3.1425801506404563,0.20761409402761144,0.37109973742434693,0.4308465547481607,0.756024544227512,1096.027071851855,1918.947602420589,0.022727272727272728,0.4179051984359205,-0.3855040659760416,3.1442639946888424,0.20775213234336573,0.3852279661540963,0.42945438427641847,0.7698446905043167,1087.0665006918982,1945.2648321049517,0.022727272727272724,0.41790519843592056,-0.3855040659760416
O=C1C2(C)CC3(C(C[N+])c4c(C)cccc4C3CC2)C1,1696.0,High,203.0,,Table4,small_data_set/smiles_review/table4_fixed_review.csv,12.530783257747542,12.530783257747542,0.0072222222222224,-0.1251313303099015,0.7683607202246154,41.65,267.372,246.20399999999995,267.16176571209,103,3,0.4186235353332404,-0.299074893759274,0.4186235353332404,0.299074893759274,1.4,2.2,2.95,16.140021251058283,9.607435680167631,2.657254613867437,-2.406713001524852,2.707267753644886,-2.34548172304414,5.88677926603645,-0.1247697926726111,2.7851945721245874,1.9365601101599923,607.4358275500683,14.12095586463014,12.27774713784469,12.27774713784469,9.51662107137598,7.753332919378409,7.753332919378409,7.474787241941627,7.474787241941627,6.519207288152194,6.519207288152194,5.622592640680726,5.622592640680726,-1.15,54990.88163202786,12.580123737360514,3.732183997982213,1.2648869494542636,120.29462782872508,0.0,5.783244946364939,0.0,0.0,6.544756405912575,5.733667477162185,4.794537184071822,0.0,0.0,0.0,25.12283840507545,54.20945305911782,11.83581209232279,5.917906046161393,4.794537184071822,5.783244946364939,0.0,5.733667477162185,10.82998093879356,51.36657298340808,6.544756405912575,34.88945568047582,0.0,0.0,5.733667477162185,0.0,0.0,0.0,12.328001352277514,4.794537184071822,17.75371813848418,61.13319025880844,18.19910120538483,0.0,0.0,0.0,39.370000000000005,0.0,10.528204661234009,0.0,23.29264339086753,18.121972615452343,19.26246486877803,16.690354475090988,0.0,0.0,32.04657560476608,0.0,0.0,0.0,12.530783257747542,0.0,13.979332955404386,1.0766288737717309,6.507438114134542,3.7731486205593354,4.466001511715797,0.0,0.6111111111111112,20,0,2,3,0,3,0,1,0,1,0,2,1,0,2,0,1,2,0,2,1,0,2.347566825260655,4,3.3939200000000023,77.67700000000005,0,0,0,0,0,0,0,0,0,0,1,1,0,0,0,1,0,0,0,0,0,0,0,0,0,0,0,0,0,0,1,0,0,0,1,0,3,0,0,0,0,0,0,0,0,0,0,0,0,0,0,1,1,0,0,0,0,0,0,0,0,0,0,0,0,0,0,0,0,0,0,0,0,0,0,0,0,0,0,0,0,0,0,0,0,3.038725207575542,0.28730909003385413,0.3287323213962199,0.35060352575096315,0.8344592119291302,792.1777116508856,1884.8487918015412,0.02439024390243903,0.41862353533324054,-0.29907489375927393,3.0343227242001123,0.2816133788154182,0.3307135105385753,0.3554413360423324,0.8392786345852371,797.2204059758598,1881.8989032174861,0.02439024390243903,0.41862353533324054,-0.29907489375927393,3.033330392165924,0.2838197950087942,0.32539729128948763,0.353708426053494,0.8347205669227016,794.8244077630235,1876.3151448996734,0.02439024390243903,0.41862353533324054,-0.299074893759274
OC12C(C)CC3(C(C[N+])c4c(C)cccc4C3CC1)C2,1650.0,High,69.0,,Table4,small_data_set/smiles_review/table4_fixed_review.csv,10.912035619803476,10.912035619803476,0.1067592592592594,-0.4862424414210125,0.8356244344405805,45.3,269.38800000000003,246.20399999999995,269.17741577609,105,3,0.4186233021370267,-0.3895925448391328,0.4186233021370267,0.3895925448391328,1.4,2.2,2.95,16.285576474613666,9.629710336611584,2.6577226630439577,-2.412358546543511,2.7087691262473443,-2.3950798997355225,5.4892644959319234,-0.0314118762755019,2.7851945721245874,1.914655639918136,568.5366918134969,14.12095586463014,12.394062712070411,12.394062712070411,9.51662107137598,7.943535875551484,7.943535875551484,7.52292125653198,7.52292125653198,6.75698062215145,6.75698062215145,5.875631560245423,5.875631560245423,-0.8600000000000001,54990.88163202786,12.848761441724625,3.863448425654548,1.3208935621394289,120.92733948087732,5.106527394840706,0.0,0.0,0.0,6.544756405912575,5.733667477162185,0.0,0.0,0.0,0.0,25.12283840507545,66.54818072820522,0.0,11.51895685714508,5.106527394840706,0.0,0.0,5.733667477162185,11.332896515558172,56.96762379439177,6.544756405912575,34.88945568047582,0.0,0.0,5.733667477162185,0.0,0.0,0.0,17.25233461173697,0.0,18.2566337152488,61.13319025880844,18.19910120538483,0.0,0.0,0.0,42.53,5.601050810983688,10.84019487200289,0.0,17.877652921470748,11.835812092322788,25.68328649170404,16.690354475090988,0.0,0.0,32.04657560476608,0.0,0.0,0.0,0.0,10.912035619803476,13.859315948601663,1.1216836734693876,6.581960978835979,3.943056027966742,4.581947751322751,0.0,0.6666666666666666,20,1,2,3,0,3,0,1,0,1,0,2,1,1,2,0,1,2,0,2,1,0,2.482026358182093,4,3.1857200000000017,78.67680000000006,0,1,0,0,0,0,0,0,0,0,0,0,0,0,0,1,0,0,0,0,0,0,0,0,0,0,0,0,0,0,1,0,0,0,1,0,3,0,0,0,0,0,0,0,0,0,0,0,0,0,0,0,0,0,0,0,0,0,0,0,0,0,0,0,0,0,0,0,0,0,0,0,0,0,0,0,0,0,0,0,0,0,0,0,0,3.049497531851111,0.27946492682154334,0.3326555627532631,0.35750692189819233,0.8251029365681151,820.3356610613689,1893.1565600846513,0.023255813953488375,0.41862330213702675,-0.38959254483913275,3.0482257527489036,0.2811662962689084,0.32859771285553907,0.35614554016544536,0.822230202445433,818.164696266564,1888.6031123672988,0.023255813953488375,0.41862330213702675,-0.38959254483913275,3.047126203415313,0.28586563697267375,0.3207389173771461,0.3523933639734946,0.8293818961804141,807.6720232446969,1900.3704562193072,0.023255813953488375,0.41862330213702675,-0.38959254483913275
Brc1ccc(S(=O)(=O)OC2C3OCC([N+])C3OC2)cc1,1647.0,High,108.0,,Table4,small_data_set/smiles_review/table4_fixed_review.csv,12.158398998488284,12.158398998488284,0.0719401927437646,-3.8790655706727137,0.7415965232667935,33.3,362.2010000000001,350.10500000000013,360.96140700409,107,3,0.4274682377730996,-0.3653923492309426,0.4274682377730996,0.3653923492309426,1.15,1.8,2.5,79.91873113374028,10.099853795208858,2.5511186525908265,-2.1529594890196107,2.302816053617847,-2.34173194323159,9.102996747355323,0.0333278902249665,2.9457890354943634,1.7562410384840756,590.370174595103,14.328062645816686,10.307683527182467,12.710176647224898,9.471163677742108,6.073626107833525,8.274872667854739,4.705966576087307,7.193745005863769,3.3344315795071657,5.2131666484386185,2.345982663784256,3.681339025599884,-0.5100000000000001,47874.9634048544,14.428222481005047,5.3581776365879445,2.634254063129829,124.9918697478375,9.473725907600098,18.814814740009524,6.103966387748303,0.0,10.118126859033554,11.775508306310146,4.183085432649707,0.0,8.417796984328938,0.0,15.929943897949348,24.26546827384644,4.472719515832414,11.502365440030694,22.074608324578744,26.048070756982906,0.0,5.733667477162185,0.0,29.24922346791065,13.213763929025836,28.73818778967885,0.0,0.0,5.733667477162185,0.0,0.0,15.929943897949348,45.98530090574764,23.77493819928336,0.0,0.0,33.63367126519663,0.0,0.0,0.0,84.13000000000001,34.47186685142643,14.151464461491123,0.0,18.109247404543613,0.0,4.472719515832414,12.13273413692322,12.13273413692322,0.0,15.929943897949348,13.656811340249806,40.941452355748446,3.240426766136768,0.0719401927437646,0.0,9.602810341614454,0.0,5.428449638885244,-1.790612992882339,0.2179326017597125,-3.8790655706727137,0.5,20,0,6,0,2,2,0,1,0,1,0,0,5,0,8,2,3,0,2,2,0,0,3.8654489516718336,3,0.7579,71.60280000000003,0,0,0,0,0,0,0,0,0,0,0,0,0,0,0,1,0,0,0,0,0,0,0,0,0,0,0,0,0,0,0,0,0,0,1,0,1,0,0,0,0,2,0,0,1,0,0,0,0,0,0,0,0,0,0,0,0,0,0,0,0,0,0,0,0,0,0,0,0,0,0,0,0,0,0,0,0,0,0,0,0,0,0,0,0,4.136884542481739,0.6667808350380273,0.18293333847108226,0.12916781121537546,0.9297079046996745,767.7608837101578,5610.099678617256,0.03125,0.4274682377730998,-0.36539234923094266,4.1450101479675485,0.6608793354524372,0.18051071974995783,0.13058201000398093,0.923697673267564,787.3141695076818,5600.584159483665,0.03125,0.4274682377730998,-0.36539234923094266,4.149351818924261,0.6651342670439405,0.1749990192517011,0.12909343610209825,0.9258034178087947,777.2485640942401,5626.54587462073,0.03125,0.4274682377730998,-0.36539234923094266
O=C1C2(CO)CC3(C(C[N+])c4c(C)cccc4C3CC2)C1,1487.0,High,59.0,,Table4,small_data_set/smiles_review/table4_fixed_review.csv,12.602033257747545,12.602033257747545,0.0339491213151925,-0.5279091080876794,0.9054873935873614,40.23809523809524,283.37100000000004,262.2029999999999,283.15668033209,109,3,0.418623535395856,-0.3953347948448133,0.418623535395856,0.3953347948448133,1.4285714285714286,2.238095238095238,2.952380952380953,16.254075514408072,9.604109854426415,2.6697409746675023,-2.4133518698106906,2.707365438374584,-2.3777309172462973,5.89240379984284,-0.1277722570502906,2.882990816221193,1.9092336313460008,625.6443832261368,14.828062645816686,12.432067514531196,12.432067514531196,10.077281243155802,7.923114075988521,7.923114075988521,7.352571039060135,7.352571039060135,6.6152010431424815,6.6152010431424815,5.681165769662355,5.681165769662355,-1.19,99613.09868207463,13.471361674631044,4.173527502628188,1.437388664475072,125.08886158092108,5.106527394840706,5.783244946364939,0.0,0.0,6.544756405912575,5.733667477162185,4.794537184071822,0.0,0.0,0.0,18.19910120538483,54.20945305911782,6.4208216229260096,17.93977848007109,9.901064578912528,5.783244946364939,0.0,5.733667477162185,10.82998093879356,44.44283578371744,13.151638370425491,34.88945568047582,0.0,0.0,5.733667477162185,0.0,0.0,0.0,24.04141071163114,4.794537184071822,17.75371813848418,54.20945305911782,18.19910120538483,0.0,0.0,0.0,59.6,5.41499046939678,15.634732056074714,0.0,30.267779832348605,12.338727669087405,19.26246486877803,16.690354475090988,0.0,0.0,25.12283840507545,0.0,0.0,0.0,12.602033257747545,9.80243433484505,13.22141203703704,0.6420918367346935,6.372001763668431,3.024259731670446,2.1691003716301336,0.0,0.6111111111111112,21,1,3,3,0,3,0,1,0,1,0,2,2,1,3,0,2,2,0,2,1,0,2.6772904022344752,4,2.366320000000001,79.08880000000005,0,1,1,0,0,0,0,0,0,0,1,1,0,0,0,1,0,0,0,0,0,0,0,0,0,0,0,0,0,0,1,0,0,0,1,0,3,0,0,0,0,0,0,0,0,0,0,0,0,0,0,1,1,0,0,0,0,0,0,0,0,0,0,0,0,0,0,0,0,0,0,0,0,0,0,0,0,0,0,0,0,0,0,0,0,3.162501430024299,0.3079664116897416,0.32930353044566624,0.3359502233859474,0.8579480019151345,865.3871274743434,2217.648666936557,0.023809523809523822,0.418623535395856,-0.39533479484481343,3.1543710530752853,0.3032367965353663,0.33190848788532623,0.33975349857667353,0.8611669266480845,867.9159159195325,2207.489167247595,0.023809523809523822,0.418623535395856,-0.39533479484481343,3.1636590580790855,0.3094143234055971,0.3125601836370773,0.33453441632041,0.8544787735326341,864.2604209075457,2214.8543131314054,0.023809523809523822,0.418623535395856,-0.39533479484481343
O=C(NCC[N+])C1(C)C2C(C)(c3c(C([N+])C2)cc(C(C)C)cc3)CCC1,1344.0,High,43.0,,Table4,small_data_set/smiles_review/table4_fixed_review.csv,12.934086322060708,12.934086322060708,0.0110421915679856,-0.5232946218610903,0.8826419331763008,33.5,353.51000000000016,322.26200000000006,353.24561545218,138,6,0.427221673542029,-0.3491768251799492,0.427221673542029,0.3491768251799492,1.3076923076923077,2.0384615384615383,2.6923076923076925,16.150702556383276,9.485623664088113,2.5840772933755347,-2.534467492547405,2.589034527538164,-2.5574382384232326,5.8284653907181285,-0.1387889286471711,2.610968680274564,2.028984855341659,685.9649751282873,19.11251969619285,16.50941778372082,16.50941778372082,12.23605321075789,9.953142502174568,9.953142502174568,8.973469163863584,8.973469163863584,7.022028074421198,7.022028074421198,5.446489845426572,5.446489845426572,-1.3899999999999997,550303.4248667487,19.37375657912297,6.971105898542565,2.9714734379967576,157.64998032046145,5.316788604006331,0.0,0.0,5.907179729351506,6.544756405912575,17.50917578347233,4.794537184071822,0.0,0.0,0.0,46.24850455861173,47.28571585942719,11.984273114623004,11.959746875309357,4.794537184071822,5.907179729351506,0.0,16.784123558330702,11.332896515558172,70.75297263517268,13.08951281182515,34.88945568047582,0.0,0.0,16.784123558330702,0.0,0.0,0.0,18.996692541176657,10.2095276534686,11.332896515558172,82.02833664086688,18.19910120538483,0.0,0.0,0.0,73.7,11.45683129854474,10.528204661234009,0.0,30.32958905673483,12.338727669087405,24.825916360475023,11.126902983393991,0.0,6.923737199690624,44.28710140846303,5.733667477162185,0.0,0.0,12.934086322060708,2.8850987304675977,22.90735597665458,0.5330362805824665,6.021305142401823,3.48962028638616,8.896163928113332,0.0,0.6818181818181818,26,1,4,2,0,2,1,1,0,1,0,0,1,1,4,0,4,1,0,1,0,0,5.19448110637123,3,3.5725000000000025,102.83370000000006,0,0,0,0,0,0,0,0,0,0,1,1,0,0,0,2,1,0,0,0,0,0,0,0,0,0,0,1,0,0,0,0,0,0,1,0,3,0,0,0,0,0,0,0,0,0,0,0,0,0,0,0,0,0,0,0,0,0,0,0,0,0,0,0,0,0,0,0,0,0,0,0,0,0,0,0,0,0,0,0,0,0,0,0,0,4.01907807267305,0.45605668810687394,0.2627510328410418,0.2389493443706166,0.9006731414552983,1257.530742552787,4825.0985088306,0.03508771929824562,0.4272216735420289,-0.3491768251799492,4.024223729539445,0.46378828837744274,0.2550309363858047,0.23399354302922937,0.9007944057303898,1238.2111590991233,4847.0857736393355,0.03508771929824562,0.4272216735420289,-0.3491768251799492,4.052503734882601,0.4802129746616023,0.27017236852237997,0.22620317584553934,0.922841566411656,1203.782100010744,5003.001275119989,0.03508771929824562,0.4272216735420289,-0.3491768251799492
OC12C(=C)CC3(C(C[N+])c4c(C)cccc4C3CC1)C2,1335.0,High,8.0,,Table4,small_data_set/smiles_review/table4_fixed_review.csv,10.81249858276644,10.81249858276644,0.0072222222222224,-0.6806868858654571,0.7805340705630529,41.65,267.372,246.20399999999995,267.16176571209,103,3,0.4186235308098909,-0.3855040311428163,0.4186235308098909,0.3855040311428163,1.45,2.25,3.0,16.284944727708105,9.629763276464423,2.648521969862694,-2.406103163695306,2.7063254379116986,-2.3850119150635813,5.509219606904003,0.0069332106084283,2.7851945721245874,1.9365601101599923,607.4358275500683,14.12095586463014,12.023819224067331,12.023819224067331,9.51662107137598,7.626368962489731,7.626368962489731,7.126088681030171,7.126088681030171,6.321059697384461,6.321059697384461,5.47414403086738,5.47414403086738,-1.12,54990.88163202786,12.607889201193814,3.745679156412777,1.2706220672468211,120.23773644869308,5.106527394840706,0.0,0.0,0.0,6.544756405912575,5.733667477162185,0.0,0.0,0.0,0.0,24.778036888983326,66.20337921211309,0.0,11.51895685714508,5.106527394840706,0.0,0.0,5.733667477162185,5.41499046939678,50.04388659470115,6.544756405912575,47.04149589414358,0.0,0.0,5.733667477162185,0.0,0.0,0.0,17.25233461173697,0.0,12.338727669087405,54.20945305911782,30.351141419052592,0.0,0.0,0.0,42.53,5.601050810983688,10.84019487200289,0.0,17.877652921470748,5.917906046161393,31.256391021773304,16.690354475090988,0.0,0.0,31.70177408867395,0.0,0.0,0.0,0.0,10.81249858276644,14.413508125472411,0.6424537037037032,6.507438114134542,3.4887041761148905,6.468730631141344,0.0,0.5555555555555556,20,1,2,3,0,3,0,1,0,1,0,2,1,1,2,0,1,2,0,2,1,0,2.36125538936367,4,3.1058200000000014,78.65280000000006,0,1,0,0,0,0,0,0,0,0,0,0,0,0,0,1,0,0,0,0,0,0,0,0,0,0,0,0,0,0,1,0,0,0,1,0,3,0,0,0,0,0,0,0,0,0,0,0,0,0,0,0,0,0,0,0,0,0,0,0,0,0,0,0,0,0,0,0,0,0,0,0,0,0,0,0,0,0,0,0,0,0,0,0,0,3.0390030343815626,0.281097432604144,0.35633032794219294,0.35584779917579695,0.8352787596298377,801.8394749720288,1881.9444165161103,0.024390243902439025,0.41862353080989095,-0.3855040311428163,3.0348736863886345,0.2838549991700614,0.34090776053419325,0.35369108012929035,0.8366932373836216,795.1381772393806,1880.5494839594119,0.024390243902439025,0.4186235308098909,-0.3855040311428162,3.0423285896783403,0.28535371557833294,0.33223196657105963,0.3520958510098877,0.8274505032144096,799.3645052860259,1878.5924119364868,0.024390243902439025,0.4186235308098909,-0.38550403114281623
[N+]CC1c2c(C)cccc2C2C31CC(C)(C([N+])C3)CC2,946.0,High,138.0,,Table4,small_data_set/smiles_review/table4_fixed_review.csv,10.580461545729404,10.580461545729404,0.0693131141345428,-0.1979922524565387,0.7487229922508898,45.3,266.388,244.21199999999996,266.17720154418,102,6,0.4222219419679582,-0.0616992138196318,0.4222219419679582,0.0616992138196318,1.35,2.15,2.9,14.80505595373292,9.606756569646794,2.6962289737852183,-2.4051116577178915,2.716993206012025,-2.349531350525265,5.489203076161055,0.109791284416258,2.7851945721245874,1.914655639918136,566.5366918134971,14.12095586463014,12.394062712070411,12.394062712070411,9.516621071375983,7.900777698359042,7.900777698359042,7.688126167072881,7.688126167072881,6.767222872440079,6.767222872440079,5.847486063205143,5.847486063205143,-0.8600000000000001,54990.88163202786,12.848761441724625,3.863448425654548,1.3208935621394289,121.47299642569402,0.0,0.0,0.0,0.0,12.586597235060536,11.46733495432437,0.0,0.0,0.0,0.0,25.122838405075456,54.20945305911782,11.83581209232279,5.917906046161393,0.0,0.0,0.0,11.46733495432437,10.82998093879356,57.408413812556034,6.544756405912575,34.88945568047582,0.0,0.0,11.46733495432437,0.0,0.0,0.0,12.586597235060536,0.0,17.753718138484185,61.13319025880844,18.19910120538483,0.0,0.0,0.0,44.6,0.0,11.46733495432437,0.0,29.33448422001549,5.917906046161393,19.26246486877803,23.111176098017,0.0,0.0,32.04657560476608,0.0,0.0,0.0,0.0,0.0,24.995333049886625,0.7641203703703698,6.3839687263794405,4.227500472411187,4.629077380952381,0.0,0.6666666666666666,20,0,2,3,0,3,0,1,0,1,0,2,0,0,2,0,1,2,0,2,1,0,2.482026358182093,4,3.262120000000002,78.59200000000006,0,0,0,0,0,0,0,0,0,0,0,0,0,0,0,2,0,0,0,0,0,0,0,0,0,0,0,0,0,0,1,0,0,0,1,0,3,0,0,0,0,0,0,0,0,0,0,0,0,0,0,0,0,0,0,0,0,0,0,0,0,0,0,0,0,0,0,0,0,0,0,0,0,0,0,0,0,0,0,0,0,0,0,0,0,3.031928247526726,0.27852343664539525,0.3206887414760339,0.35859230579165463,0.8211787462898498,805.5375081842558,1843.7775716826422,0.04761904761904763,0.4222219419679582,-0.06169921381963182,3.0323328953031146,0.2776026561945631,0.33232354588931035,0.35912641302847975,0.8272071149555674,804.5969353424758,1852.5575872777758,0.04761904761904763,0.4222219419679582,-0.06169921381963182,3.027818899525236,0.27332618073783993,0.33650645297716136,0.36281388943111403,0.820779496940167,811.3411258989343,1835.1364351521584,0.04761904761904762,0.4222219419679582,-0.061699213819631823
O=C(OC12C(=C)CC3(C(C[N+])c4c(C)cccc4C3CC1)C2)C,922.0,High,46.0,,Table4,small_data_set/smiles_review/table4_fixed_review.csv,11.64068937914672,11.64068937914672,0.0337499999999997,-0.5082331821617534,0.617882549636398,37.43478260869565,309.4090000000001,286.225,309.17233039609,119,3,0.4186235379550018,-0.4547038294735884,0.4547038294735884,0.4186235379550018,1.4782608695652173,2.260869565217391,2.9565217391304346,16.554486545495394,9.628817933266546,2.6652001003849946,-2.4219447394300877,2.714641557282134,-2.4130162747766453,5.673636573556234,-0.1564564259942888,2.8710411340078803,1.8489797525666172,709.593266627082,16.405412915006313,13.8931022094951,13.8931022094951,10.933123290812368,8.515134600435546,8.515134600435546,7.682438419762286,7.682438419762286,6.629751240446941,6.629751240446941,5.886663085706648,5.886663085706648,-1.61,212571.88556194343,14.949326786379796,4.699213075460533,1.7715389809578244,137.4484542548409,4.736862953800049,5.601050810983688,0.0,0.0,6.544756405912575,11.702972765114032,4.794537184071822,0.0,0.0,0.0,24.778036888983326,66.20337921211309,6.923737199690624,5.917906046161393,9.53140013787187,5.969305287951849,0.0,5.733667477162185,5.41499046939678,56.96762379439177,6.544756405912575,47.04149589414358,0.0,0.0,5.733667477162185,0.0,0.0,0.0,18.115112504848117,9.53140013787187,12.338727669087405,61.13319025880844,30.351141419052592,0.0,0.0,0.0,48.6,5.601050810983688,10.528204661234009,0.0,23.8469582094226,5.917906046161393,31.256391021773304,23.61409167478161,0.0,0.0,31.70177408867395,4.736862953800049,5.786694302721088,0.0,11.64068937914672,0.0,14.694733612580835,0.3375522801713271,6.48829391324431,3.5092597316704457,8.042776780465273,0.0,0.55,23,0,3,3,0,3,0,1,0,1,0,2,2,0,3,0,2,2,0,2,1,0,3.0543509523429706,4,3.6766200000000016,88.20000000000005,0,0,0,0,0,0,0,0,0,0,1,1,0,0,0,1,0,0,0,0,0,0,0,0,0,0,0,0,0,0,1,0,0,0,1,0,3,0,0,0,1,1,0,0,0,0,0,0,0,0,0,0,0,0,0,0,0,0,0,0,0,0,0,0,0,0,0,0,0,0,0,0,0,0,0,0,0,0,0,0,0,0,0,0,0,3.4258206905289854,0.37806653660035117,0.3517295862444569,0.2859073010880131,0.9016038762368871,946.4593050043042,2994.6170857565335,0.0217391304347826,0.4186235379550018,-0.4547038294735885,3.430406346048905,0.38317187737747654,0.34683282557605294,0.281838627523927,0.9006326605268863,938.4295259816363,3005.4922118354507,0.0217391304347826,0.4186235379550018,-0.45470382947358845,3.4245306628821575,0.3691607394558625,0.35607109255197594,0.29242324659320224,0.8929212076247598,966.5300027936199,2967.4872835612346,0.0217391304347826,0.4186235379550018,-0.45470382947358845
S(=O)(=O)(OC1C2OCC([N+])C2OC1)c1ccc(C)cc1,877.0,High,29.0,,Table4,small_data_set/smiles_review/table4_fixed_review.csv,12.173705120937264,12.173705120937264,0.0947268675988914,-3.85823223733938,0.7494080300653848,33.3,297.332,282.212,297.06654500009,107,3,0.4274682377730996,-0.3653923492309426,0.4274682377730996,0.3653923492309426,1.15,1.8,2.5,32.239978079658044,10.099852033607952,2.551101032080614,-2.153503116773686,2.300978058172417,-2.3417649386134984,7.863784584728647,0.0333280481107316,2.9457890354943634,1.7562410384840756,585.2840082679226,14.328062645816686,10.92971905417324,11.746215635100969,9.471163677742108,6.384643871328911,7.792892161792774,5.06509895504094,6.637201856025713,3.541776755170757,4.891846311063974,2.449655251616053,3.5206788569125638,-0.99,47874.9634048544,13.968746554585984,5.085702971218872,2.470481547308451,117.48926425659272,9.473725907600098,18.814814740009524,6.103966387748303,0.0,10.118126859033554,11.775508306310146,4.183085432649707,0.0,8.417796984328938,0.0,17.696185628620217,19.056471336613843,0.0,11.502365440030694,22.074608324578744,10.118126859033554,0.0,5.733667477162185,0.0,36.17296066760127,13.213763929025836,29.82891976554344,0.0,0.0,5.733667477162185,0.0,0.0,0.0,45.98530090574764,23.77493819928336,6.923737199690624,5.563451491696996,29.16095174936421,0.0,0.0,0.0,84.13000000000001,34.47186685142643,14.151464461491123,0.0,18.10924740454361,0.0,5.563451491696996,12.13273413692322,12.13273413692322,6.923737199690624,0.0,13.656811340249806,40.22185006718737,0.0,0.1019401927437646,0.0,10.5760393308558,0.0,5.69506465265935,-1.7621349836230804,2.108806310849511,-3.85823223733938,0.5384615384615384,20,0,6,0,2,2,0,1,0,1,0,0,5,0,7,2,3,0,2,2,0,0,3.5520447928430654,3,0.3038199999999997,68.63980000000004,0,0,0,0,0,0,0,0,0,0,0,0,0,0,0,1,0,0,0,0,0,0,0,0,0,0,0,0,0,0,1,0,0,0,1,0,1,0,0,0,0,2,0,0,0,0,0,0,0,0,0,0,0,0,0,0,0,0,0,0,0,0,0,0,0,0,0,0,0,0,0,0,0,0,0,0,0,0,0,0,0,0,0,0,0,3.5634017726805913,0.5365092074350076,0.1547327193269359,0.19130440264151063,0.9030625150831985,683.9485348575037,3262.082478065851,0.028571428571428577,0.4274682377730998,-0.36539234923094266,3.578917404228286,0.5502482962761929,0.153841050243302,0.18403722924575913,0.9076706685978592,666.6610406759576,3308.5110927289684,0.028571428571428577,0.4274682377730998,-0.36539234923094266,3.5668761431156484,0.5602642636625549,0.15944659076745876,0.17930058015736133,0.9136700490754811,645.6482350842659,3305.106859746884,0.028571428571428577,0.4274682377730998,-0.36539234923094266
O=C1Oc2c(C)c3oc(C)c(C[N+])c3cc2C(C)=C1,817.0,High,203.0,,Table4,small_data_set/smiles_review/table4_fixed_review.csv,11.48360544217687,11.48360544217687,0.0698317428823378,-0.362861368312757,0.6275636560479284,11.578947368421051,255.273,242.16899999999995,255.08899469609,95,3,0.4236823770726718,-0.4604013237874964,0.4604013237874964,0.4236823770726718,1.0526315789473684,1.736842105263158,2.421052631578948,16.393594956901353,10.021397989984024,2.1972935888423466,-2.0374208196882733,2.3347610914073207,-1.987474514531171,5.994092754913688,0.5500392335415365,2.6712982858938714,2.595628199551761,855.3102455904226,13.731686328639372,11.033765786457348,11.033765786457348,9.024075805453151,6.095102421149022,6.095102421149022,4.798299626550893,4.798299626550893,3.5843283760733065,3.5843283760733065,2.5481022111857445,2.5481022111857445,-2.0699999999999994,26023.787901178097,11.989119300986284,3.963893317618602,1.6017532066955225,109.35505952569616,8.834301874106695,16.926287702158927,0.0,0.0,6.544756405912575,11.359253796240171,0.0,4.794537184071822,0.0,0.0,0.0,32.40103015923047,22.4022669890882,5.563451491696996,8.834301874106695,21.93848871221408,0.0,5.733667477162185,0.0,27.315968004984448,0.0,45.003459534038456,0.0,0.0,11.359253796240171,0.0,0.0,0.0,0.0,6.544756405912575,20.771211599071872,22.450601893965427,25.761573195101736,0.0,21.93848871221408,0.0,65.65,0.0,10.528204661234009,0.0,12.170342724990562,16.926287702158927,27.462802904020577,6.06636706846161,0.0,26.83757866753348,0.0,8.834301874106695,10.972578656462584,0.0,11.48360544217687,1.7518972033257754,12.737491969009826,0.6906538170823885,3.386070483749055,0.0,5.4777024281935,0.0,0.2666666666666666,19,0,4,0,0,0,0,1,2,3,0,0,3,0,4,2,1,0,0,0,0,0,2.501241572700618,3,3.0331600000000014,72.30500000000002,0,0,0,0,0,0,0,0,0,0,0,0,0,0,0,1,0,0,0,0,0,0,0,0,0,0,0,0,0,0,3,0,0,0,1,0,2,0,0,0,0,0,1,0,0,0,0,0,0,0,0,0,0,0,0,0,0,0,0,0,0,0,0,0,0,0,0,0,0,0,0,0,0,0,0,0,0,0,0,0,0,0,0,0,0,3.2578259702646024,0.42027184916636484,0.05024710026079579,0.2594378131173029,0.7588877653867574,696.5185556497231,2037.4031213743683,0.03125,0.4236823770726718,-0.46040132378749643,3.2578258276021863,0.42027174000833645,0.050247060225729084,0.25943790415949286,0.7588875220654225,696.5187916218761,2037.4024434039159,0.03125,0.4236823770726718,-0.46040132378749643,3.2578252476243312,0.4202712349087623,0.05024709245345682,0.2594382428296154,0.7588872253346238,696.5194383863841,2037.4008790077482,0.03125,0.4236823770726718,-0.46040132378749643
[N+]C1C(C)C2C(C)(C)C(C1)C2,761.0,High,65.0,,Table4,small_data_set/smiles_review/table4_fixed_review.csv,9.61074074074074,9.61074074074074,0.0076157407407411,-0.0076157407407411,0.5058474649559183,53.45454545454545,151.25299999999996,134.11699999999996,151.13555096409,61,3,0.4218934124016067,-0.0593592229590011,0.4218934124016067,0.0593592229590011,1.2727272727272727,1.9090909090909087,2.272727272727273,14.736242038686646,9.44671915475478,2.5955671142555747,-2.578741733522208,2.6045358205131226,-2.5651245796011604,5.05423081701223,-0.1094374303735148,1.9326389109396367,2.167197007809905,173.71159065163113,8.223614639131599,7.670828234631557,7.670828234631557,5.031710636090996,4.712559256648532,4.712559256648532,5.022652624316841,5.022652624316841,4.313917400805514,4.313917400805514,3.122768875853552,3.122768875853552,-0.04,284.0979199081266,7.600932428048904,2.0070319396307648,0.8072557362756115,69.35195844735327,0.0,0.0,0.0,0.0,6.041840829147961,5.733667477162185,0.0,0.0,0.0,0.0,20.771211599071872,23.671624184645577,12.338727669087405,0.0,0.0,0.0,0.0,5.733667477162185,23.16870860788096,39.65469567407186,0.0,0.0,0.0,0.0,5.733667477162185,0.0,0.0,0.0,6.041840829147961,0.0,23.16870860788096,33.61285484492389,0.0,0.0,0.0,0.0,22.3,0.0,5.733667477162185,0.0,6.041840829147961,11.332896515558172,18.2566337152488,6.4208216229260096,0.0,0.0,20.771211599071872,0.0,0.0,0.0,0.0,0.0,10.137175925925929,2.129583333333333,-0.0076157407407411,2.412592592592593,6.911597222222222,0.0,1.0,11,0,1,3,0,3,0,0,0,0,0,2,0,0,1,0,0,3,0,3,0,0,1.3868467412790335,3,2.1258,45.08100000000002,0,0,0,0,0,0,0,0,0,0,0,0,0,0,0,1,0,0,0,0,0,0,0,0,0,0,0,0,0,0,0,0,0,0,0,0,2,0,0,0,0,0,0,0,0,0,0,0,0,0,0,0,0,0,0,0,0,0,0,0,0,0,0,0,0,0,0,0,0,0,0,0,0,0,0,0,0,0,0,0,0,0,0,0,0,2.1615975523971174,0.14447969767649846,0.6588883802324442,0.5029595421802473,0.9042480593603874,295.222627338977,531.0031085555628,0.03571428571428571,0.4218934124016067,-0.05935922295900117,2.164230518466833,0.15023008768990528,0.6575417470996157,0.495479305173718,0.9053997981580121,292.32812673829216,534.3760279843382,0.03571428571428571,0.42189341240160677,-0.05935922295900118,2.1620014890435724,0.14663008648009246,0.6583076378575321,0.5002460799933475,0.905169799151939,293.9546109154643,532.1438921924965,0.03571428571428571,0.42189341240160677,-0.05935922295900118
OC12C(=C)CC3(C([N+])c4c(C)cccc4C3CC1)C2,756.0,High,94.0,,Table4,small_data_set/smiles_review/table4_fixed_review.csv,10.914537037037038,10.914537037037038,0.1959027777777777,-0.7287424414210126,0.7093698087794028,43.21052631578947,253.345,234.193,253.14611564809,97,3,0.4279224523426604,-0.3854996570574746,0.4279224523426604,0.3854996570574746,1.4210526315789471,2.210526315789474,3.0,16.28495726879211,9.653559820843531,2.6892944269751125,-2.369997432362984,2.6988246958932094,-2.3788385148582774,5.499563793548317,0.0058868328110918,2.713704575337698,1.9291735137206831,592.9249032101961,13.41384908344359,11.316712442880783,11.316712442880783,8.978616268915196,7.160091795756191,7.160091795756191,6.793465094478414,6.793465094478414,5.914044331483534,5.914044331483534,4.993230273288355,4.993230273288355,-1.12,32282.229628217254,11.685610604659356,3.306500325002578,1.196921063594193,113.87279433429646,5.106527394840706,0.0,0.0,0.0,0.0,11.775508306310146,0.0,0.0,0.0,0.0,24.778036888983326,55.22493725101933,5.563451491696996,11.016041280380469,5.106527394840706,0.0,0.0,5.733667477162185,5.41499046939678,50.16782137768772,0.0,47.04149589414358,0.0,0.0,5.733667477162185,0.0,0.0,0.0,10.707578205824394,0.0,12.338727669087405,54.33338784210439,30.351141419052592,0.0,0.0,0.0,42.53,11.642891640131648,10.84019487200289,0.0,5.41499046939678,12.338727669087405,30.399020890544293,11.126902983393991,0.0,0.0,31.70177408867395,0.0,0.0,0.0,0.0,10.68749858276644,14.52233276643991,0.3860416666666666,5.881640211640211,3.1980409108087686,6.157779195011337,0.0,0.5294117647058824,19,1,2,3,0,3,0,1,0,1,0,2,1,1,2,0,0,2,0,2,1,0,2.033603961166301,4,3.063320000000002,73.78580000000004,0,1,0,0,0,0,0,0,0,0,0,0,0,0,0,1,0,0,0,0,0,0,0,0,0,0,0,0,0,0,1,0,0,0,1,0,3,0,0,0,0,0,0,0,0,0,0,0,0,0,0,0,0,0,0,0,0,0,0,0,0,0,0,0,0,0,0,0,0,0,0,0,0,0,0,0,0,0,0,0,0,0,0,0,0,2.985548069792005,0.3542454392736206,0.32274318978818467,0.30026162513384863,0.8816351590232268,621.2194953885281,1824.5375940277538,0.026315789473684213,0.42792245234266035,-0.3854996570574746,2.980287100303102,0.350346458983825,0.3233689156253385,0.30313507396810946,0.8823315999523704,623.8541942155964,1816.7063200618832,0.026315789473684213,0.4279224523426604,-0.3854996570574745,2.9841194685408663,0.3533918866265241,0.3201723065248946,0.30062480740473274,0.8776837155641046,622.3831300348118,1817.7821392260132,0.026315789473684216,0.4279224523426604,-0.3854996570574746
Brc1ccc(C([N+])C(C)N2CCOCC2)cc1,739.0,High,98.0,,Table4,small_data_set/smiles_review/table4_fixed_review.csv,10.334383975812548,10.334383975812548,0.1250699168556304,-0.443333333333334,0.8576449465997843,21.11764705882353,297.196,280.06,296.05187668409,91,3,0.4290445245454609,-0.3787922455428261,0.4290445245454609,0.3787922455428261,1.2352941176470589,1.8235294117647056,2.411764705882353,79.9187310761,9.998752934087229,2.3442545361162006,-2.3053761503514547,2.220931784968138,-2.4463560954725208,9.102992809937357,0.0144404199254349,2.388404271455187,2.022894294085038,348.9420243946557,12.25071237662706,9.973168694356954,11.559165233471658,8.181540550352056,5.935911759385928,6.728910028943281,4.385333155805881,5.301008684597572,3.2901093713810803,3.818774884419316,2.1229079828679183,2.3872407393870354,-0.42,9133.257934044635,13.022119949627315,5.9565514830138095,3.283754295544428,111.06098396910834,4.736862953800049,0.0,0.0,0.0,0.0,11.775508306310146,4.899909730850478,0.0,0.0,0.0,28.06267803487257,19.056471336613843,23.12568381935456,19.2556047581738,4.736862953800049,15.929943897949348,0.0,10.633577208012664,0.0,19.007418857986544,26.303276740850983,34.30163928137585,0.0,0.0,5.733667477162185,0.0,0.0,15.929943897949348,37.24502730084943,4.736862953800049,0.0,18.52902952053558,28.73818778967885,0.0,0.0,0.0,34.77,6.041840829147961,5.733667477162185,0.0,6.041840829147961,0.0,36.3394477483804,0.0,0.0,24.26546827384644,27.75359082849045,4.736862953800049,6.356250837239293,3.399623569622217,2.2740191562736207,0.0,11.29937641723356,0.0,7.535475718065003,0.0,5.385254301566306,0.0,0.5384615384615384,17,0,3,0,1,1,0,1,0,1,0,0,2,0,4,1,3,0,1,1,0,0,4.562760464584488,2,2.2796000000000003,70.87100000000004,0,0,0,0,0,0,0,0,0,0,0,0,0,0,0,2,0,0,0,0,0,0,0,0,0,0,0,0,0,0,0,0,0,0,1,0,0,0,0,0,0,1,0,0,1,0,0,0,0,0,0,0,0,0,0,0,1,0,0,0,0,0,0,0,0,0,0,0,0,0,0,0,0,0,0,0,0,0,0,0,0,0,0,0,0,3.886477645648625,0.6758527517372181,0.30163272296606064,0.1282084705407509,0.9476462413374129,527.2042401331993,4134.787076025044,0.029411764705882353,0.4290445245454608,-0.3787922455428261,3.8205011991172255,0.6334479557435185,0.327930690288861,0.14831514049033487,0.9319958859481529,584.8074199732889,3932.247349106387,0.029411764705882353,0.4290445245454608,-0.3787922455428261,3.8444720746377916,0.65102282317334,0.31300093542337937,0.14022393305886602,0.9385174001673948,559.2083750628251,4011.821153489878,0.029411764705882353,0.4290445245454608,-0.3787922455428261
[N+]Cc1ccc(C(C)(C)C)cc1,726.0,High,19.0,,Table4,small_data_set/smiles_review/table4_fixed_review.csv,8.831290627362057,8.831290627362057,0.129387755102041,0.129387755102041,0.6037350219455045,11.666666666666666,161.248,146.12799999999996,161.11990090009,63,3,0.4235083742796168,-0.058003967861736,0.4235083742796168,0.058003967861736,1.0833333333333333,1.5833333333333333,1.9166666666666667,14.51617276795302,9.865889789859851,2.126510369786595,-2.179868574231929,2.2138629486532806,-2.1012782650399005,5.26675963068141,0.5897087797255491,2.031264688559135,2.9253054988786795,240.70177697819747,9.19023444431199,7.963721453445009,7.963721453445009,5.537023368100676,4.24114836165603,4.24114836165603,4.105037308067095,4.105037308067095,2.002535362808094,2.002535362808094,1.110154919711024,1.110154919711024,-0.8200000000000001,430.6281139745366,9.269445438282649,3.2769974682229126,2.0811480170921866,74.59600438849273,0.0,0.0,0.0,0.0,6.544756405912575,5.733667477162185,0.0,0.0,0.0,0.0,45.03667987291831,10.978441961093775,5.563451491696996,0.0,0.0,0.0,0.0,5.733667477162185,0.0,32.730958474381225,0.0,35.392371257240434,0.0,0.0,5.733667477162185,0.0,0.0,0.0,0.0,11.959746875309357,0.0,31.898114582465865,24.26546827384644,0.0,0.0,0.0,22.3,0.0,0.0,0.0,11.959746875309357,0.0,5.563451491696996,5.563451491696996,0.0,12.13273413692322,32.903945735995094,5.733667477162185,0.0,0.0,0.0,0.0,11.313935185185189,0.0,8.09550925925926,0.0,6.6738888888888885,0.0,0.4545454545454545,12,0,1,0,0,0,0,1,0,1,0,0,0,0,1,0,1,0,0,0,0,0,2.5313291027568887,1,2.5528000000000004,50.98000000000003,0,0,0,0,0,0,0,0,0,0,0,0,0,0,0,1,0,0,0,0,0,0,0,0,0,0,0,0,0,0,0,0,0,0,1,0,0,0,0,0,0,0,0,0,0,0,0,0,0,0,0,0,0,0,0,0,0,0,0,0,0,0,0,0,0,0,0,0,0,0,0,0,0,0,0,0,0,0,0,0,0,0,0,0,0,2.7327919735057917,0.5332715831209033,0.2754809885551428,0.1928693265946051,0.9387091261248574,217.92111979953222,1060.6380368674018,0.037037037037037035,0.4235083742796168,-0.058003967861736005,2.732791984093114,0.5332716237009586,0.2754809752345783,0.19286930532105942,0.9387091344473086,217.9210987753364,1060.6380609333135,0.037037037037037035,0.4235083742796168,-0.058003967861736005,2.7327917804839768,0.5332715093282921,0.2754810045817004,0.19286935860415136,0.9387089891228149,217.9211359164532,1060.6377844832496,0.037037037037037035,0.4235083742796168,-0.058003967861736005
O=C(OC1C2(C)C(C)CCC3(C(C)C(O)C(C[N+])(C)C1)C2C(=O)CC3)CO,628.0,High,86.0,,Table4,small_data_set/smiles_review/table4_fixed_review.csv,13.095827034517512,13.095827034517512,0.1320200564793825,-0.8454894179894183,0.7270268481288642,49.888888888888886,379.4970000000002,346.2330000000001,379.23532457609,151,3,0.4186386643355678,-0.4600292007361585,0.4600292007361585,0.4186386643355678,1.2962962962962965,1.962962962962963,2.555555555555556,16.55451898117539,9.43565882347974,2.686179871849412,-2.609354025715505,2.673091993523635,-2.6351988654362426,5.853997879800937,-0.2114995594150224,3.002969086045468,2.193158601223082,623.6932243893218,20.19830613381976,16.902884472145427,16.902884472145427,12.563385687713042,10.185305856235791,10.185305856235791,9.824633003234869,9.824633003234869,8.664355882703722,8.664355882703722,6.707838317828114,6.707838317828114,-0.9800000000000002,860155.4501614335,20.7465382481464,6.816164810152832,2.783223188135155,161.38554748617318,14.94991774348146,18.49409329862616,0.0,0.0,6.544756405912575,11.702972765114032,4.794537184071822,4.794537184071822,0.0,0.0,27.694948798762496,42.934089053423605,17.75371813848418,11.51895685714508,24.538992111625102,11.75255023431679,0.0,5.733667477162185,33.99868954667452,72.00698968888915,13.151638370425491,0.0,0.0,0.0,5.733667477162185,0.0,0.0,0.0,47.3251761699203,14.325937321943693,33.99868954667452,59.79905691339255,0.0,0.0,0.0,0.0,106.13,35.61410096675493,25.535796634987243,0.0,41.91753158308448,6.4208216229260096,19.26246486877803,0.0,0.0,20.771211599071872,6.923737199690624,4.736862953800049,5.7058668745275885,0.0,25.11899368543714,20.48480913275804,8.388684767888638,-0.7876828493743182,0.0,1.809844104308389,7.029484284454523,0.0,0.9047619047619048,27,2,6,3,0,3,0,0,0,0,0,2,5,2,6,0,3,3,0,3,0,0,5.237474960722416,3,1.7678999999999996,98.53060000000004,0,2,2,0,0,0,0,0,0,0,2,2,0,0,0,1,0,0,0,0,0,0,0,0,0,0,0,0,0,0,0,0,0,0,0,0,0,0,0,0,1,1,0,0,0,0,0,0,0,0,0,1,1,0,0,0,0,0,0,0,0,0,0,0,0,0,0,0,0,0,0,0,0,0,0,0,0,0,0,0,0,0,0,0,0,3.3470649616925323,0.10398180607591924,0.5302632820425267,0.5739856719128437,0.7731084777789732,2072.349543927751,2801.750656049605,0.016666666666666666,0.41863866433556773,-0.4600292007361586,3.336814141303472,0.10088290382123472,0.5428170605052364,0.5789031195313383,0.7758747112188116,2069.919966068742,2786.8348075737545,0.016666666666666666,0.41863866433556773,-0.4600292007361586,3.359452970623827,0.11009725508550014,0.5173649077406488,0.5637105821177034,0.7724929176313365,2059.8442963924485,2831.050422229404,0.016666666666666666,0.41863866433556773,-0.4600292007361586
[N+]C1c2c(-c3c1cccc3)cccc2,617.0,High,10.0,,Table4,small_data_set/smiles_review/table4_fixed_review.csv,10.03351851851852,10.03351851851852,0.4422222222222227,-0.4422222222222227,0.5930750956647967,13.785714285714286,179.22199999999998,170.14999999999995,179.07295070809,65,3,0.4329479943731663,-0.0616926925571885,0.4329479943731663,0.0616926925571885,0.7142857142857143,1.1428571428571428,1.6428571428571428,14.652806056058694,10.068819284791338,2.360366672397592,-1.959611597215112,2.4167293100241616,-1.9471163037243555,5.777094497109699,0.8660269352305228,2.549278960006048,2.358276060638899,442.59916570517765,9.54360559544051,7.643366018206592,7.643366018206592,6.877010097711744,4.74024969731604,4.74024969731604,3.577037354343322,3.577037354343322,2.800926737308375,2.800926737308375,2.128988575724936,2.128988575724936,-1.5999999999999996,3568.9905440084667,7.771527777777778,2.692427286225872,0.8753848498704466,83.1874989834411,0.0,0.0,0.0,0.0,0.0,11.775508306310146,0.0,0.0,0.0,0.0,48.53093654769288,11.126902983393991,11.126902983393991,0.0,0.0,0.0,0.0,5.733667477162185,0.0,6.041840829147961,0.0,59.65783953108687,0.0,11.126902983393991,5.733667477162185,0.0,0.0,0.0,0.0,0.0,0.0,17.16874381254195,48.53093654769288,0.0,11.126902983393991,0.0,22.3,6.041840829147961,5.733667477162185,0.0,0.0,0.0,22.253805966787983,0.0,0.0,36.39820241076966,12.13273413692322,0.0,0.0,0.0,0.0,0.0,14.402592592592596,0.0,15.597407407407406,0.0,0.0,0.0,0.0769230769230769,14,0,1,1,0,1,0,2,0,2,0,0,0,0,1,0,0,0,0,0,0,0,1.494590960325086,3,2.825100000000001,55.85500000000003,0,0,0,0,0,0,0,0,0,0,0,0,0,0,0,1,0,0,0,0,0,0,0,0,0,0,0,0,0,0,0,0,0,0,2,0,3,0,0,0,0,0,0,0,0,0,0,0,0,0,0,0,0,0,0,0,0,0,0,0,0,0,0,0,0,0,0,0,0,0,0,0,0,0,0,0,0,0,0,0,0,0,0,0,0,2.581504037469428,0.3790858010884522,0.030570914277896422,0.28861877935431274,0.7334283451423449,340.95749780795114,866.429738011495,0.043478260869565216,0.4329479943731663,-0.06169269255718854,2.5815038834766573,0.37908562992533457,0.030570896548979362,0.288618896757423,0.7334283169544225,340.9575807798804,866.4295631149295,0.043478260869565216,0.4329479943731663,-0.06169269255718854,2.581504290992677,0.37908573405263424,0.030570868649250363,0.2886188371278683,0.7334282455555183,340.9576400781126,866.4298084619618,0.043478260869565216,0.4329479943731663,-0.06169269255718854
[N+]Cc1ccc(-c2ccccc2)cc1,617.0,High,1.0,,Table4,small_data_set/smiles_review/table4_fixed_review.csv,8.899052658100278,8.899052658100278,0.1062199231544471,0.1062199231544471,0.6793944571580888,10.071428571428571,181.238,170.14999999999995,181.08860077209,67,3,0.4235083776745756,-0.0622253948936303,0.4235083776745756,0.0622253948936303,0.7142857142857143,1.2857142857142858,1.8571428571428568,14.515707843540357,10.042826449114594,2.001821761702241,-1.9979438521797228,2.1835290309370765,-1.8374140840712287,5.628282616795607,1.0281241564171515,2.303941289095321,2.3429680041070835,389.34055657608894,9.803118619434356,7.85047279939314,7.85047279939314,6.898178147766923,4.651831964178991,4.651831964178991,3.2210627118515345,3.2210627118515345,2.2436323607056283,2.2436323607056283,1.4332079517234486,1.4332079517234486,-1.5999999999999996,2580.4142437867595,8.974738249053242,4.072611969877132,1.8314413265306129,84.19333013697033,0.0,0.0,0.0,0.0,6.544756405912575,5.733667477162185,0.0,0.0,0.0,0.0,54.59730361615449,11.126902983393991,5.563451491696996,0.0,0.0,0.0,0.0,5.733667477162185,0.0,6.544756405912575,0.0,60.160755107851486,0.0,11.126902983393991,5.733667477162185,0.0,0.0,0.0,0.0,6.544756405912575,0.0,5.563451491696996,54.59730361615449,0.0,11.126902983393991,0.0,22.3,0.0,0.0,0.0,6.544756405912575,0.0,5.563451491696996,11.126902983393991,0.0,42.46456947923127,12.13273413692322,5.733667477162185,0.0,0.0,0.0,0.0,12.236525730662636,0.0,18.15725434618292,0.0,0.1062199231544471,0.0,0.0769230769230769,14,0,1,0,0,0,0,2,0,2,0,0,0,0,1,0,2,0,0,0,0,0,2.610759029972026,2,2.922300000000001,57.71600000000003,0,0,0,0,0,0,0,0,0,0,0,0,0,0,0,1,0,0,0,0,0,0,0,0,0,0,0,0,0,0,0,0,0,0,2,0,0,0,0,0,0,0,0,0,0,0,0,0,0,0,0,0,0,0,0,0,0,0,0,0,0,0,0,0,0,0,0,0,0,0,0,0,0,0,0,0,0,0,0,0,0,0,0,0,0,3.1342502281032134,0.6962201518322337,0.12523078119913722,0.1145843858731932,0.9455769294681472,198.04815569879412,1634.3393170535142,0.04,0.42350837767457566,-0.062225394893630374,3.1342488868306897,0.696218393599463,0.12522895201016296,0.11458514892110522,0.9455767835148381,198.04924572471305,1634.337176444506,0.04,0.42350837767457566,-0.062225394893630374,3.1342511343959663,0.6962196294696332,0.1252251221230049,0.1145845922575279,0.9455760539686431,198.04869127262197,1634.3392798138618,0.04,0.42350837767457566,-0.062225394893630374
S(=O)(=O)(OC1C2OCC([N+])C2OC1)c1ccccc1,616.0,High,30.0,,Table4,small_data_set/smiles_review/table4_fixed_review.csv,12.062405045351476,12.062405045351476,0.0944401927437648,-3.84147297808012,0.7287552384774121,34.36842105263158,283.30499999999995,270.201,283.05089493609,101,3,0.4274682377730996,-0.3653923492309426,0.4274682377730996,0.3653923492309426,1.105263157894737,1.7894736842105263,2.526315789473684,32.239977999482115,10.099853816883122,2.551019081903418,-2.1516843276406976,2.2997359530220987,-2.3416889271466914,7.863778343059272,0.033328300742368,2.952433460799831,1.757325929306128,546.4979872183754,13.457819157813608,10.007069323362868,10.823565904290591,9.077316827624754,5.973960268805952,7.382208559269814,4.565098955040939,6.137201856025711,3.2639989773929794,4.614068533286197,2.3318812301839977,3.4239569122562314,-0.99,34035.65293610045,13.014520228641302,4.841221870839234,2.3940245262353503,111.12432214219614,9.473725907600098,18.814814740009524,6.103966387748303,0.0,10.118126859033554,11.775508306310146,4.183085432649707,0.0,8.417796984328938,0.0,18.19910120538483,12.13273413692322,0.0,11.502365440030694,22.074608324578744,10.118126859033554,0.0,5.733667477162185,0.0,29.24922346791064,13.213763929025836,30.33183534230805,0.0,0.0,5.733667477162185,0.0,0.0,0.0,45.98530090574764,23.77493819928336,0.0,0.0,35.227318817825825,0.0,0.0,0.0,84.13000000000001,34.47186685142643,14.151464461491123,0.0,18.10924740454361,0.0,0.0,12.13273413692322,18.19910120538483,0.0,0.0,13.656811340249806,39.92114795918368,0.0,0.0944401927437648,0.0,9.57748607623337,0.0,7.18285928258917,-1.7529474783740673,0.2351536123708748,-3.84147297808012,0.5,19,0,6,0,2,2,0,1,0,1,0,0,5,0,7,2,3,0,2,2,0,0,3.3161147352304154,3,-0.0046000000000003,63.90280000000004,0,0,0,0,0,0,0,0,0,0,0,0,0,0,0,1,0,0,0,0,0,0,0,0,0,0,0,0,0,0,0,0,0,0,1,0,1,0,0,0,0,2,0,0,0,0,0,0,0,0,0,0,0,0,0,0,0,0,0,0,0,0,0,0,0,0,0,0,0,0,0,0,0,0,0,0,0,0,0,0,0,0,0,0,0,3.349407379429129,0.52723984588789,0.18378372728361125,0.19627003707690938,0.913296555603767,588.5347533133462,2755.2673594398843,0.031249999999999993,0.4274682377730997,-0.36539234923094266,3.330300508523172,0.527696658085787,0.19747277688605575,0.19693287374826332,0.9220089012081407,580.86588467223,2738.0115187935303,0.031249999999999993,0.4274682377730998,-0.36539234923094266,3.3362339220875006,0.524492347890654,0.19015043991504893,0.1985589122337562,0.9088841174809228,588.5887806092679,2724.9336465817746,0.031249999999999993,0.4274682377730998,-0.36539234923094266
[N+]C(C(C)N1CCOCC1)c1ccccc1,613.0,High,66.0,,Table4,small_data_set/smiles_review/table4_fixed_review.csv,10.258798185941044,10.258798185941044,0.1447222222222219,-0.4173148148148153,0.7706006957475974,21.625,218.3,200.15599999999995,218.14136461609,85,3,0.4290445126834681,-0.3787922455428261,0.4290445126834681,0.3787922455428261,1.1875,1.8125,2.4375,16.477514221226887,9.998959877949924,2.342668662026433,-2.305154533543786,2.198955360924524,-2.446312878534016,5.19277625805845,0.0144412381107871,2.389251635107567,2.004206839745683,308.96844961661145,11.380468888623982,9.672554490537353,9.672554490537353,7.787693700234704,5.836245920358356,5.836245920358356,4.244465534759515,4.244465534759515,3.219676769266892,3.219676769266892,2.1131665771259707,2.1131665771259707,-0.9,6460.536421330862,11.581462906523669,5.434965521888546,2.6115807246633347,97.19343636346696,4.736862953800049,0.0,0.0,0.0,0.0,11.775508306310146,4.899909730850478,0.0,0.0,0.0,30.33183534230805,6.923737199690624,18.652964303522147,19.2556047581738,4.736862953800049,0.0,0.0,10.633577208012664,0.0,19.007418857986544,26.303276740850983,35.89528683400505,0.0,0.0,5.733667477162185,0.0,0.0,0.0,37.24502730084943,4.736862953800049,0.0,18.52902952053558,30.33183534230805,0.0,0.0,0.0,34.77,6.041840829147961,5.733667477162185,0.0,6.041840829147961,0.0,31.86672823254798,0.0,0.0,30.33183534230805,11.823646930541102,4.736862953800049,5.312019557823129,0.0,2.278935185185185,0.0,11.246290627362056,0.0,9.568700554295791,0.0,5.427387408667171,0.0,0.5384615384615384,16,0,3,0,1,1,0,1,0,1,0,0,2,0,3,1,3,0,1,1,0,0,3.9340532243742015,2,1.5170999999999997,63.17100000000005,0,0,0,0,0,0,0,0,0,0,0,0,0,0,0,2,0,0,0,0,0,0,0,0,0,0,0,0,0,0,0,0,0,0,1,0,0,0,0,0,0,1,0,0,0,0,0,0,0,0,0,0,0,0,0,0,1,0,0,0,0,0,0,0,0,0,0,0,0,0,0,0,0,0,0,0,0,0,0,0,0,0,0,0,0,3.1013665703208515,0.45627139159152325,0.31576327041631364,0.24777426120788734,0.9100663203075382,463.1658800478415,1791.7231225267021,0.029411764705882353,0.4290445126834682,-0.3787922455428261,3.1420371561834277,0.49462174206441867,0.3013005899859573,0.22409758395468055,0.9340387224667955,431.06058284457663,1883.1662167992533,0.029411764705882353,0.4290445126834682,-0.3787922455428261,3.1154648864985592,0.46381722894015437,0.303486438589775,0.24257868079386752,0.9146546904625988,458.03430938985497,1816.102475504492,0.029411764705882353,0.4290445126834682,-0.3787922455428261
O(Cc1ccccc1)C1C2OCC([N+])C2OC1,552.0,High,12.0,,Table4,small_data_set/smiles_review/table4_fixed_review.csv,9.59683131432861,9.59683131432861,0.0718924792139079,-0.5089580708826744,0.7758122972615252,36.05882352941177,233.26699999999997,218.147,233.10464476009,89,3,0.4274682287894705,-0.3683123723459427,0.4274682287894705,0.3683123723459427,1.1176470588235294,1.8823529411764703,2.7058823529411766,16.614283821333697,10.093440583933962,2.539308789650314,-2.154784478822924,2.2838791541996994,-2.328150593209225,5.131803372422114,-0.0389957154924813,2.9214851234225407,1.5666151112738174,370.1871411604736,11.664925939000156,9.489431233157823,9.489431233157823,8.34333659290053,5.912064648762107,5.912064648762107,4.498300028976492,4.498300028976492,3.288742634904584,3.288742634904584,2.3643661179510005,2.3643661179510005,-0.9400000000000002,17201.70440671192,11.167603668833674,4.740601830944918,2.214226471264656,100.6548619987481,14.210588861400147,18.814814740009524,6.103966387748303,0.0,0.0,11.775508306310146,0.0,0.0,0.0,0.0,30.33183534230805,5.563451491696996,0.0,13.213763929025836,14.210588861400147,0.0,0.0,5.733667477162185,0.0,30.96062195690579,13.213763929025836,35.89528683400505,0.0,0.0,5.733667477162185,0.0,0.0,0.0,37.56750392141871,20.817470825913063,0.0,5.563451491696996,30.33183534230805,0.0,0.0,0.0,49.99000000000001,6.041840829147961,5.733667477162185,0.0,18.31189916324491,19.820645893538757,5.563451491696996,0.0,0.0,30.33183534230805,0.0,14.210588861400147,16.770504535147392,0.0,0.0,0.0,10.730623358924223,0.0,9.499846244040418,-0.4010724783740664,1.4000983402620308,0.0,0.5384615384615384,17,0,4,0,2,2,0,1,0,1,0,0,3,0,4,2,3,0,2,2,0,0,3.114186023514124,3,0.8066999999999998,60.42100000000004,0,0,0,0,0,0,0,0,0,0,0,0,0,0,0,1,0,0,0,0,0,0,0,0,0,0,0,0,0,0,0,0,0,0,1,0,1,0,0,0,0,3,0,0,0,0,0,0,0,0,0,0,0,0,0,0,0,0,0,0,0,0,0,0,0,0,0,0,0,0,0,0,0,0,0,0,0,0,0,0,0,0,0,0,0,3.376703715163383,0.5999327849408631,0.21491437289799104,0.16106452360760126,0.9420613299398499,399.5587874365017,2391.342055435395,0.031250000000000014,0.42746822878947044,-0.3683123723459426,3.3644887628031572,0.5953607448879416,0.22276364971153947,0.1636053045731383,0.95008788650938,401.2305329954799,2381.8075215520844,0.031250000000000014,0.42746822878947044,-0.3683123723459426,3.3666957604711842,0.598757812556448,0.21641792288582898,0.16258281132143068,0.9424883160055125,397.05220595652884,2379.793541041082,0.031250000000000014,0.42746822878947044,-0.3683123723459426
O=C1C2(CO)CC3(C([N+])c4c(C)cccc4C3CC2)C1,542.0,High,26.0,,Table4,small_data_set/smiles_review/table4_fixed_review.csv,12.456625094482236,12.456625094482236,0.067112386621315,-0.575964663643235,0.85021488332677,41.65,269.344,250.19199999999995,269.14103026809,103,3,0.4279230610857096,-0.3953347593347172,0.4279230610857096,0.3953347593347172,1.45,2.25,3.0,16.254077337324933,9.62282011584481,2.7076934103574537,-2.37900713996998,2.6999956680097545,-2.3722482678945287,5.891635397726928,-0.1277716493742672,2.8184881413433094,1.8967560153645893,611.0076092747743,14.12095586463014,11.724960733344648,11.724960733344648,9.539276440695016,7.456836909254981,7.456836909254981,7.019947452508378,7.019947452508378,6.208185677241552,6.208185677241552,5.200252012083329,5.200252012083329,-1.19,58669.64915020233,12.543112090348872,3.7142207460338215,1.21486800486472,118.72391946652448,5.106527394840706,5.783244946364939,0.0,0.0,0.0,11.775508306310146,4.794537184071822,0.0,0.0,0.0,18.19910120538483,43.23101109802404,11.984273114623004,17.436862903306476,9.901064578912528,5.783244946364939,0.0,5.733667477162185,10.82998093879356,44.56677056670402,6.606881964512918,34.88945568047582,0.0,0.0,5.733667477162185,0.0,0.0,0.0,17.496654305718565,4.794537184071822,17.75371813848418,54.33338784210439,18.19910120538483,0.0,0.0,0.0,59.6,11.45683129854474,15.634732056074714,0.0,23.72302342643603,12.84164324585202,23.96854622924601,5.563451491696996,0.0,19.056471336613843,6.06636706846161,0.0,0.0,0.0,12.456625094482236,9.710597600151171,13.393551114890403,0.4356797996976569,5.636574231544469,2.7335964663643235,1.966709026203074,0.0,0.5882352941176471,20,1,3,3,0,3,0,1,0,1,0,2,2,1,3,0,1,2,0,2,1,0,2.3293943572900715,4,2.3238200000000004,74.22180000000004,0,1,1,0,0,0,0,0,0,0,1,1,0,0,0,1,0,0,0,0,0,0,0,0,0,0,0,0,0,0,1,0,0,0,1,0,3,0,0,0,0,0,0,0,0,0,0,0,0,0,0,1,1,0,0,0,0,0,0,0,0,0,0,0,0,0,0,0,0,0,0,0,0,0,0,0,0,0,0,0,0,0,0,0,0,3.1182350521368445,0.3760829640271253,0.2868976422671421,0.2858923066828396,0.8967898663751601,685.4424373262605,2152.1626340077523,0.025641025641025644,0.42792306108570954,-0.39533475933471723,3.1200192128375246,0.37929187517666074,0.2877137298141481,0.28414938108040855,0.8981926083208959,681.5918688670102,2158.4089305841185,0.025641025641025647,0.42792306108570943,-0.3953347593347173,3.1218075467802127,0.3822925146387601,0.2920416893470317,0.2823887137744824,0.8993329469072163,677.920653456271,2164.524587641272,0.025641025641025647,0.42792306108570943,-0.3953347593347173
O=C1C2(C)CC3(C([N+])c4c(C)cccc4C3CC2)C1,515.0,High,50.0,,Table4,small_data_set/smiles_review/table4_fixed_review.csv,12.385375094482235,12.385375094482235,0.1731868858654572,-0.444652777777778,0.6985073877162525,43.21052631578947,253.345,234.193,253.14611564809,97,3,0.4279230447086269,-0.2990704302134865,0.4279230447086269,0.2990704302134865,1.368421052631579,2.1578947368421053,2.9473684210526314,16.14003096137756,9.62680700674753,2.6970979794929804,-2.36961907535086,2.6998915234774423,-2.336059241330776,5.885993048908228,-0.1247719265923972,2.713704575337698,1.9291735137206831,592.9249032101961,13.41384908344359,11.570640356658142,11.570640356658142,8.978616268915196,7.2870557526448705,7.2870557526448705,7.1421636553898695,7.1421636553898695,6.112191922251264,6.112191922251264,5.141678883101701,5.141678883101701,-1.15,32282.229628217254,11.658049962907372,3.2936702594297884,1.1912597209721334,113.92968571432849,0.0,5.783244946364939,0.0,0.0,0.0,11.775508306310146,4.794537184071822,0.0,0.0,0.0,25.12283840507545,43.23101109802404,17.399263584019785,5.41499046939678,4.794537184071822,5.783244946364939,0.0,5.733667477162185,10.82998093879356,51.49050776639464,0.0,34.88945568047582,0.0,0.0,5.733667477162185,0.0,0.0,0.0,5.783244946364939,4.794537184071822,17.75371813848418,61.25712504179501,18.19910120538483,0.0,0.0,0.0,39.370000000000005,6.041840829147961,10.528204661234009,0.0,10.82998093879356,18.121972615452343,24.825916360475023,11.126902983393991,0.0,0.0,32.04657560476608,0.0,0.0,0.0,12.385375094482235,0.0,14.147787226001512,0.7605872071050646,5.881640211640211,3.4824853552532127,4.175458238851096,0.0,0.5882352941176471,19,0,2,3,0,3,0,1,0,1,0,2,1,0,2,0,0,2,0,2,1,0,2.020935391882871,4,3.351420000000002,72.81000000000004,0,0,0,0,0,0,0,0,0,0,1,1,0,0,0,1,0,0,0,0,0,0,0,0,0,0,0,0,0,0,1,0,0,0,1,0,3,0,0,0,0,0,0,0,0,0,0,0,0,0,0,1,1,0,0,0,0,0,0,0,0,0,0,0,0,0,0,0,0,0,0,0,0,0,0,0,0,0,0,0,0,0,0,0,0,2.9893652538960045,0.35854727129979685,0.30058030687923726,0.2964103979607923,0.866751856290941,620.1002457941462,1814.3604997759496,0.02631578947368421,0.4279230447086269,-0.2990704302134865,2.9883766907592433,0.35842471826194583,0.29019081315182904,0.2966205766653402,0.8697026478677926,619.2982971074572,1816.5172738788249,0.026315789473684202,0.427923044708627,-0.2990704302134865,2.9880436319187775,0.35876732701441894,0.28654247626091855,0.29637550997300205,0.8694981519643938,618.8205752741868,1816.0273880566326,0.026315789473684202,0.427923044708627,-0.2990704302134865
O=C1C2(C)C([N+])C=CC3(O1)C2C(C[N+])C12C3CCC(O)(C(=C)C1)C2,504.0,High,39.0,,Table4,small_data_set/smiles_review/table4_fixed_review.csv,12.691978891093475,12.691978891093475,0.0566666666666664,-1.0314725056689338,0.57737065454661,60.16666666666666,326.3960000000001,304.2200000000001,326.16194540418,124,6,0.4278471704826382,-0.4535163574121544,0.4535163574121544,0.4278471704826382,1.5,2.25,2.958333333333333,16.56607648208126,9.60244532904158,2.8433230535485614,-2.4375343885503145,2.766779131542048,-2.5019672649406344,5.833064425555476,-0.1575138718022676,2.947332536870623,1.7498906540301098,704.7254695844132,17.120955864630137,13.864879669684644,13.864879669684644,11.24445379472622,8.868948755860833,8.868948755860833,8.909572814044417,8.909572814044417,8.239785926054816,8.239785926054816,7.240386005880278,7.240386005880278,-1.17,364104.6196073861,15.113743157765468,3.972453543996484,1.2536882073833475,141.64892973072594,9.843390348640757,11.016041280380469,0.0,0.0,6.544756405912575,23.47848107142418,4.794537184071822,0.0,0.0,0.0,6.578935683598497,55.74715890452848,17.75371813848418,5.601050810983688,14.637927532712576,5.969305287951849,0.0,11.46733495432437,28.583699077277743,49.85096614251,6.544756405912575,24.304080427335528,0.0,0.0,11.46733495432437,0.0,0.0,0.0,34.86453153982047,9.53140013787187,28.583699077277743,32.60702369139466,24.304080427335528,0.0,0.0,0.0,91.13,22.658932920512115,21.368399533236897,0.0,35.682770301745386,19.26246486877803,11.993926152995275,0.0,12.999757306524504,6.076020106833881,6.578935683598497,4.736862953800049,5.977216080876795,0.0,12.691978891093475,10.958635046611237,18.72709904100529,-0.7615428949357532,-0.9030404383975814,6.170178335222979,5.8061426051902245,0.0,0.7368421052631579,24,1,5,4,1,5,0,0,0,0,0,4,3,1,5,1,1,3,1,4,1,0,2.501610107088252,5,1.0875999999999997,84.45380000000003,0,1,0,0,0,0,0,0,0,0,1,1,0,0,0,2,0,0,0,0,0,0,0,0,0,0,0,0,0,0,0,0,0,0,0,0,1,0,0,0,1,1,0,0,0,0,0,0,0,0,0,0,0,0,0,0,0,0,0,0,0,0,0,0,0,0,0,0,0,0,0,0,0,0,0,0,0,0,0,0,0,0,0,0,0,3.1982764129226866,0.30600809822720415,0.4058473251823661,0.33936617837743555,0.914636801847259,1004.5878877505842,2709.38373696149,0.043478260869565216,0.42784717048263815,-0.4535163574121543,3.1940501092879603,0.30286671582976143,0.4224273421289653,0.3417261473302168,0.9122466209843132,1008.85196693092,2695.113810249501,0.043478260869565216,0.42784717048263815,-0.4535163574121543,3.2000743426787697,0.30829549825446867,0.4030650079977377,0.33681011113126824,0.9076401310006929,1002.3938749483713,2703.242568530152,0.043478260869565216,0.42784717048263815,-0.4535163574121543
O=C(OC)C1(C)C2C(C)(c3c(C([N+])C2)cc(C(C)C)cc3)CCC1,477.0,High,75.0,,Table4,small_data_set/smiles_review/table4_fixed_review.csv,12.543947433171818,12.543947433171818,0.0781122448979594,-0.5167267809901734,0.7475893177323516,35.291666666666664,327.46800000000013,298.23600000000005,327.21928058809,129,3,0.4272216842025176,-0.4685870937360512,0.4685870937360512,0.4272216842025176,1.2916666666666667,2.0,2.625,16.525175551508426,9.488163059557086,2.589812484339024,-2.5285505407340585,2.5913526537005755,-2.5304255939436557,5.771644210230582,-0.161212032777371,2.557101582484868,2.117067305234614,653.2388717938884,17.69830613381976,15.556238916311631,15.556238916311631,11.23605321075789,9.14573378126025,9.14573378126025,8.485543149382233,8.485543149382233,6.757662240265012,6.757662240265012,5.280839204480097,5.280839204480097,-1.35,208171.0827285106,17.47230332155244,5.872345904978777,2.399090009169488,145.50883055495098,4.736862953800049,0.0,0.0,0.0,0.0,17.744813594261995,4.794537184071822,0.0,0.0,0.0,39.32476735892111,54.209453059117806,11.984273114623004,12.524788010674314,9.53140013787187,5.969305287951849,0.0,5.733667477162185,11.332896515558172,70.75297263517268,7.109797541277533,34.88945568047582,0.0,0.0,5.733667477162185,0.0,0.0,0.0,13.079102829229384,14.94639060726865,11.332896515558172,82.02833664086688,18.19910120538483,0.0,0.0,0.0,48.6,11.45683129854474,10.528204661234009,0.0,17.302201803510023,12.338727669087405,24.825916360475023,18.236700524671523,0.0,6.923737199690624,38.970312804456704,4.736862953800049,5.139920047117919,0.0,12.543947433171818,0.0,13.817109486541533,0.4224037047925481,6.061667139077853,3.549377939447384,8.658387548264892,1.4738533682527188,0.6666666666666666,24,0,3,2,0,2,0,1,0,1,0,0,2,0,3,0,2,1,0,1,0,0,4.275142035869399,3,4.560600000000004,94.83900000000008,0,0,0,0,0,0,0,0,0,0,1,1,0,0,0,1,0,0,0,0,0,0,0,0,0,0,0,0,0,0,0,0,0,0,1,0,3,0,0,0,1,1,0,0,0,0,0,0,0,0,0,0,0,0,0,1,0,0,0,0,0,0,0,0,0,0,0,0,0,0,0,0,0,0,0,0,0,0,0,0,0,0,0,0,0,3.7177836933739417,0.45816610458726414,0.28830937763233383,0.23495674976204098,0.9183831576116861,986.3406620592356,3861.1442663693174,0.018867924528301886,0.4272216842025177,-0.46858709373605123,3.7289900069184063,0.4680704760558382,0.28273788333098054,0.22893251858507457,0.9182632035739827,969.5660678442903,3895.1975232062146,0.018867924528301886,0.42722168420251766,-0.46858709373605123,3.7192939259394895,0.4575783517820273,0.289407552669248,0.23542615797268635,0.9176836925944435,987.9167655106953,3862.6455598737134,0.018867924528301886,0.42722168420251766,-0.46858709373605123
O(C)c1cc2c(C3SC(=O)N4C3CC(C(C=C)C[N+])CC4)ccnc2cc1,458.0,High,58.0,,Table4,small_data_set/smiles_review/table4_fixed_review.csv,12.646083002645504,12.646083002645504,0.0574669312169309,0.0574669312169309,0.7315088073943615,26.074074074074076,381.50100000000015,358.3170000000001,381.15054939609007,139,3,0.4185837075182836,-0.4967429476384734,0.4967429476384734,0.4185837075182836,1.4814814814814814,2.333333333333333,3.074074074074074,32.16673007266943,9.792067083928876,2.462683142860385,-2.374279998547053,2.498259197926912,-2.4315589778839963,8.136721955890977,0.135476261431177,3.037316916513674,1.717831250434779,871.6255841570883,18.965890847321376,15.375422255720464,16.19191883664819,13.155728303040547,9.29234882013799,10.172001631392884,7.214947902911125,8.307758803179786,5.905160791336378,7.163337792744125,4.391920926049074,5.718845999225164,-2.05,2239948.3303228384,18.319683276743227,7.522515396691219,3.210673858741055,163.5086573878272,9.636772684650529,5.749511833283905,0.0,0.0,11.78396811908486,5.733667477162185,9.77851570501903,0.0,0.0,6.578935683598497,17.837905056224997,48.58846905755685,30.0875710672998,17.876436288875972,9.53140013787187,27.90402159464445,0.0,15.617555728959871,11.835812092322788,24.13342210498216,20.199310353102685,48.68071912758889,0.0,5.749511833283905,10.470530430962237,4.794537184071822,5.749511833283905,11.761884949391115,41.36425114722062,0.0,11.835812092322788,23.65503276753119,43.11726763589189,0.0,10.902924932081056,0.0,64.73,0.0,10.528204661234009,0.0,28.99365302437639,5.917906046161393,41.60228790882655,11.761884949391115,7.109797541277533,41.43824168314387,11.562914204545706,4.736862953800049,5.394518128443092,1.4113451908541192,19.12756727651524,1.2417375283446717,11.711542626904697,1.226499971238878,8.028138295620257,5.468735335948991,4.73432561580209,1.655590030327966,0.4285714285714285,27,0,5,0,2,2,1,1,1,2,0,0,4,0,6,3,5,0,2,2,0,0,5.104077759696576,4,4.102800000000004,107.92900000000004,0,0,0,0,0,1,0,0,0,0,1,1,0,0,0,3,0,0,0,0,0,0,0,0,0,0,0,1,0,0,0,0,0,0,1,0,2,0,0,0,0,1,0,0,0,0,0,0,0,0,0,0,0,0,0,1,0,0,0,0,0,0,0,0,0,0,0,0,0,1,0,0,0,1,0,1,0,0,0,0,0,0,0,0,0,3.8767592122667613,0.19119728146440237,0.3353647805764642,0.4609084492489873,0.7806413068649578,2335.7852715494428,4007.9818585285857,0.020000000000000007,0.4185837075182837,-0.4967429476384735,3.911509561804037,0.21146990365997903,0.3353705472501537,0.4397824997381793,0.8014397904586371,2257.5005621494497,4202.867841352721,0.020000000000000007,0.4185837075182837,-0.4967429476384735,3.9513592313552963,0.22495648849304636,0.32503828242549926,0.42464047209583505,0.8248686252094164,2218.6255409769205,4393.357021511559,0.020000000000000007,0.4185837075182837,-0.4967429476384735
[N+]C(c1ccccc1)c1ccccc1,415.0,High,20.0,,Table4,small_data_set/smiles_review/table4_fixed_review.csv,9.991851851851852,9.991851851851852,0.5162962962962969,-0.5162962962962969,0.6794576398717652,10.428571428571429,181.238,170.14999999999995,181.08860077209,67,3,0.4328958963652782,-0.0622402351212891,0.4328958963652782,0.0622402351212891,0.6428571428571429,1.0,1.3571428571428572,14.62482518482691,9.99983350853184,2.233183732952635,-1.981490479767274,2.1924799210701047,-2.000680105444107,5.29948639110588,0.8392502832863152,2.303941289095321,2.2962461305928525,340.99502151011234,9.803118619434356,7.798066556585844,7.798066556585844,6.877010097711745,4.656916363982707,4.656916363982707,3.223903662090487,3.223903662090487,2.2306207131570024,2.2306207131570024,1.4631106102222198,1.4631106102222198,-1.5999999999999996,2580.4142437867595,8.974738249053242,4.072611969877132,1.8314413265306129,84.19333013697033,0.0,0.0,0.0,0.0,0.0,11.775508306310146,0.0,0.0,0.0,0.0,60.6636706846161,0.0,11.126902983393991,0.0,0.0,0.0,0.0,5.733667477162185,0.0,6.041840829147961,0.0,71.7905736680101,0.0,0.0,5.733667477162185,0.0,0.0,0.0,0.0,0.0,0.0,17.16874381254195,60.6636706846161,0.0,0.0,0.0,22.3,6.041840829147961,5.733667477162185,0.0,0.0,0.0,11.126902983393991,0.0,0.0,60.6636706846161,0.0,0.0,0.0,0.0,0.0,0.0,11.850555555555555,0.0,18.81611111111111,0.0,0.0,0.0,0.0769230769230769,14,0,1,0,0,0,0,2,0,2,0,0,0,0,1,0,2,0,0,0,0,0,2.610759029972026,2,2.8447000000000005,56.86100000000003,0,0,0,0,0,0,0,0,0,0,0,0,0,0,0,1,0,0,0,0,0,0,0,0,0,0,0,0,0,0,0,0,0,0,2,0,0,0,0,0,0,0,0,0,0,0,0,0,0,0,0,0,0,0,0,0,0,0,0,0,0,0,0,0,0,0,0,0,0,0,0,0,0,0,0,0,0,0,0,0,0,0,0,0,0,2.7960196404023248,0.3875674120683274,0.33761786710328584,0.2837398231621314,0.968653902419034,356.9732531250889,1218.6640946133712,0.04000000000000001,0.4328958963652782,-0.06224023512128912,2.796020756089053,0.3875690664141455,0.3376189703776841,0.2837388506065764,0.9686553350721271,356.9722415152692,1218.666620658545,0.04000000000000001,0.4328958963652782,-0.06224023512128912,2.7960172846491727,0.3875655872276587,0.3376194381251143,0.2837414494468558,0.9686570072840984,356.9739477942997,1218.6633875003167,0.04000000000000001,0.4328958963652782,-0.06224023512128912
O(C)c1ccc(C([N+])C(C)N2CCOCC2)cc1,399.0,High,30.0,,Table4,small_data_set/smiles_review/table4_fixed_review.csv,10.381577853363568,10.381577853363568,0.0993471277399842,-0.4777721088435378,0.8112700625414279,20.38888888888889,248.32599999999996,228.16599999999997,248.15192930009,97,3,0.4290445543653007,-0.4967681514378343,0.4967681514378343,0.4290445543653007,1.2222222222222223,1.8333333333333333,2.388888888888889,16.477975066316795,9.995935072483556,2.345141592876294,-2.3054657048422245,2.225528091148602,-2.4463526741267,5.290760840263924,0.0144389960006684,2.4650842550136,2.013831544611421,360.5616703122072,12.957819157813608,11.00345251181159,11.00345251181159,8.71954535281284,6.35930195857711,6.35930195857711,4.606941671197337,4.606941671197337,3.535906237594808,3.535906237594808,2.2640380492649785,2.2640380492649785,-1.1,16092.070016728778,13.334443369432917,6.179792020447821,3.015080487217352,108.67192370737044,9.473725907600098,5.749511833283905,0.0,0.0,0.0,11.775508306310146,4.899909730850478,0.0,0.0,0.0,0.0,31.189205473537065,18.652964303522147,26.365402299451333,9.473725907600098,0.0,0.0,10.633577208012664,0.0,19.007418857986544,33.41307428212852,29.82891976554344,0.0,5.749511833283905,10.470530430962237,0.0,5.749511833283905,0.0,44.35482484212696,4.736862953800049,0.0,18.52902952053558,24.26546827384644,0.0,0.0,0.0,44.0,6.041840829147961,5.733667477162185,0.0,6.041840829147961,0.0,37.61624006583189,0.0,7.109797541277533,24.26546827384644,11.823646930541102,9.473725907600098,10.442909737969265,0.0,2.2623004062736207,0.0,11.307311035525322,0.8101625619383559,7.214897486772486,0.0,5.321752570237869,1.6406662012830844,0.5714285714285714,18,0,4,0,1,1,0,1,0,1,0,0,3,0,4,1,4,0,1,1,0,0,4.578004818418605,2,1.5257,69.72300000000004,0,0,0,0,0,0,0,0,0,0,0,0,0,0,0,2,0,0,0,0,0,0,0,0,0,0,0,0,0,0,0,0,0,0,1,0,0,0,0,0,0,2,0,0,0,0,0,0,0,0,0,0,0,0,0,1,1,0,0,0,0,0,0,0,0,0,0,0,0,0,0,0,0,0,0,0,0,0,0,0,0,0,0,0,0,3.592806081389345,0.5810252559019228,0.2274851682024376,0.17488360434983072,0.9361234999964336,510.52320793498234,2867.2256686603955,0.026315789473684213,0.42904455436530087,-0.49676815143783426,3.5917497656606736,0.5783628528491737,0.224486042769548,0.17669343280960936,0.932050850851767,516.0359149239745,2856.5909900189386,0.026315789473684213,0.42904455436530087,-0.49676815143783426,3.609835606410021,0.5925596030339396,0.22212534228510603,0.17064218613006057,0.9366559786123504,498.7416542876124,2906.510587409938,0.026315789473684213,0.42904455436530087,-0.49676815143783426
O=C(NC1C(N)C=C(C(=O)NCC[N+])CC1OC(CC)CC)C,894.6,High,1.6,,Table4,small_data_set/smiles_review/table4_fixed_review.csv,12.1128765117158,12.1128765117158,0.0586214779121518,-0.498251133786848,0.578251002897044,24.26086956521739,324.4250000000001,296.201,324.21559217609,129,3,0.4199522042995793,-0.3724515901306767,0.4199522042995793,0.3724515901306767,1.434782608695652,2.0869565217391304,2.608695652173913,16.499918204857707,9.875741072342962,2.353697695690608,-2.367928425251244,2.238156082334561,-2.568779445217662,5.934843643396772,-0.1220014714633463,2.518816481111678,2.904143501832733,435.0412850781369,17.405412915006313,14.171593987962044,14.171593987962044,10.92145261542064,8.202629394745925,8.202629394745925,5.792233838295225,5.792233838295225,3.9668151936485847,3.9668151936485847,2.731891467856729,2.731891467856729,-1.4400000000000002,89035.1249743356,19.60638218923933,9.643715839276885,5.929684499314127,137.73404374890112,21.10410763897489,0.0,0.0,11.814359458703011,6.544756405912575,5.733667477162185,9.589074368143644,0.0,0.0,0.0,19.92349450621513,12.84164324585202,24.95950418183386,24.79453001055714,14.325937321943693,11.814359458703011,0.0,16.367244685174846,5.733667477162185,64.32529090164242,13.08951281182515,11.64912463690315,0.0,0.0,22.100912162337032,0.0,0.0,0.0,49.195486704320686,14.325937321943693,0.0,40.0336764678499,11.64912463690315,0.0,0.0,0.0,115.75,6.041840829147961,9.589074368143644,0.0,43.15364587517273,11.993926152995275,12.84164324585202,6.923737199690624,6.076020106833881,13.847474399381248,10.633577208012662,16.20419790812442,6.093609536407156,0.0,23.54759708765661,5.456937279541446,15.47408568935941,-0.4313880427566388,-0.8570550149071978,3.462210416931286,5.587336381101262,0.0,0.75,23,4,7,1,0,1,2,0,0,0,0,0,4,3,7,0,8,0,0,0,0,0,8.220799063881893,1,-0.0927999999999986,87.53380000000004,0,0,0,0,0,0,0,0,0,0,2,2,0,0,0,1,2,1,0,0,0,0,0,0,0,0,0,2,0,0,0,0,0,0,0,0,0,0,0,0,0,1,0,0,0,0,0,0,0,0,0,0,0,0,0,0,0,0,0,0,0,0,0,0,0,0,0,0,0,0,0,0,0,0,0,0,0,0,0,0,0,0,0,0,0,3.8851236892286654,0.2844762899844888,0.24875455009635247,0.3609822833359457,0.7775684806147866,1647.6607867793407,3561.8023628392416,0.019607843137254905,0.41995220429957913,-0.3724515901306767,3.867991484547041,0.26967529247957794,0.24861542162209604,0.37463235507708303,0.7651945205257072,1689.1599598141158,3477.1464839724163,0.019607843137254905,0.41995220429957913,-0.3724515901306767,3.8638299360982464,0.2756875163951163,0.23198035950513413,0.3671842315353739,0.7712069053888994,1656.6164819488424,3497.7962941571523,0.019607843137254905,0.41995220429957913,-0.3724515901306767
[N+]C(C(C)N1CCOCC1)C1CCCCC1,344.0,High,19.0,,Table4,small_data_set/smiles_review/table4_fixed_review.csv,10.41222411186697,10.41222411186697,0.1403703703703709,-0.1403703703703709,0.7314199255309833,28.875,224.34799999999996,200.15599999999995,224.18831480809,91,3,0.4237145541431903,-0.3787922491188543,0.4237145541431903,0.3787922491188543,1.125,1.75,2.375,16.477516062635825,9.811980166210004,2.400866352810572,-2.3310723793331127,2.283105462903303,-2.4998990698463976,4.856737293250699,0.0081695892010739,2.389251635107567,1.8356173461816296,176.1092748842069,11.380468888623982,10.398687319711588,10.398687319711588,7.787693700234704,6.786717097501644,6.786717097501644,5.277627205281462,5.277627205281462,4.248711061935646,4.248711061935646,3.070310464147446,3.070310464147446,-0.12,6460.536421330862,12.339895330293572,5.988074957638308,2.9623451191723498,99.32016369025337,4.736862953800049,0.0,0.0,0.0,6.041840829147961,5.733667477162185,4.899909730850478,0.0,0.0,0.0,19.26246486877803,19.765380445542643,19.007418857986544,19.2556047581738,4.736862953800049,0.0,0.0,10.633577208012664,5.917906046161393,51.1115269726166,26.303276740850983,0.0,0.0,0.0,5.733667477162185,0.0,0.0,0.0,43.28686812999738,4.736862953800049,5.917906046161393,39.02784531432067,0.0,0.0,0.0,0.0,34.77,0.0,5.733667477162185,0.0,6.041840829147961,11.959746875309351,26.303276740850983,32.10410811463005,0.0,0.0,11.823646930541102,4.736862953800049,5.351792957923911,0.0,2.3777503779289493,0.0,10.41222411186697,0.5338841647770218,0.1577777777777771,6.398773935500126,5.767796674225246,0.0,1.0,16,0,3,1,1,2,0,0,0,0,0,0,2,0,3,1,3,1,1,2,0,0,4.618263637950553,2,1.7246999999999997,64.35100000000006,0,0,0,0,0,0,0,0,0,0,0,0,0,0,0,2,0,0,0,0,0,0,0,0,0,0,0,0,0,0,0,0,0,0,0,0,0,0,0,0,0,1,0,0,0,0,0,0,0,0,0,0,0,0,0,0,1,0,0,0,0,0,0,0,0,0,0,0,0,0,0,0,0,0,0,0,0,0,0,0,0,0,0,0,0,3.1358526499641424,0.4428285591283912,0.3324127291364674,0.24989812159536465,0.9216473764237195,497.5444253800524,1882.430704170101,0.02500000000000001,0.42371455414319037,-0.37879224911885434,3.1463323243832586,0.4471796753123671,0.3341450014148323,0.24662625559329507,0.927258681438029,495.1482383691874,1902.6750433655982,0.02500000000000001,0.42371455414319037,-0.37879224911885434,3.172408130521457,0.4672528205774686,0.3291015765222472,0.23423267920593285,0.9326021104813257,480.7317542831994,1950.8126034727886,0.02500000000000001,0.42371455414319037,-0.37879224911885434
S(=O)(=O)(NCC[N+])c1c2c(cncc2)ccc1,316.0,High,12.0,,Table4,small_data_set/smiles_review/table4_fixed_review.csv,11.962419690098262,11.962419690098262,0.0037743291761154,-3.586805555555554,0.8602149618363039,11.823529411764708,249.29500000000004,238.207,249.05664901209,87,3,0.4194204160703181,-0.264064037638069,0.4194204160703181,0.264064037638069,1.2941176470588236,2.117647058823529,2.8823529411764706,32.23327093706434,10.168345323889952,2.167725417844864,-2.0655609267394484,2.209245528409604,-2.266949966249831,7.893356667590761,0.5825222871084254,2.355161258784601,2.554623687092069,620.1540775662471,12.303118619434356,8.997487239902357,9.813983820830083,8.148995134896753,5.082461098280882,6.565624345875275,3.4743407903115124,5.209715905920326,2.3341359837368008,3.8533258821736,1.584923731423124,2.833569085139116,-1.5,8101.754730219028,11.970156106519743,4.78519692168402,2.4355012093523247,99.71312863400776,0.0,0.0,0.0,10.023291153407584,6.544756405912575,5.733667477162185,4.9839785209472085,13.139891848781026,0.0,0.0,12.13273413692322,12.13273413692322,23.166135572155746,11.440239881430353,8.417796984328938,20.795739582337177,0.0,15.439740862561482,0.0,4.895483475517775,13.08951281182515,36.65915541707259,0.0,0.0,10.455762341614273,0.0,0.0,0.0,26.491288317101297,10.023291153407584,0.0,0.0,41.55463889259037,0.0,10.772448428929591,0.0,81.36,10.023291153407584,8.417796984328938,0.0,17.984996287342923,5.386224214464796,5.386224214464796,6.06636706846161,30.59278834861098,0.0,9.706073385399296,5.733667477162185,26.24375566893424,0.0,4.142829979213909,1.3817715419501142,8.652822656840513,0.0,6.6486130794910565,3.1605084719072813,-0.2268291761148895,-3.586805555555554,0.1818181818181818,17,1,5,0,0,0,0,1,1,2,0,0,3,1,6,1,4,0,0,0,0,0,3.369385538411497,2,0.5817999999999997,63.932500000000026,0,0,0,0,0,1,0,0,0,0,0,0,0,0,0,2,1,0,0,0,0,0,0,0,0,0,0,0,0,0,0,0,0,0,1,0,1,0,0,0,0,0,0,0,0,0,0,0,0,0,0,0,0,0,0,0,0,0,0,0,0,0,0,0,0,0,0,0,0,0,0,0,0,1,0,0,1,0,0,0,0,0,0,0,0,2.943958888225177,0.23015725360515418,0.3117632651992452,0.4186518950984022,0.863069310697863,778.4099672436689,1640.3046948763401,0.03571428571428571,0.4194204160703182,-0.264064037638069,2.9487801906426294,0.24584139752338308,0.2982050746394457,0.4031028610856206,0.8629916098154312,757.9757816931266,1657.7234842773069,0.03571428571428571,0.4194204160703182,-0.264064037638069,2.9448933748787396,0.23337236642994927,0.3094041370687163,0.4181609685353091,0.877590576084969,772.1290477832396,1659.55075957535,0.03571428571428571,0.4194204160703182,-0.264064037638069
O=C1C2(C)C(O)C=CC3(O1)C2C(C[N+])C12C3CCC(O)(C(=C)C1)C2,309.0,High,38.0,,Table4,small_data_set/smiles_review/table4_fixed_review.csv,12.691978891093475,12.691978891093475,0.0566666666666664,-1.0314725056689338,0.5549572895676776,60.16666666666666,329.39600000000013,306.21200000000005,329.16215963609,127,3,0.4182464500595045,-0.4536338115768427,0.4536338115768427,0.4182464500595045,1.5,2.25,2.958333333333333,16.567554433895705,9.607630280664011,2.8244358650673096,-2.4381029611143257,2.7671383734208845,-2.496375483153918,5.830934166695643,-0.1596501611530467,2.947332536870623,1.7498906540301098,703.4803570865766,17.120955864630137,13.864879669684644,13.864879669684644,11.24445379472622,8.868948755860833,8.868948755860833,8.909572814044417,8.909572814044417,8.239785926054816,8.239785926054816,7.240386005880278,7.240386005880278,-1.17,364104.6196073861,15.113743157765468,3.972453543996484,1.2536882073833475,141.10327278590924,14.94991774348146,11.016041280380469,0.0,0.0,6.544756405912575,11.702972765114032,4.794537184071822,0.0,0.0,0.0,12.654955790432378,49.6711387976946,17.75371813848418,11.70501719873199,19.744454927553285,5.969305287951849,0.0,5.733667477162185,28.583699077277743,49.913091701110346,6.544756405912575,24.304080427335528,0.0,0.0,5.733667477162185,0.0,0.0,0.0,40.03318449326152,9.53140013787187,28.583699077277743,32.60702369139466,24.304080427335528,0.0,0.0,0.0,89.06,22.721058479112457,20.741259450915425,0.0,35.682770301745386,19.26246486877803,11.993926152995275,0.0,12.999757306524504,6.076020106833881,6.578935683598497,4.736862953800049,5.977216080876795,0.0,12.691978891093475,21.508051500692872,8.177682586923659,-0.7615428949357532,0.0,5.267137896825397,5.8061426051902245,0.0,0.7368421052631579,24,2,5,4,1,5,0,0,0,0,0,4,4,2,5,1,1,3,1,4,1,0,2.501610107088252,5,1.0111999999999994,84.53860000000005,0,2,1,0,0,0,0,0,0,0,1,1,0,0,0,1,0,0,0,0,0,0,0,0,0,0,0,0,0,0,0,0,0,0,0,0,1,0,0,0,1,1,0,0,0,0,0,0,0,0,0,0,0,0,0,0,0,0,0,0,0,0,0,0,0,0,0,0,0,0,0,0,0,0,0,0,0,0,0,0,0,0,0,0,0,3.2087262908038228,0.3093920147354245,0.3899142507637205,0.33572200246351797,0.9037561953830038,1015.9153269137449,2737.46129260569,0.02127659574468085,0.41824645005950445,-0.4536338115768428,3.206875979119002,0.30754848627630105,0.3956657177783334,0.3372415460353658,0.9036740930313428,1018.4351285356006,2732.5841003451505,0.02127659574468085,0.41824645005950445,-0.4536338115768428,3.2058514287034714,0.30164444523636724,0.38826921135016035,0.3418623996071433,0.9039278723916107,1029.7413227782845,2725.3629454114057,0.02127659574468085,0.41824645005950445,-0.4536338115768428
O=C1C(OC)CC2C3(c4c5OCOc5ccc4C(N)C2[N+](C)CC3)C1,335.0,Low,28.0,,Table4,small_data_set/smiles_review/table4_fixed_review.csv,12.806180555555557,12.806180555555557,0.0984878117913836,-0.3242554799697665,0.7749653192857103,39.08,344.4110000000002,320.21900000000005,344.17305866809,133,1,0.2308169072427981,-0.4535833463190035,0.4535833463190035,0.2308169072427981,1.36,2.2,3.0,16.697128715298344,9.502591377616795,2.6398994169825363,-2.5575695236319835,2.604319338419298,-2.668159865532588,5.862986818613756,-0.1401138661669455,3.079077368561401,1.7530367583512296,751.1847948550143,17.344570503761737,14.657192547615532,14.657192547615532,12.064515919973037,9.009179266023702,9.009179266023702,7.876328185432317,7.876328185432317,6.939368440305018,6.939368440305018,5.82952559694925,5.82952559694925,-1.63,959927.0022679652,15.61137247470989,5.18914935712044,1.8744460279774569,146.75420814831642,19.944256338562333,19.696394776338067,23.32410944208071,6.792942306099827,0.0,0.0,4.794537184071822,0.0,4.899909730850478,0.0,6.06636706846161,18.050640183084614,36.84778879438472,6.041840829147961,19.005126045471968,5.783244946364939,0.0,4.899909730850478,11.651573523323576,42.86510338421904,27.495168235967128,23.25963712031721,0.0,11.49902366656781,20.10730311561276,0.0,11.49902366656781,0.0,45.424220399228325,14.94639060726865,5.917906046161393,36.43120868131998,12.13273413692322,0.0,0.0,0.0,76.68,0.0,4.794537184071822,0.0,42.09673181406716,6.4208216229260096,42.01232630172639,0.0,7.109797541277533,6.06636706846161,18.013948781989278,19.944256338562333,16.98336577223482,0.0,15.170885770975056,0.0,8.771890117157977,2.064333139119846,4.145295965608464,1.836881141345426,1.1701444003527337,3.773870359872344,0.631578947368421,25,2,6,2,2,4,0,1,0,1,0,2,6,1,6,2,1,1,1,2,0,0,3.240389737636342,5,1.2027999999999996,91.02940000000004,0,0,0,0,0,0,0,0,0,0,1,1,0,0,0,1,0,1,0,1,1,0,0,0,0,0,0,0,0,0,0,0,0,0,1,0,3,0,0,0,0,3,0,0,0,0,0,0,0,0,0,1,1,0,0,1,0,0,0,0,0,0,0,0,0,0,0,0,0,1,0,0,0,0,0,0,0,0,0,0,0,0,0,0,0,3.3128018491870033,0.1394734622030025,0.4749295583768702,0.5253748764055295,0.7505720338382434,1733.406575113168,2499.1075152549956,0.020408163265306124,0.23081690724279819,-0.4535833463190035,3.309244031438698,0.1379804538399133,0.461772054026177,0.5295439023199002,0.739608797302029,1748.5526922257793,2464.596611023882,0.02040816326530612,0.2308169072427982,-0.4535833463190035,3.304668765659485,0.13314239965914493,0.48087677319433936,0.5390618949933572,0.7462870905652474,1758.7191041194783,2463.349829214213,0.020408163265306124,0.23081690724279819,-0.4535833463190035
S(=O)(=O)(OC1C2OCC([N+])C2OC1)c1ccc(N)cc1,331.0,Low,68.0,,Table4,small_data_set/smiles_review/table4_fixed_review.csv,12.132888794406652,12.132888794406652,0.0219401927437647,-3.913787792894935,0.5990664993668963,33.25,298.32,284.208,298.06179396809,107,3,0.4274682377730996,-0.3987277131345219,0.4274682377730996,0.3987277131345219,1.15,1.8,2.5,32.23997808845898,10.099853290757528,2.5511145591218964,-2.153277985502672,2.301713559750866,-2.3417693262083388,7.863792931357409,0.0333288625238371,2.9457890354943634,1.7562410384840756,588.3701745951029,14.328062645816686,10.507069323362868,11.323565904290591,9.471163677742108,6.173319005923724,7.581567296387587,4.821082019184648,6.39318492016942,3.400893511567299,4.750963067460516,2.3792136298143243,3.4502372351108344,-1.19,47874.9634048544,13.777565172272135,4.973613213119668,2.403649384028532,116.46421283920884,15.207393384762284,18.814814740009524,6.103966387748303,0.0,10.118126859033554,11.775508306310146,4.183085432649707,0.0,8.417796984328938,0.0,0.0,24.26546827384644,5.687386274683562,11.502365440030694,22.074608324578744,15.805513133717117,0.0,5.733667477162185,0.0,29.24922346791064,18.94743140618802,24.26546827384644,0.0,0.0,11.46733495432437,5.687386274683562,0.0,0.0,45.98530090574764,23.77493819928336,0.0,0.0,29.16095174936421,0.0,0.0,0.0,110.15,34.47186685142643,14.151464461491123,0.0,18.10924740454361,5.687386274683562,0.0,24.26546827384644,0.0,0.0,0.0,19.390478817411992,40.05940108759553,0.0,0.0219401927437647,0.0,15.57759498045979,0.0,4.98409128259507,-1.838076341647772,0.1921699244818837,-3.913787792894935,0.5,20,2,7,0,2,2,0,1,0,1,0,0,6,1,8,2,3,0,2,2,0,0,3.426214009271502,3,-0.4223999999999992,68.31520000000003,0,0,0,1,0,0,0,0,0,0,0,0,0,0,0,1,0,1,0,0,0,0,0,0,0,0,0,0,0,1,0,0,0,0,1,0,1,0,0,0,0,2,0,0,0,0,0,0,0,0,0,0,0,0,0,0,0,0,0,0,0,0,0,0,0,0,0,0,0,0,0,0,0,0,0,0,0,0,0,0,0,0,0,0,0,3.563221387611838,0.5482697176104414,0.16383019250647587,0.1853189839384982,0.9091908682722979,667.9836510375125,3290.7563048171246,0.02941176470588236,0.4274682377730998,-0.39872771313452177,3.536075393106994,0.5131891180330215,0.17669724439791257,0.20435064277979423,0.8955312996545698,720.7184572011313,3188.0244196251247,0.02941176470588236,0.4274682377730998,-0.39872771313452177,3.5544694102508108,0.5339738330072172,0.16069751112031216,0.1940232540656876,0.9015842960431338,690.639016923538,3251.032919297352,0.02941176470588236,0.4274682377730998,-0.39872771313452177
OC(CC(O)CCC1C(C)C=CC=2C1C(O)CC(C)C=2)CC[N+],323.0,Low,6.0,,Table4,small_data_set/smiles_review/table4_fixed_review.csv,10.538594587347744,10.538594587347744,0.0566011397394943,-0.6432848476345956,0.6713283184798657,36.26086956521739,321.4610000000001,290.213,321.22984527209,129,3,0.4179929748751943,-0.3930290606514619,0.4179929748751943,0.3930290606514619,1.2173913043478262,1.9130434782608696,2.608695652173913,16.283324189466953,9.651624671696892,2.380812642711084,-2.414108295523512,2.431732273913839,-2.381927560277974,5.307040548095494,0.0369513288065581,2.4619640865515127,1.9544013385372188,434.33066232270886,16.98276318419594,14.30499776101538,14.30499776101538,10.917922655570504,8.969288410669053,8.969288410669053,7.487853476822434,7.487853476822434,5.458231977200363,5.458231977200363,4.215287149561676,4.215287149561676,-0.68,109003.45993206822,18.6556978307624,8.427366924811293,4.895086805555555,139.63993266914227,15.319582184522115,0.0,0.0,0.0,6.544756405912575,5.733667477162185,0.0,0.0,0.0,0.0,32.07553471988289,49.010109160257485,12.338727669087405,18.31189916324491,15.319582184522115,0.0,0.0,5.733667477162185,23.671624184645573,64.26348167725621,6.544756405912575,23.80116485057091,0.0,0.0,5.733667477162185,0.0,0.0,0.0,40.1762377536796,0.0,23.671624184645573,45.95158251401129,23.80116485057091,0.0,0.0,0.0,82.99,12.207932775496603,15.319582184522115,0.0,18.566628839822272,37.0161830072622,12.84164324585202,5.573104530069267,0.0,0.0,32.07553471988289,5.733667477162185,0.0,0.0,0.0,30.35584486684685,10.059303016866185,1.294533862110486,0.0,8.032125493754279,4.258192760422198,0.0,0.7894736842105263,23,3,4,2,0,2,0,0,0,0,0,0,3,3,4,0,7,0,0,0,0,0,6.83558308079308,2,2.1027,90.63740000000006,0,3,3,0,0,0,0,0,0,0,0,0,0,0,0,1,0,0,0,0,0,0,0,0,0,0,3,0,0,0,0,0,0,0,0,0,1,0,0,0,0,0,0,0,0,0,0,0,0,0,0,0,0,0,0,0,0,0,0,0,0,0,0,0,0,0,0,0,0,0,0,0,0,0,0,0,0,0,0,0,0,0,0,0,0,4.098246281048621,0.46250168921215157,0.2175134211858694,0.2396885273106816,0.8814716924099497,1178.996230620316,4532.195636231158,0.01851851851851852,0.4179929748751942,-0.39302906065146176,4.081727522951214,0.46055376444959434,0.2133405915886575,0.23839440105236875,0.8706981932177817,1178.5607920024072,4464.733798841744,0.01851851851851852,0.4179929748751942,-0.39302906065146176,4.148822913587571,0.48507640829469784,0.21676747278144975,0.22287821433686894,0.893755567017153,1137.230598309997,4705.4810705997925,0.01851851851851852,0.4179929748751942,-0.39302906065146176
FC(F)(F)c1n2c(nn1)CN(C(=O)CC([N+])Cc1c(F)cc(F)c(F)c1)CC2,275.0,Low,9.0,,Table4,small_data_set/smiles_review/table4_fixed_review.csv,13.623905632337408,13.623905632337408,0.0480880599612558,-4.664555837721909,0.5779938164146425,15.464285714285714,405.3020000000001,392.1980000000001,405.10188077609,149,3,0.4512191363355807,-0.3331394464336729,0.4512191363355807,0.3331394464336729,1.1071428571428572,1.7857142857142858,2.4642857142857144,19.41333647775598,10.02236506364105,2.399723856341489,-2.2743474174960387,2.2917877448181523,-2.405065375009514,5.764675329686822,-0.1477935476312223,3.0256848690734643,1.6262839581617263,896.3804853871784,20.637463722575188,14.179687819520632,14.179687819520632,13.057569213703692,8.144791031893982,8.144791031893982,6.324323614352531,6.324323614352531,4.314557357603113,4.314557357603113,2.9571734237661165,2.9571734237661165,-2.6299999999999994,1435297.1570272483,20.113235134596483,7.414058798688895,4.105785673487758,154.48354340992927,9.467009378641832,5.817220841045895,17.45884618009172,11.731584227351432,6.041840829147961,11.90996599460566,4.794537184071822,13.17124514302446,13.17124514302446,10.197363616602075,0.0,11.629818560158606,25.57670150321277,12.965578028838586,31.137027470120746,5.907179729351506,0.0,25.39804047240609,0.0,38.14929540426861,6.544756405912575,46.79665714775775,0.0,0.0,5.733667477162185,26.34249028604892,0.0,0.0,38.15814995965595,30.481170136266456,17.451662523137685,23.63308211062286,12.13273413692322,0.0,0.0,0.0,73.32000000000001,54.24302934293257,36.87069494728293,0.0,31.022125207434648,12.13273413692322,4.567099647791355,4.899909730850478,0.0,0.0,10.197363616602075,0.0,79.05289972886682,0.0,13.466120467477117,6.539525081883938,9.68335901163598,-5.514632593567617,-0.4515188214427175,-5.5715812986243085,-0.4541715762292053,0.0,0.4375,28,0,6,0,1,1,1,1,1,2,0,0,4,0,12,2,4,0,0,0,0,0,5.325739568562631,3,2.1265,81.00000000000001,0,0,0,0,0,3,0,0,0,0,1,1,0,0,0,5,0,0,0,0,0,0,0,0,0,3,0,1,0,0,0,0,0,0,1,0,1,0,0,0,0,0,0,0,6,0,0,0,0,0,0,0,0,0,0,0,0,0,0,0,0,0,0,0,0,0,0,0,0,0,0,0,0,0,0,0,0,0,0,0,0,0,0,0,0,4.9461349812009265,0.6654819359080515,0.1630833376822756,0.13346652328320044,0.9424222906496365,1190.0516259665076,9125.157766673075,0.024390243902439025,0.4512191363355808,-0.33313944643367294,5.0536684767832725,0.6991757752841986,0.1494188349832576,0.1177812089981758,0.9519796555227861,1103.5871525204768,9625.774403883051,0.024390243902439025,0.4512191363355808,-0.33313944643367294,4.972776166137344,0.6644260574332769,0.15849250267742915,0.13401875039990013,0.9397076205106546,1202.1921485591845,9214.618067570776,0.024390243902439025,0.4512191363355808,-0.33313944643367294
O(C)c1c(OC)ccc(CC[N+])c1,255.0,Low,19.0,,Table4,small_data_set/smiles_review/table4_fixed_review.csv,8.737715813177122,8.737715813177122,0.1482967214663644,0.1482967214663644,0.6989074987397407,9.76923076923077,179.21899999999997,166.11499999999998,179.09408007609,69,3,0.418269152015981,-0.492869978457294,0.492869978457294,0.418269152015981,1.1538461538461535,1.8461538461538465,2.3846153846153846,16.507740670061583,10.12814781916238,2.052986136026984,-2.072181104105395,2.2691157754787428,-1.950775760385445,5.423972127917831,0.3542816775520981,2.1796287342111245,2.9136960689124027,273.6272976636779,9.681798275874712,7.909974546369659,7.909974546369659,6.312391710140018,4.132559899714287,4.132559899714287,2.662942486197372,2.662942486197372,1.848430047465228,1.848430047465228,1.1652386627659053,1.1652386627659053,-1.2200000000000002,974.2940441923728,9.864889643463496,4.720060902254262,2.356224225123366,78.45815273310987,9.473725907600098,0.0,11.49902366656781,0.0,6.544756405912575,5.733667477162185,0.0,0.0,0.0,0.0,6.06636706846161,17.696185628620217,6.4208216229260096,14.219595082555069,9.473725907600098,0.0,0.0,5.733667477162185,0.0,6.4208216229260096,20.764351488467643,23.762552697081823,0.0,11.49902366656781,15.207393384762284,0.0,11.49902366656781,0.0,20.764351488467643,6.4208216229260096,0.0,5.563451491696996,18.19910120538483,0.0,0.0,0.0,40.760000000000005,0.0,0.0,0.0,6.544756405912575,17.91984528949382,5.563451491696996,0.0,14.219595082555069,18.19910120538483,0.0,15.207393384762284,10.198418603552533,0.0,0.0,0.0,9.779521368732675,1.4144812925170074,5.6214814814814815,0.6392403628117913,0.1482967214663644,3.198560169438146,0.4,13,0,3,0,0,0,0,1,0,1,0,0,2,0,3,0,4,0,0,0,0,0,3.581759993166541,1,1.315,50.25100000000003,0,0,0,0,0,0,0,0,0,0,0,0,0,0,0,1,0,0,0,0,0,0,0,0,0,0,0,0,0,0,0,0,0,0,1,0,0,0,0,0,0,2,0,0,0,0,0,0,0,0,0,0,0,0,0,2,0,0,0,0,0,0,0,0,0,0,0,0,0,0,0,0,0,0,0,0,0,0,0,0,0,0,0,0,0,2.8032542243606993,0.34813800183538707,0.1332338535370036,0.3082457034553811,0.7549526333761901,419.58743944251745,1031.9901712188614,0.038461538461538464,0.4182691520159811,-0.492869978457294,2.803259933336388,0.3481403602438784,0.13323317509594482,0.30824431119791534,0.754949573243131,419.58830713528505,1031.992299900908,0.038461538461538464,0.4182691520159811,-0.492869978457294,2.8032535974996904,0.3481351685779778,0.13323658431449423,0.30824754372371405,0.754953739513788,419.58919653906815,1031.9897416189167,0.038461538461538464,0.4182691520159811,-0.492869978457294
O=C(OC1C2OCC([N+])C2OC1)C,372.0,High,3.0,,Table4,small_data_set/smiles_review/table4_fixed_review.csv,10.673979119425548,10.673979119425548,0.2570417611489042,-0.5920757747543464,0.4990687609402545,43.23076923076923,185.179,174.09099999999998,185.06825925209,71,3,0.4274692146167424,-0.4571978156269281,0.4571978156269281,0.4274692146167424,1.3846153846153846,2.076923076923077,2.769230769230769,16.62870537125064,10.096081081107704,2.54711671506372,-2.1372903362235878,2.2779808654660725,-2.336876169243188,5.658226775720086,-0.1503916380608792,2.56499692757303,1.9795730634118365,220.1895663144568,9.422285251880869,7.30382139648701,7.30382139648701,6.181540550352055,4.267400811514924,4.267400811514924,3.311129989353883,3.311129989353883,2.2991801654719364,2.2991801654719364,1.7581709439029056,1.7581709439029056,-0.6500000000000001,1333.7984023379756,8.926807081036344,3.2472417522985397,1.544056386136495,76.12423200712445,14.210588861400147,12.71084835226122,12.207932775496603,0.0,0.0,17.744813594261995,4.794537184071822,0.0,0.0,0.0,0.0,0.0,6.923737199690624,6.606881964512918,19.005126045471968,5.969305287951849,0.0,5.733667477162185,0.0,31.27747719208349,13.213763929025836,0.0,0.0,0.0,5.733667477162185,0.0,0.0,0.0,43.53680920937055,19.005126045471968,0.0,6.923737199690624,0.0,0.0,0.0,0.0,67.06,6.041840829147961,10.528204661234009,0.0,30.88808641570968,6.606881964512918,0.0,6.923737199690624,0.0,0.0,0.0,14.210588861400147,15.474212962962962,0.0,10.673979119425548,0.0,9.360773337112622,-0.3479261148904002,-0.5920757747543464,-0.983425925925927,1.914462396069539,0.0,0.875,13,0,5,0,2,2,0,0,0,0,0,0,4,0,5,2,1,0,2,2,0,0,2.2298077437119592,2,-0.847,40.95600000000002,0,0,0,0,0,0,0,0,0,0,1,1,0,0,0,1,0,0,0,0,0,0,0,0,0,0,0,0,0,0,0,0,0,0,0,0,1,0,0,0,1,3,0,0,0,0,0,0,0,0,0,0,0,0,0,0,0,0,0,0,0,0,0,0,0,0,0,0,0,0,0,0,0,0,0,0,0,0,0,0,0,0,0,0,0,2.549130909987112,0.43945012888936763,0.3139508538281401,0.2489191530029796,0.9174725108957063,273.7804756564873,1021.4207928678804,0.04166666666666669,0.4274692146167424,-0.4571978156269282,2.5483398261108503,0.43630262352880705,0.30842798421695866,0.25021159112632846,0.9127262558006265,275.28982170058276,1017.1861169396284,0.04166666666666669,0.4274692146167424,-0.4571978156269282,2.548527062231782,0.4231202423744811,0.3085170861203636,0.2586933969671556,0.9197309399046083,283.3449287879726,1017.0091262273111,0.04166666666666669,0.4274692146167424,-0.4571978156269282
O(C)C=1C(=O)NCC23c4c5OCOc5ccc4C([N+])C(N(C)CC2)C3C=1,219.0,Low,16.0,,Table4,small_data_set/smiles_review/table4_fixed_review.csv,12.446280313051147,12.446280313051147,0.0756018518518524,-0.6754785525321243,0.8041504056899845,34.96153846153846,355.3940000000001,334.2260000000001,355.15265757209005,135,3,0.4290995502833996,-0.4914211829740329,0.4914211829740329,0.4290995502833996,1.3846153846153846,2.230769230769231,3.0384615384615383,16.697129613124673,9.555153359727804,2.619780378906855,-2.530011707340048,2.577910560993155,-2.6205266965124787,5.9176519158070064,-0.1200611097026157,3.063004067158454,1.7979562869323569,823.2474143627785,18.051677284948283,14.819949092739318,14.819949092739318,12.564515919973037,8.919303459679552,8.919303459679552,7.529255540102249,7.529255540102249,6.476143063216593,6.476143063216593,5.230719203424186,5.230719203424186,-2.25,1488166.6520370692,15.962482753023291,5.374200243438095,1.8708655370899876,151.6144672997402,19.52737746540648,0.0,17.258188538223987,6.792942306099827,5.907179729351506,11.775508306310146,9.6944469149223,0.0,0.0,0.0,0.0,38.22200425527288,29.004555904864738,13.151638370425497,19.005126045471968,5.907179729351506,0.0,15.950365812018994,5.917906046161393,23.91949375061871,34.0399246418797,35.09482209880727,0.0,11.49902366656781,20.52418198876861,0.0,11.49902366656781,0.0,50.88885493122964,14.94639060726865,5.917906046161393,23.58956543546796,23.96791911541328,0.0,0.0,0.0,82.33,6.041840829147961,10.528204661234009,0.0,30.07485938015747,23.80294494413656,24.09248101223257,7.109797541277533,0.0,25.25642622643429,10.216698334856808,14.210588861400147,16.742809193121694,0.0,14.627513306248426,3.0239332955404383,12.694407123960698,1.418817266103973,2.9940919469639704,2.7380914588057443,1.4815775384227765,3.5287588708322835,0.5263157894736842,26,1,7,1,3,4,1,1,0,1,0,2,5,1,7,3,1,0,1,1,0,0,3.299445334506699,5,0.7568999999999999,91.74470000000004,0,0,0,0,0,0,0,0,0,0,1,1,0,0,0,2,1,0,0,1,1,0,0,0,0,0,0,1,0,0,0,0,0,0,1,0,3,0,0,0,0,3,0,0,0,0,0,0,0,0,0,0,0,0,0,1,0,0,0,0,0,0,0,0,0,0,0,0,0,1,0,0,0,0,0,0,0,0,0,0,0,0,0,0,0,3.3791741666274007,0.17040745126667317,0.4393878828772771,0.48795976835905874,0.7766484387146982,1723.8604928385694,2798.117154250302,0.02127659574468085,0.42909955028339974,-0.491421182974033,3.3813240299234826,0.16494433302999548,0.4377444691718497,0.4926032650343747,0.7720381266665218,1746.4370362912848,2782.60241226448,0.02127659574468085,0.4290995502833997,-0.491421182974033,3.346693303716745,0.14201113446343308,0.4658318545711115,0.5290044614277806,0.7664807914136144,1809.1493143480664,2674.268667175959,0.02127659574468085,0.4290995502833997,-0.4914211829740329
O(C)c1c(C[N+])ccc(OC)c1,206.0,Low,22.0,,Table4,small_data_set/smiles_review/table4_fixed_review.csv,8.892316704459562,8.892316704459562,0.0206670445956158,-0.0206670445956158,0.6763534539095676,9.583333333333334,165.19199999999998,154.10399999999998,165.07843001209,63,3,0.4236684579556575,-0.4966243825896673,0.4966243825896673,0.4236684579556575,1.25,2.0,2.5,16.47582316772845,10.16863625405654,2.084560403048613,-2.0443580075316685,2.2337689305372384,-1.931592935337888,5.3993273119432486,0.3907708500602507,2.163299516536892,3.018127395112653,260.70548992551977,8.974691494688164,7.20286776518311,7.20286776518311,5.812391710140018,3.6325598997142863,3.6325598997142863,2.3358911791023096,2.3358911791023096,1.6645867229809923,1.6645867229809923,0.9824851811218572,0.9824851811218572,-1.2200000000000002,610.0504636634034,8.872764378478664,3.97035601964101,1.6810870266638485,72.09321061871326,9.473725907600098,11.49902366656781,0.0,0.0,6.544756405912575,5.733667477162185,0.0,0.0,0.0,0.0,0.0,12.13273413692322,6.06636706846161,19.78304657425206,9.473725907600098,0.0,0.0,5.733667477162185,0.0,6.544756405912575,14.219595082555069,23.762552697081823,0.0,11.49902366656781,15.207393384762284,0.0,11.49902366656781,0.0,14.219595082555069,6.544756405912575,0.0,5.563451491696996,18.19910120538483,0.0,0.0,0.0,40.760000000000005,0.0,0.0,0.0,6.544756405912575,5.749511833283905,11.3129633249809,0.0,32.418696287939895,0.0,0.0,15.207393384762284,10.033238851095994,0.0,0.0,0.0,9.654631519274377,1.3758333333333337,5.30287037037037,0.0,-0.0206670445956158,3.1540929705215417,0.3333333333333333,12,0,3,0,0,0,0,1,0,1,0,0,2,0,3,0,3,0,0,0,0,0,2.9356694550790903,1,1.2725,45.38400000000003,0,0,0,0,0,0,0,0,0,0,0,0,0,0,0,1,0,0,0,0,0,0,0,0,0,0,0,0,0,0,0,0,0,0,1,0,0,0,0,0,0,2,0,0,0,0,0,0,0,0,0,0,0,0,0,2,0,0,0,0,0,0,0,0,0,0,0,0,0,0,0,0,0,0,0,0,0,0,0,0,0,0,0,0,0,2.594195305410207,0.32946867462763824,0.07863347208178002,0.3277597632097666,0.7075239842912493,358.10598743475896,772.8615090994584,0.04347826086956524,0.42366845795565755,-0.4966243825896673,2.5909661910345725,0.32797514652680454,0.07859681578681757,0.3295959377906781,0.7038207617934416,359.5457400996043,767.5988623373311,0.04347826086956523,0.42366845795565755,-0.49662438258966735,2.589664166098082,0.32706161235478626,0.07859420343266063,0.330593604232698,0.7021964680405918,360.3951734627817,765.27240654519,0.04347826086956523,0.42366845795565755,-0.4966243825896673
O(C)c1c(O)c2c(cc1)CC1[N+]CCC32C1CC(OC)C([N+])C3,204.0,Low,14.0,,Table4,small_data_set/smiles_review/table4_fixed_review.csv,10.821088356638953,10.821088356638953,0.1405318037708915,-0.507823129251701,0.8969497196367063,38.56521739130435,315.39300000000003,292.209,315.16977043618004,121,5,0.4246484919980052,-0.5040429864893305,0.5040429864893305,0.4246484919980052,1.3478260869565215,2.1739130434782608,2.9130434782608696,16.478101789128598,9.510400152076915,2.6414678156253344,-2.50630727916259,2.5754259513091924,-2.616236174570576,5.56187440756948,-0.0337812627843742,2.531411758752089,1.879388732896884,620.5294156373059,16.189869965382485,13.657772888498096,13.657772888498096,11.10252072243382,8.372234067236025,8.372234067236025,7.122166549752189,7.122166549752189,6.261359262079766,6.261359262079766,5.2610040582723565,5.2610040582723565,-1.3000000000000005,225495.6280578774,15.240756281860056,5.363902409710953,2.030976490492664,136.7042921234991,14.580253302440804,6.103966387748303,18.043780072480384,6.041840829147961,0.0,11.775508306310146,0.0,0.0,0.0,0.0,6.06636706846161,18.050640183084617,43.26861041731074,12.426586145283864,14.580253302440804,0.0,0.0,11.050456081168516,5.917906046161393,49.28592500714504,20.764351488467643,23.25963712031721,0.0,11.49902366656781,15.787319034968563,0.0,11.49902366656781,0.0,44.05852692935257,16.57267504612284,5.917906046161393,30.389367852172025,12.13273413692322,0.0,0.0,0.0,75.09,6.041840829147961,10.84019487200289,0.0,23.310309519576947,18.08823950237131,36.934124258084594,0.0,14.219595082555069,6.06636706846161,6.06636706846161,14.790514511606428,10.832218915343915,0.0,0.0,15.66465734441925,12.51052807697153,1.0784398095658023,3.632197893046106,2.9974309229864784,0.7932790060468631,3.241248031620056,0.6666666666666666,23,1,5,2,1,3,0,1,0,1,0,2,3,1,5,1,2,1,1,2,0,0,3.5543447541776736,4,1.4336999999999995,84.88980000000005,0,0,0,0,0,0,0,1,0,0,0,0,0,0,0,2,0,0,0,0,0,0,0,0,0,0,0,0,0,0,0,0,0,0,1,0,1,0,0,0,0,2,0,0,0,0,0,0,0,0,0,0,0,0,0,2,0,0,0,0,0,0,0,0,0,1,1,0,0,1,0,0,0,0,0,0,0,0,0,0,0,0,0,0,0,3.3191055212140803,0.24162018292302043,0.41271124228416095,0.40162491244809706,0.8442591799854687,1226.8594113575487,2622.4730653686697,0.04347826086956523,0.4246484919980051,-0.5040429864893307,3.3013989331620404,0.22645553206306665,0.42637494883798827,0.41933034775439293,0.8363696269043585,1257.6358165302872,2562.9611068400477,0.04347826086956523,0.4246484919980051,-0.5040429864893307,3.317860518957012,0.2475694967407515,0.40103763648561913,0.3957988764260843,0.8403707720062455,1213.1184058709723,2619.236485257582,0.04347826086956524,0.4246484919980052,-0.5040429864893305
O=C(OC)COC1C2OCC([N+])C2OC1,175.0,Low,14.0,,Table4,small_data_set/smiles_review/table4_fixed_review.csv,10.846763432224742,10.846763432224742,0.1178552532123962,-0.5956234515411105,0.5513890871234635,39.06666666666667,215.205,202.101,215.07882393609,83,3,0.4274682287899263,-0.467301903816585,0.467301903816585,0.4274682287899263,1.4,2.1333333333333333,2.8666666666666667,16.624580542420343,10.096078019108088,2.5405692757886835,-2.143275043816541,2.27757400977405,-2.339950115605127,5.6995526575801065,-0.1494981167791138,2.789391757484497,1.8219975246903748,246.65720293544632,10.836498814253964,8.41917646813742,8.41917646813742,7.21954535281284,4.817877627166873,4.817877627166873,3.58883408248308,3.58883408248308,2.624773336988925,2.624773336988925,1.8208724038882909,1.8208724038882909,-0.6900000000000002,4105.98466701718,10.815469160963003,4.441475409041874,2.1243375538597813,87.60271935102793,18.9474518152002,25.421696704522443,6.103966387748303,0.0,0.0,17.744813594261995,0.0,4.794537184071822,0.0,0.0,0.0,0.0,0.0,13.716679505790452,23.741988999272017,5.969305287951849,0.0,5.733667477162185,0.0,24.353739992392867,26.93044343481629,0.0,0.0,0.0,5.733667477162185,0.0,0.0,0.0,57.25348871516099,23.741988999272017,0.0,0.0,0.0,0.0,0.0,0.0,76.29,12.011146117099807,10.528204661234009,0.0,31.525663092270747,6.606881964512918,0.0,7.109797541277533,0.0,0.0,4.736862953800049,14.210588861400147,20.360901439279417,0.0,10.846763432224742,0.0,9.443526549508691,-0.4333375850340133,-0.5956234515411105,-0.8994879062736219,0.4761974836230787,1.3010600382128157,0.8888888888888888,15,0,6,0,2,2,0,0,0,0,0,0,5,0,6,2,3,0,2,2,0,0,3.202442687711195,2,-1.2204999999999993,47.15800000000003,0,0,0,0,0,0,0,0,0,0,1,1,0,0,0,1,0,0,0,0,0,0,0,0,0,0,0,0,0,0,0,0,0,0,0,0,1,0,0,0,1,4,0,0,0,0,0,0,0,0,0,0,0,0,0,1,0,0,0,0,0,0,0,0,0,0,0,0,0,0,0,0,0,0,0,0,0,0,0,0,0,0,0,0,0,3.1278442475212613,0.5942711640618034,0.21552633623795833,0.16421724215667804,0.9481994181883081,322.80495584636435,1894.5605665154667,0.03571428571428571,0.4274682287899264,-0.467301903816585,3.136269341348082,0.5993688597930381,0.21919844498263294,0.16068479394913077,0.9431004986666695,319.55360315583727,1901.5992022265139,0.03571428571428571,0.42746822878992646,-0.467301903816585,3.1529373768642204,0.6132453340047747,0.21338922157135357,0.1539086979349587,0.9437567749690574,311.0987652261584,1928.657107299866,0.03571428571428571,0.4274682287899264,-0.467301903816585
O(C)c1cc2c(C(N)C3[N+]4CC(C=C)C(C3)CC4)ccnc2cc1,167.0,Low,12.0,,Table4,small_data_set/smiles_review/table4_fixed_review.csv,6.7646839569161,6.7646839569161,0.0035449735449741,-0.0035449735449741,0.6950299543562504,30.25,323.44,298.24,323.19921384009,125,1,0.1518759822953047,-0.4967429448259486,0.4967429448259486,0.1518759822953047,1.4166666666666667,2.2916666666666665,3.0,16.46529547198866,9.729061870855755,2.4836835068623766,-2.4308907651472538,2.3965910284749747,-2.5940835287058133,5.83629415717932,0.077097625874009,2.6616583780599465,1.6870853618182946,759.6324135403677,16.681433796945207,14.189062348482404,14.189062348482404,11.707039898056806,8.758124804861964,8.758124804861964,7.055339771958844,7.055339771958844,5.910030571185813,5.910030571185813,4.522209547689622,4.522209547689622,-1.91,512499.65903706464,15.60801064990268,6.187607918654215,2.5024063339993896,142.85908314802165,10.470530430962237,18.839024645109056,6.041840829147961,0.0,0.0,0.0,4.9839785209472085,0.0,4.899909730850478,6.578935683598497,6.076020106833881,35.74682581170483,30.342617078091283,18.668339088041755,4.736862953800049,10.902924932081056,0.0,9.883888251797686,17.56947956948497,24.92532490414794,20.199310353102685,48.68071912758889,0.0,5.749511833283905,15.370440161812713,0.0,5.749511833283905,0.0,31.22512970319785,0.0,11.835812092322788,24.446935566696972,43.11726763589189,0.0,10.902924932081056,0.0,54.040000000000006,0.0,0.0,0.0,6.041840829147961,11.959746875309351,42.08067724627752,11.984273114623004,7.109797541277533,18.32957770853629,34.671578179153286,10.470530430962237,5.390388028094107,0.0,7.039082131309314,1.1039515096161925,8.913100618333754,2.1979704759926624,8.477706394668877,6.425291615868366,6.259692171961847,1.692817054154883,0.45,24,2,4,0,3,3,0,1,1,2,0,2,4,1,4,4,4,0,3,3,0,0,4.024010428824048,5,2.9777000000000013,97.29040000000003,0,0,0,0,0,1,0,0,0,0,0,0,0,0,0,2,0,1,0,0,0,0,0,0,0,0,0,0,0,0,0,0,0,0,1,0,4,0,0,0,0,1,0,0,0,0,0,0,0,0,0,0,0,0,0,1,0,0,0,0,0,0,0,0,0,0,0,0,0,3,0,0,0,1,0,0,0,0,0,0,0,0,0,0,0,3.6715749319378697,0.30405974217104986,0.3354124657780709,0.34572927644974566,0.8505171204389788,1350.808681113348,3392.7217356971,0.02040816326530613,0.1518759822953048,-0.49674294482594855,3.6740904974048294,0.30613255047847726,0.3428226155984592,0.34513116970693114,0.8556592088348439,1343.0615332035422,3414.097216077154,0.02040816326530613,0.1518759822953048,-0.49674294482594855,3.7088075813508588,0.3298719879678844,0.32309737568934693,0.32456883142127846,0.856622526967222,1303.2845357337258,3511.805706796558,0.02040816326530613,0.1518759822953048,-0.49674294482594855
O=C(OCC(OCn1c2N=C(N)NC(=O)c2nc1)CO)C(N)C(C)C,165.0,Low,9.0,,Table4,small_data_set/smiles_review/table4_fixed_review.csv,11.7258561995097,11.7258561995097,0.0467025348609733,-0.7637908635676502,0.4142937706843365,13.96,354.36700000000013,332.1910000000001,354.165167804,138,0,0.3227685910619786,-0.4616618554030007,0.4616618554030007,0.3227685910619786,1.48,2.2,2.84,16.570266438054283,10.066647971343258,2.2057075055009414,-2.1865302753043734,2.078492190736774,-2.386350563028493,5.753123748916288,-0.1526029347975254,2.9669690867503973,1.97054467977664,785.6005784335678,18.560113453385565,14.007269502552685,14.007269502552685,11.828606258093464,7.683919522972122,7.683919522972122,5.83792751499729,5.83792751499729,3.547947856500226,3.547947856500226,1.947964557764216,1.947964557764216,-2.5,349571.2647700186,18.83318243549117,8.051124972154154,4.526159169550173,142.49977233657356,26.047588256765174,25.483505928908667,11.16387793838399,5.948339280986494,5.559266895052008,5.969305287951849,19.140152536882205,4.9839785209472085,4.9839785209472085,0.0,13.847474399381248,5.917906046161393,0.0,12.93420203927746,19.374790486512623,23.081522507322333,0.0,19.51903521063298,11.651573523323576,32.724098363777,18.94743140618802,16.68112415388837,0.0,0.0,17.026601849376377,5.948339280986494,0.0,0.0,55.95443903934763,20.999079839171404,5.917906046161393,13.847474399381248,11.121857258836364,0.0,11.16387793838399,0.0,171.37,23.67437939990012,14.69560176298435,0.0,42.9747039420572,0.0,0.0,10.894419722555895,13.847474399381248,0.0,14.951935562841626,20.94106086192447,11.975002020870075,0.0,33.6997285691324,9.353784276056102,11.10080858755129,-0.6725937896224896,-0.7399669988901592,0.59877648127152,3.017794186964601,0.0,0.5714285714285714,25,6,11,0,0,0,0,0,2,2,0,0,10,4,11,2,8,0,0,0,0,0,6.065132216460719,2,-1.4366999999999983,88.29230000000001,0,1,1,1,0,4,1,0,0,0,1,1,0,0,0,3,1,2,0,0,0,1,0,0,0,0,0,0,0,1,0,0,0,0,0,0,1,0,0,0,1,2,0,0,0,0,0,1,0,0,0,0,0,0,0,0,0,0,0,0,0,0,0,0,0,0,0,0,0,0,0,0,0,0,0,0,0,0,0,0,0,0,0,0,0,4.131519702047379,0.45229673246494767,0.2319107200941783,0.26505636433131025,0.8728415692517343,1346.2731871567557,5117.426689556451,1.771632486103973e-18,0.3227685910619785,-0.46166185540300075,4.177444861908517,0.4721374101582145,0.2328790030123143,0.24934668969666454,0.8826877959568118,1300.920518053445,5307.203851196958,1.771632486103973e-18,0.3227685910619785,-0.4616618554030008,4.331456544635502,0.5425007378016315,0.19569031495436562,0.20217676837385726,0.905346986849082,1172.5352932931987,5844.851957685154,1.771632486103973e-18,0.3227685910619785,-0.46166185540300075
O=C(OC)C(NC(C(=O)N1C(C(=O)OC)CCC1)CCCC[N+])CCc1ccccc1,155.0,Low,20.0,,Table4,small_data_set/smiles_review/table4_fixed_review.csv,13.332182732290956,13.332182732290956,0.031595049242679,-0.6597570494247083,0.3971966471374766,17.774193548387096,431.5330000000002,398.2690000000002,431.24147257609,169,3,0.4178788914312134,-0.4678477791574555,0.4678477791574555,0.4178788914312134,1.096774193548387,1.8387096774193548,2.4838709677419355,16.528811629566945,10.01586351127808,2.3839337304831965,-2.2977614640340343,2.210371330834278,-2.541938494435481,5.884483998434226,-0.1520430061071813,3.295079179375324,2.132275439566242,712.4233111959263,22.639617433688308,18.41843182751517,18.41843182751517,15.01076901289768,10.883736064100088,10.883736064100088,7.751478548474964,7.751478548474964,5.660731227759739,5.660731227759739,3.960114316022993,3.960114316022993,-2.4499999999999997,9238070.80697994,24.81614674144886,13.067782252570064,7.325142783538221,183.99083122067924,14.373635638450576,12.08368165829592,0.0,5.907179729351506,6.544756405912575,17.672278053065885,14.905862972149976,4.794537184071822,0.0,0.0,30.33183534230805,44.08838122925306,12.965578028838586,20.26143591170303,23.85733745981556,17.845790305255207,0.0,15.950365812018994,0.0,63.071273847925966,27.30910789438022,35.89528683400505,0.0,0.0,11.050456081168516,0.0,0.0,0.0,68.18033041792977,30.27815908274157,0.0,44.08838122925306,30.33183534230805,0.0,0.0,0.0,107.24,30.064133063347583,14.383611552215466,0.0,12.45193613526408,45.06968614346864,11.984273114623004,14.219595082555069,4.899909730850478,30.33183534230805,5.316788604006331,15.207393384762284,9.825537472424058,0.0,39.42383081889994,3.188609693877551,10.232935207730865,-1.074225147004762,7.8842007696598575,4.032438390777482,0.50747423617661,2.645865224125054,0.6086956521739131,31,1,8,0,1,1,1,1,0,1,0,0,6,1,8,1,12,0,1,1,0,0,10.461032321454187,2,1.5220000000000002,115.09370000000004,0,0,0,0,0,0,0,0,0,0,3,3,0,0,0,2,1,0,0,0,1,0,0,0,0,0,0,1,0,0,1,0,0,0,1,0,0,0,0,0,2,2,0,0,0,0,0,0,0,0,0,0,0,0,0,2,0,0,0,0,0,0,0,0,0,0,0,0,0,0,0,0,0,0,0,0,0,0,0,0,0,0,0,1,0,4.33448095558417,0.2189477445086677,0.32309492761238184,0.42855151296582256,0.7689755827001952,3149.747546209516,5680.7035262483405,0.015625,0.4178788914312134,-0.46784777915745557,4.361205282112594,0.2069913975286718,0.34906869135691926,0.44011778536633256,0.781538731796158,3233.8446763276293,5779.087455852589,0.015625,0.4178788914312134,-0.46784777915745557,4.375893989262299,0.23591584405837898,0.32699860190447433,0.4128365335288746,0.7907940232793979,3075.475522214033,5944.368849211806,0.015625,0.4178788914312134,-0.46784777915745557
O=C(OCCOCn1c2N=C(N)NC(=O)c2nc1)C(N)C(C)C,141.0,Low,6.0,,Table4,small_data_set/smiles_review/table4_fixed_review.csv,11.621369122650238,11.621369122650238,0.0007898803149735,-0.6467659406891013,0.4421427639585916,12.695652173913045,324.34100000000007,304.18100000000004,324.15460312,126,0,0.32275628263485,-0.4620689536192801,0.4620689536192801,0.32275628263485,1.434782608695652,2.1739130434782608,2.869565217391304,16.56004301771635,10.06739020384486,2.179107946825712,-2.1401710039828745,2.060380219937757,-2.370288453640413,5.752703561273712,-0.1477799255800739,2.8869383038356067,1.8360165118449852,737.6302383315938,16.98276318419594,12.9827056378631,12.9827056378631,10.896754605515328,7.104168050226855,7.104168050226855,5.312383963596549,5.312383963596549,3.1858691736203086,3.1858691736203086,1.7977354675584585,1.7977354675584585,-2.46,138290.11863033322,16.902780825378105,7.201217920264318,4.047252656578504,131.3405964699809,20.94106086192447,19.37953954116036,11.16387793838399,5.948339280986494,5.559266895052008,5.969305287951849,19.140152536882205,4.9839785209472085,4.9839785209472085,0.0,13.847474399381248,5.917906046161393,0.0,12.93420203927746,14.26826309167192,23.081522507322333,0.0,19.51903521063298,11.651573523323576,26.62013197602869,18.94743140618802,16.68112415388837,0.0,0.0,17.026601849376377,5.948339280986494,0.0,0.0,44.74394525675863,20.999079839171404,5.917906046161393,13.847474399381248,11.121857258836364,0.0,11.16387793838399,0.0,151.14,17.570413012151818,9.589074368143644,0.0,37.327526721289466,5.647177220767728,0.0,10.894419722555895,0.0,13.847474399381248,14.951935562841626,20.94106086192447,11.904539057907114,0.0,33.48268696545388,0.0,11.24724902174966,-0.4501259398282509,-0.6467659406891013,1.4236444423448391,4.038772393061854,0.0,0.5384615384615384,23,5,10,0,0,0,0,0,2,2,0,0,9,3,10,2,7,0,0,0,0,0,5.292200355739692,2,-0.7975999999999981,82.28550000000001,0,0,0,1,0,4,1,0,0,0,1,1,0,0,0,3,1,2,0,0,0,1,0,0,0,0,0,0,0,1,0,0,0,0,0,0,1,0,0,0,1,2,0,0,0,0,0,1,0,0,0,0,0,0,0,0,0,0,0,0,0,0,0,0,0,0,0,0,0,0,0,0,0,0,0,0,0,0,0,0,0,0,0,0,0,4.5583910302986554,0.6637154719300686,0.1332745679460342,0.13571528565298993,0.9253728708292499,813.135032353988,6154.718141284937,7.261633155251751e-18,0.3227562826348502,-0.4620689536192801,4.3773416864931125,0.6054366336107844,0.16163112435418459,0.16761385346676633,0.9116582748250985,897.5414852079709,5589.075428909639,7.261633155251751e-18,0.3227562826348502,-0.4620689536192801,4.438175917774932,0.6315768896131034,0.16088580979529984,0.15017756802736318,0.9256434374411628,853.5067046168576,5796.749355780659,7.261633155251751e-18,0.3227562826348502,-0.4620689536192801
S(=O)(=O)(NCCCCCC[N+])c1c2c(ccc1)cccc2,108.0,Low,16.0,,Table4,small_data_set/smiles_review/table4_fixed_review.csv,12.383911485890652,12.383911485890652,0.1961625512702731,-3.479008028365666,0.7618795174898617,11.857142857142858,304.415,284.255,304.12400030009,111,3,0.417878880145415,-0.2111325361329674,0.417878880145415,0.2111325361329674,0.9047619047619048,1.619047619047619,2.4285714285714284,32.2332712398356,10.12774826435538,2.1557595119746065,-2.089995088814943,2.21965485209156,-2.245608969111559,7.893350762350969,0.572531204020117,2.4988718102026657,2.0455001076684884,678.2413841355645,15.131545744180547,11.956051038338217,12.772547619265945,10.148995134896754,7.232729985453226,8.715893233047618,5.012879356937471,6.748254472546285,3.4161199254369685,4.935309823873767,2.304666083816936,3.606361911912809,-1.4299999999999995,58708.49430890143,15.949462423506628,7.54191953373804,4.266366509191104,125.95324911064768,0.0,0.0,0.0,10.023291153407584,6.544756405912575,5.733667477162185,0.0,13.139891848781026,0.0,0.0,42.81902403369567,24.294234528778425,18.351802243303386,4.895483475517775,8.417796984328938,20.795739582337177,0.0,10.455762341614273,0.0,30.578769967221813,13.08951281182515,42.46456947923127,0.0,0.0,10.455762341614273,0.0,0.0,0.0,21.50730979615409,10.023291153407584,0.0,25.68328649170404,47.36005295474904,0.0,10.772448428929591,0.0,68.47,10.023291153407584,8.417796984328938,0.0,6.544756405912575,11.440239881430353,36.45573492063363,0.0,12.13273413692322,30.33183534230805,4.722094864452088,5.733667477162185,27.42189586482741,0.0,0.3295909181573868,1.66305675979197,8.689797521662497,0.0,12.773579151663046,3.394029333177511,0.6237251457525108,-3.479008028365666,0.375,21,1,4,0,0,0,0,2,0,2,0,0,2,1,5,0,8,0,0,0,0,0,5.728074390688834,2,2.747200000000001,84.60550000000006,0,0,0,0,0,0,0,0,0,0,0,0,0,0,0,1,1,0,0,0,0,0,0,0,0,0,0,0,0,0,0,0,0,0,2,0,1,0,0,0,0,0,0,0,0,0,0,0,0,0,0,0,0,0,0,0,0,0,0,0,0,0,0,0,0,0,0,0,0,0,0,0,0,0,0,0,1,0,0,0,0,0,0,3,0,3.909539706595547,0.4672321837236845,0.22262111374307061,0.24338100032739324,0.9119629436011893,998.1083830541638,3986.7336685163764,0.024390243902439025,0.4178788801454149,-0.21113253613296745,3.9411873194031704,0.4835791087237936,0.21709580986512914,0.23343704226311102,0.9111227200377477,974.6263106853625,4069.6817899411,0.024390243902439025,0.4178788801454149,-0.21113253613296745,3.885387758797305,0.453697819733943,0.23169269349032678,0.2513729935054153,0.9127764612144531,1015.9424080675815,3924.1565858208255,0.02439024390243903,0.4178788801454149,-0.21113253613296745
O=C(NC1C(OC(CC)CC)C=C(C(=O)OCC)CC1[N+])C,83.0,Low,11.0,,Table4,small_data_set/smiles_review/table4_fixed_review.csv,11.898432067271354,11.898432067271354,0.0057904751406738,-0.8817885487528347,0.7199811573930238,24.818181818181817,310.394,284.186,310.18870873209,123,3,0.4245039217349537,-0.4626295986032384,0.4626295986032384,0.4245039217349537,1.3636363636363635,2.0,2.5,16.533298928464397,9.87881517812296,2.444079242375666,-2.3082230321173483,2.2420570256964805,-2.5403131338259644,5.88690337708959,-0.1387320590520554,2.4693050621799517,2.981510040235151,418.36886868127584,16.698306133819763,13.795385228049732,13.795385228049732,10.42145261542064,7.907619855562933,7.907619855562933,5.449357682170738,5.449357682170738,3.73080200855859,3.73080200855859,2.5567056197404794,2.5567056197404794,-1.4,53534.53374806135,18.64854368932039,8.901512287334594,5.103401360544219,131.95783609778724,14.790514511606428,12.145807216896262,0.0,5.907179729351506,0.0,17.744813594261995,4.794537184071822,4.794537184071822,0.0,0.0,13.847474399381248,25.841400552376523,12.496841729759891,19.13166997518723,19.06280027574374,11.876485017303356,0.0,11.050456081168516,0.0,71.24902810133304,6.606881964512918,11.64912463690315,0.0,0.0,11.050456081168516,0.0,0.0,0.0,42.77498141560879,19.06280027574374,0.0,46.95741366754052,11.64912463690315,0.0,0.0,0.0,86.92999999999999,24.156953333996075,15.322741845305828,0.0,25.038849704538737,5.573104530069267,12.84164324585202,6.923737199690624,12.999757306524504,13.847474399381248,5.316788604006331,9.473725907600098,10.96408415217939,0.0,23.254174732794866,2.715979623330814,10.68602702191988,-0.6841170372469971,-1.4407917611489047,2.9128227880658444,7.425153813438445,0.0,0.75,22,1,6,1,0,1,1,0,0,0,0,0,4,1,6,0,7,0,0,0,0,0,7.545465490517339,1,1.3953999999999989,82.10270000000004,0,0,0,0,0,0,0,0,0,0,2,2,0,0,0,1,1,0,0,0,0,0,0,0,0,0,0,1,0,0,0,0,0,0,0,0,0,0,0,0,1,2,0,0,0,0,0,0,0,0,0,0,0,0,0,0,0,0,0,0,0,0,0,0,0,0,0,0,0,0,0,0,0,0,0,0,0,0,0,0,0,0,0,0,0,3.668308288269395,0.2474882032275864,0.22249340387190938,0.39490129635856414,0.7454901157126109,1538.2500641327474,2909.0096091751466,0.02083333333333334,0.4245039217349536,-0.4626295986032383,3.6672499180378066,0.24399971704113646,0.23653130777043285,0.3991341136714318,0.7490083293441028,1545.672933859769,2911.5055912678417,0.02083333333333334,0.4245039217349536,-0.4626295986032383,3.6727623822439415,0.24743044044701615,0.23269869953325734,0.3956451089756038,0.751508193572342,1536.4691221685869,2931.44296984449,0.02083333333333334,0.4245039217349536,-0.4626295986032383
O=C1N2C(=NN1)c1c(nc(c(-c3ccccc3)c1)-c1ccc(C3([N+])CCC3)cc1)C=C2,81.0,Low,5.0,,Table4,small_data_set/smiles_review/table4_fixed_review.csv,12.012232443323295,12.012232443323295,0.2715245746373647,-0.6841048464716291,0.4840987211162921,15.258064516129032,405.4610000000002,386.3090000000002,405.15841164809007,149,3,0.4308698763703559,-0.2498350219727375,0.4308698763703559,0.2498350219727375,0.967741935483871,1.7419354838709675,2.4516129032258065,16.148353150614344,9.724449838080565,2.511657481316854,-2.2325424690707054,2.4112261218306865,-2.348304024563217,5.976377919218214,0.2418341845290116,3.182313349912265,1.5861978992103931,1478.2307639979133,21.00142475325411,16.746626246298852,16.746626246298852,15.1219415847984,10.416086945102144,10.416086945102144,8.183958376907663,8.183958376907663,6.340007072152216,6.340007072152216,4.4083010689133415,4.4083010689133415,-3.7699999999999982,22021302.87931128,18.035309996054,6.617690246209264,2.794770804499503,177.92816407093056,0.0,0.0,5.647177220767728,0.0,0.0,16.962336127749005,0.0,19.27789211958186,5.098681808301038,0.0,54.59730361615449,24.117007251546227,41.11506550702087,11.210628712464722,0.0,16.550102152848787,0.0,25.315704220973263,0.0,24.80139012116137,0.0,88.9746133986631,0.0,22.384282469939446,11.423410875365658,0.0,0.0,0.0,19.58203674381108,5.538925252383345,0.0,24.825916360475023,77.72141850876261,0.0,38.93438462278824,0.0,85.35000000000001,5.538925252383345,10.528204661234009,0.0,5.689743398203474,5.647177220767728,58.11312376249553,4.400694606261793,6.196843571613076,48.53093654769288,28.396464821986903,4.9839785209472085,1.492626314744197,0.0,16.987648165167588,7.516392264958734,15.827326430840053,0.0,22.042274711656525,4.383732112632899,0.0,0.0,0.16,31,1,6,1,0,1,0,2,3,5,0,0,4,1,6,3,3,1,0,1,0,0,3.850067582201516,6,4.352700000000003,119.6487,0,0,0,0,0,4,1,0,0,0,0,0,0,0,0,4,1,0,0,0,0,1,0,0,0,0,0,0,0,0,0,0,0,0,2,0,3,0,0,0,0,0,0,0,0,0,0,0,0,0,0,0,0,0,0,0,0,0,0,0,0,0,0,0,0,0,0,0,0,0,0,0,0,2,0,0,0,0,0,0,0,0,0,0,0,4.681056661638379,0.4967611155439617,0.1179501174124272,0.21106379628609176,0.8302934322263634,1837.19349251698,7227.468093106864,0.02,0.43086987637035606,-0.24983502197273746,4.6775430242624045,0.49380233480091296,0.11921455422184891,0.21269991721068185,0.8290339309687755,1848.524127298559,7204.14734115933,0.019999999999999997,0.43086987637035606,-0.24983502197273746,4.6848325317205415,0.49678046484445,0.11748345048807524,0.21105938305007807,0.8300297338566818,1840.3164851922268,7237.827926979125,0.019999999999999993,0.430869876370356,-0.24983502197273746
[N+]CCC(c1ccccc1)c1ccccc1,61.0,Low,3.0,,Table4,small_data_set/smiles_review/table4_fixed_review.csv,9.159308390022677,9.159308390022677,0.2167214663643237,0.2167214663643237,0.7370977635753725,10.625,209.292,194.17199999999997,209.11990090009,79,3,0.417918601158729,-0.0622480076308754,0.417918601158729,0.0622480076308754,0.75,1.1875,1.5625,14.52021834421732,9.885879532401267,2.1532172460251915,-2.1419557595674,2.26524041177348,-2.0345995529300342,5.316383733855029,0.7168238036117082,2.3793304750871744,2.313974703080909,368.4647893410623,11.217332181807452,9.21228011895894,9.21228011895894,7.915014900172529,5.623193530716245,5.623193530716245,3.886234995151981,3.886234995151981,2.821657416416455,2.821657416416455,2.0255763222402683,2.0255763222402683,-1.5999999999999996,7042.818206258036,10.902614268848035,5.474503135295994,2.497836195672392,96.92321436576354,0.0,0.0,0.0,0.0,6.544756405912575,5.733667477162185,0.0,0.0,0.0,0.0,60.6636706846161,11.126902983393991,12.338727669087405,0.0,0.0,0.0,0.0,5.733667477162185,0.0,12.338727669087405,6.544756405912575,71.7905736680101,0.0,0.0,5.733667477162185,0.0,0.0,0.0,6.544756405912575,0.0,0.0,23.465630652481394,60.6636706846161,0.0,0.0,0.0,22.3,0.0,0.0,0.0,6.544756405912575,5.917906046161393,6.4208216229260096,11.126902983393991,0.0,36.39820241076966,24.26546827384644,5.733667477162185,0.0,0.0,0.0,0.0,11.692178760393048,0.2985185185185184,20.687396069538927,0.7718518518518519,0.2167214663643237,0.0,0.2,16,0,1,0,0,0,0,2,0,2,0,0,0,0,1,0,4,0,0,0,0,0,3.7303997498582135,2,3.277300000000002,66.34500000000004,0,0,0,0,0,0,0,0,0,0,0,0,0,0,0,1,0,0,0,0,0,0,0,0,0,0,0,0,0,0,0,0,0,0,2,0,0,0,0,0,0,0,0,0,0,0,0,0,0,0,0,0,0,0,0,0,0,0,0,0,0,0,0,0,0,0,0,0,0,0,0,0,0,0,0,0,0,0,0,0,0,0,0,0,0,2.952020038123195,0.22008879112210214,0.4053646920482127,0.41447394302761337,0.7781313732831578,690.5817468653847,1293.6164109248994,0.032258064516129024,0.41791860115872903,-0.06224800763087543,2.9566448664911023,0.21737938816845281,0.41828207541049633,0.41719373152319,0.7788643764272338,696.1148775783693,1296.9509028979066,0.03225806451612903,0.417918601158729,-0.06224800763087542,2.962983168457505,0.21275144402368865,0.41783765940059153,0.42221456030698445,0.7720834975149587,707.8853349529645,1292.2170557131203,0.03225806451612903,0.417918601158729,-0.06224800763087542
S(=O)(=O)(OC1C2OCC([N+])C2OC1)CCCCCCCCCCCC,61.0,Low,11.0,,Table4,small_data_set/smiles_review/table4_fixed_review.csv,12.096349657964812,12.096349657964812,0.0416073790627358,-3.570462199495162,0.3649739305441764,29.2,375.5310000000003,342.2670000000001,375.20739557609,145,3,0.4274682377642537,-0.3653925843671008,0.4274682377642537,0.3653925843671008,0.88,1.44,2.08,32.2399347549823,10.069632077835331,2.549786487867253,-2.1524702988449604,2.291226608576307,-2.34642565530797,7.862408892156209,0.0333304801776265,3.127473233510889,1.5186987485147798,470.0868831483503,18.123109575743268,15.398492570466765,16.21498915139449,12.032805283882038,9.854934436832425,11.432284706022047,7.241704476620468,8.957757928464618,4.999938494830428,6.329025107775937,3.529149701412352,4.724744207163848,-0.21,442424.8735053845,21.09418383576839,10.821979548139584,7.1344586340160685,152.44653330889142,9.473725907600098,18.814814740009524,6.103966387748303,0.0,10.118126859033554,11.775508306310146,4.183085432649707,0.0,8.417796984328938,0.0,64.71113180602472,6.4208216229260096,0.0,12.359735571259709,22.074608324578744,10.118126859033554,0.0,5.733667477162185,0.0,95.4856934213436,18.966617535772624,0.0,0.0,0.0,5.733667477162185,0.0,0.0,0.0,51.738154512494425,23.77493819928336,0.0,71.13195342895074,0.0,0.0,0.0,0.0,84.13000000000001,34.47186685142643,14.151464461491123,0.0,18.966617535772624,6.4208216229260096,12.84164324585202,44.94575136048208,0.0,0.0,6.923737199690624,13.656811340249806,40.22384191532505,0.0,0.0,0.0,9.664967280925085,0.0416073790627358,-0.69141051294436,10.028569678630529,2.5528864584961237,-3.570462199495162,1.0,25,0,6,0,2,2,0,0,0,0,0,0,5,0,7,2,13,0,2,2,0,0,9.131233042215284,2,2.8572,95.90580000000008,0,0,0,0,0,0,0,0,0,0,0,0,0,0,0,1,0,0,0,0,0,0,0,0,0,0,0,0,0,0,0,0,0,0,0,0,1,0,0,0,0,2,0,0,0,0,0,0,0,0,0,0,0,0,0,0,0,0,0,0,0,0,0,0,0,0,0,0,0,0,0,0,0,0,0,0,0,0,0,0,0,0,0,9,0,5.300278132547167,0.6841321119436182,0.11873326239538866,0.12560463716622985,0.9385273049173283,1195.64876627479,9727.043814264227,0.017241379310344824,0.4274682377642537,-0.3653925843671007,5.491120170672713,0.729486845291349,0.10587949342522883,0.10407008452286008,0.9515619088918353,1077.9764858805754,10593.151754746828,0.017241379310344824,0.4274682377642537,-0.3653925843671007,5.301785527610219,0.6959018388594985,0.12486134715878264,0.11946777711563822,0.9491231069139463,1145.1468534979772,9798.497841791135,0.017241379310344824,0.4274682377642537,-0.3653925843671007
O=C(OC1C2(C)C(=O)OC1C=C1C2C(C(=O)NC2CC2)C23C1CCC(O)(C(=C)C2)C3)C(N)C(C)C,47.0,Low,1.0,,Table4,small_data_set/smiles_review/table4_fixed_review.csv,13.920045369259835,13.920045369259835,0.0489588582346516,-1.2075434618291765,0.4006536492336139,46.0,484.5930000000005,448.3050000000003,484.257336872,190,0,0.3231342804612886,-0.4556421785456912,0.4556421785456912,0.3231342804612886,1.3142857142857145,2.0285714285714285,2.685714285714285,16.60844348634476,9.60270413467033,2.760776975979146,-2.427438277511892,2.738905689897623,-2.543232770460753,5.884587316330964,-0.1624991439134645,3.48043769024357,1.4490401428777675,1063.8897136339226,25.07662131133061,20.711705208021367,20.711705208021367,16.420029073169044,13.01981581064595,13.01981581064595,12.497890015325511,12.497890015325511,10.091859444111323,10.091859444111323,8.045806447277927,8.045806447277927,-2.1899999999999995,87172900.94356705,23.2231011549346,7.188909606781229,2.954752463157442,205.20919640855928,25.63070938360932,11.45683129854474,12.207932775496603,5.907179729351506,0.0,11.9386105759037,14.383611552215466,0.0,0.0,0.0,25.99951461304901,74.34859413586939,11.959746875309351,11.51895685714508,28.963864854656265,17.845790305255203,0.0,5.316788604006331,40.23527260060132,89.18880658140414,0.0,23.80116485057092,0.0,0.0,11.050456081168516,0.0,0.0,0.0,52.84498294487212,23.85733745981556,34.501605123439134,59.296141336627926,23.80116485057092,0.0,0.0,0.0,127.95000000000002,58.455228022648285,19.49013894705617,0.0,23.784832650822253,19.26246486877803,30.408673928916564,0.0,6.923737199690624,19.92349450621513,11.895724287604828,15.207393384762284,11.688440964348704,0.0,40.28296728190307,14.554480792677424,5.218688755837249,-2.164615000933547,-0.652636595048437,4.648725175825438,9.6739486253901,0.0,0.7407407407407407,35,4,8,5,1,6,1,0,0,0,0,4,7,3,8,1,5,4,1,5,1,0,4.769964999770331,6,1.7553,125.38890000000006,0,1,0,0,0,0,0,0,0,0,3,3,0,0,0,0,1,1,0,0,0,0,0,0,0,0,1,1,0,0,0,0,0,0,0,0,6,0,0,0,2,2,0,0,0,0,0,0,0,0,0,0,0,0,0,0,0,0,0,0,0,0,0,0,0,0,0,0,0,0,0,0,0,0,0,0,0,0,0,0,0,0,0,0,0,4.213603849643727,0.2423576838575808,0.35538353500382247,0.4219701480885784,0.8762697279930278,3033.2873497507976,6617.640336384901,3.029657901705974e-18,0.3231342804612888,-0.4556421785456912,4.229999810552078,0.2711661776266507,0.32724355914615144,0.39254066857742853,0.8693792486738701,2894.7159675575217,6717.36216642357,3.029657901705974e-18,0.3231342804612888,-0.4556421785456912,4.186608812381733,0.24055333163568118,0.33236639767584225,0.4130041905018094,0.8551192157652884,3013.986743190259,6445.413166875942,3.029657901705974e-18,0.3231342804612888,-0.4556421785456912
O(C)c1c(O)c2c(cc1)CC1[N+](C)CCC32C1CC(=O)C(=N)C3,46.0,Low,5.0,,Table4,small_data_set/smiles_review/table4_fixed_review.csv,12.173207357016882,12.173207357016882,0.0307769326866547,-0.2972453703703703,0.7752307805286616,33.130434782608695,314.385,292.209,314.16249398409,121,1,0.1763856245202844,-0.5040428710295428,0.5040428710295428,0.1763856245202844,1.391304347826087,2.1739130434782608,2.9130434782608696,16.474139140497314,9.513760119424578,2.605202735901856,-2.532132670043634,2.5693144640806653,-2.637516347881653,6.391884094252418,-0.1168358710182875,2.52113968471513,1.9582292411823516,714.4634034945407,16.353006672199015,13.555858754618884,13.555858754618884,10.975199522495991,8.178699234286864,8.178699234286864,7.197895770544379,7.197895770544379,6.25919618185852,6.25919618185852,5.116801066117092,5.116801066117092,-1.88,198080.90274869837,14.695868584110958,4.806246711915726,1.827706343799428,135.30770078288342,15.252673954432275,19.634269217737724,17.28226861293275,0.0,0.0,0.0,4.794537184071822,0.0,4.899909730850478,0.0,6.06636706846161,11.629818560158606,42.57963449895921,12.821482544048235,14.637927532712578,11.494929949135642,5.409283605791522,4.899909730850478,5.917906046161393,37.14011779024878,20.7022259298673,23.25963712031721,0.0,11.49902366656781,9.636772684650529,0.0,11.49902366656781,0.0,43.3455241029916,16.63034927639461,11.327189651952915,30.389367852172025,12.13273413692322,0.0,0.0,0.0,76.28,0.0,9.901064578912528,0.0,28.57733829797772,24.632995908283885,30.51330263515859,0.0,7.109797541277533,12.13273413692322,11.947581713527669,10.146146559591571,5.313192003653313,0.0,14.515821916729656,18.92497047430083,1.98175642479214,0.8360673605862103,4.165917107583773,2.572390164399093,0.9292925642479214,3.6772586503737297,0.5555555555555556,23,2,5,2,1,3,0,1,0,1,0,2,5,2,5,1,1,1,1,2,0,0,3.070955220049083,4,1.7357699999999998,86.82850000000003,0,0,0,0,0,0,0,1,0,0,1,1,0,0,0,1,1,0,0,1,1,0,0,0,0,0,0,0,0,0,0,0,0,0,1,0,1,0,0,0,0,1,0,0,0,0,0,0,0,0,0,1,1,0,0,1,0,0,0,0,0,0,0,0,0,1,1,0,0,1,0,0,0,0,0,0,0,0,0,0,0,0,0,0,0,3.271039162145007,0.19895172830982596,0.36206210397355715,0.440183350280663,0.7642883242098667,1338.8531146555556,2333.8483891541287,0.022222222222222216,0.29330431018631903,-0.5040428710295428,3.247580236609497,0.17778153404771074,0.3901568690797166,0.46669999504951715,0.7632065594608611,1380.8473666353837,2273.5487923777614,0.022222222222222216,0.293304310186319,-0.5040428710295428,3.251507659433291,0.1806015468670802,0.381901415310499,0.4623694653999951,0.7613776219608472,1376.439657482303,2279.0777103406526,0.022222222222222216,0.29330431018631903,-0.5040428710295428
[N+]CC1CCN(c2nc(-c3cc4c(cc3)cccc4)ccn2)CC1,40.0,Low,3.0,,Table4,small_data_set/smiles_review/table4_fixed_review.csv,9.277418837401216,9.277418837401216,0.2835579762251705,0.2835579762251705,0.7418647548208498,15.791666666666666,316.40800000000013,296.248,316.16824806009004,119,3,0.4182077533354847,-0.3407841922892103,0.4182077533354847,0.3407841922892103,1.0,1.7916666666666667,2.583333333333333,15.24948150020899,9.97320085497782,2.239355268427176,-2.290554414577493,2.2528986072801374,-2.3557611424075686,5.863114657814179,0.4073839862531643,2.6760730132420965,1.616425591199482,837.6713896291143,16.355160383312146,13.597890979828833,13.597890979828833,11.830831138144491,8.513446859019538,8.513446859019538,6.416808955245359,6.416808955245359,4.843664969264067,4.843664969264067,3.3257250083195418,3.3257250083195418,-2.4599999999999995,591508.47455498,15.09028564710477,6.573624484455976,2.971841644677493,141.89300371925574,4.899909730850478,0.0,0.0,5.948339280986494,6.544756405912575,5.733667477162185,0.0,9.967957041894415,0.0,0.0,36.39820241076966,35.74682581170483,30.76771392129661,5.693927994848461,0.0,16.720787709916085,0.0,15.7016245190566,5.917906046161393,12.84164324585202,24.5341789485882,54.72778011930596,0.0,11.257379486545457,10.633577208012664,5.948339280986494,0.0,0.0,29.602226259632143,0.0,5.917906046161393,12.84164324585202,54.72778011930596,0.0,22.02982791547505,0.0,51.32,0.0,5.733667477162185,0.0,6.544756405912575,5.917906046161393,43.13687482520912,10.772448428929591,0.0,12.263210640074686,52.34845773102896,4.9839785209472085,0.0,0.0,11.449695609725373,2.4588219985748854,11.34466780334562,1.210156336786859,16.76310658999172,3.838405750411072,2.1018125778311427,0.0,0.3,24,0,4,0,1,1,0,2,1,3,0,0,3,0,4,2,3,0,1,1,0,0,4.133244633635104,4,3.581900000000002,96.91200000000003,0,0,0,0,0,2,0,0,0,0,0,0,0,0,0,4,0,0,0,0,0,0,0,0,0,0,0,0,0,1,0,0,0,0,2,0,1,0,0,0,0,0,0,0,0,0,0,0,0,0,0,0,0,0,0,0,0,0,0,0,0,0,0,0,0,0,0,0,0,1,0,0,0,0,0,0,0,0,0,0,0,0,0,0,0,4.357044959946309,0.5908750298933236,0.09666646336530359,0.16488647829176406,0.8752448226823571,954.580294661843,5176.438515872314,0.02272727272727274,0.41820775333548477,-0.3407841922892103,4.3595184582882816,0.590298657347456,0.08969583820032861,0.16516195984941984,0.8712603694005056,959.0758863632446,5167.646853765045,0.02272727272727274,0.41820775333548477,-0.3407841922892103,4.384538089752126,0.6009629847691219,0.08665673345678249,0.15869983723318598,0.8768682690424855,941.5020972057106,5249.328246172825,0.02272727272727274,0.41820775333548477,-0.34078419228921036
O=C(NCC[N+])C1(C)C2C(C)(C3C(C=C(C(C)C)CC3)=CC2)CCC1,38.0,Low,12.0,,Table4,small_data_set/smiles_review/table4_fixed_review.csv,12.922435481168796,12.922435481168796,0.0130993944530064,-0.3132545587679511,0.8131206593247028,37.68,342.52700000000027,308.25500000000005,342.26656512809,137,3,0.4199519727435613,-0.3491768590770738,0.4199519727435613,0.3491768590770738,1.36,2.12,2.8,16.15069773801066,9.46395929452978,2.563757033965849,-2.5731551138738515,2.615864573973532,-2.5546850904636367,5.826006661570054,-0.1437032133224218,2.5848031778511062,1.914833152661928,590.8346398210213,18.24227620818977,16.399067481404334,16.399067481404334,11.825369608234933,10.12341196015121,10.12341196015121,9.2139728973513,9.2139728973513,7.495780126924225,7.495780126924225,5.987723855788455,5.987723855788455,-1.09,370945.1040534123,18.69368535444889,6.904725039381707,3.092829532188688,153.05761088586664,5.316788604006331,0.0,0.0,5.907179729351506,6.544756405912575,5.733667477162185,4.794537184071822,0.0,0.0,0.0,51.84091516542553,60.84592125258028,0.0,11.959746875309357,4.794537184071822,5.907179729351506,0.0,11.050456081168516,28.583699077277736,66.21987853631857,13.08951281182515,23.2982492738063,0.0,0.0,11.050456081168516,0.0,0.0,0.0,18.996692541176657,4.794537184071822,28.583699077277736,66.21987853631857,23.2982492738063,0.0,0.0,0.0,51.400000000000006,0.0,4.794537184071822,0.0,23.28191707405764,24.298474544396758,19.26246486877803,24.83556939884729,5.573104530069267,0.0,45.16377761643659,5.733667477162185,0.0,0.0,12.922435481168796,2.9652846242695627,12.09822211458511,1.769459629242919,0.0,11.667570025089416,9.577028125644198,0.0,0.7727272727272727,25,1,3,3,0,3,1,0,0,0,0,0,1,1,3,0,4,1,0,1,0,0,5.162990293807453,3,4.306500000000003,101.91070000000006,0,0,0,0,0,0,0,0,0,0,1,1,0,0,0,1,1,0,0,0,0,0,0,0,0,0,4,1,0,0,0,0,0,0,0,0,3,0,0,0,0,0,0,0,0,0,0,0,0,0,0,0,0,0,0,0,0,0,0,0,0,0,0,0,0,0,0,0,0,0,0,0,0,0,0,0,0,0,0,0,0,0,0,0,0,4.05296812049478,0.4822740790935432,0.26153722914315086,0.22592799057491392,0.9025384472244397,1170.3814404292884,4797.993286728786,0.016949152542372885,0.41995197274356133,-0.34917685907707396,4.029269919587862,0.46977784698139824,0.2599301744369896,0.23415804261893006,0.8959941608903476,1192.159772728988,4711.455003713721,0.016949152542372885,0.41995197274356133,-0.34917685907707396,4.033853174510877,0.46652119731916997,0.2755707620404914,0.23457775610995554,0.902009885617217,1204.8601643909876,4726.032313087698,0.016949152542372885,0.41995197274356133,-0.34917685907707396
[N+]C1(C)C2C(C)(C3C(C=C(C(C)C)CC3)=CC2)CCC1,28.0,Low,6.0,,Table4,small_data_set/smiles_review/table4_fixed_review.csv,10.820665889812716,10.820665889812716,0.3103599773242632,-0.4612406698790623,0.6441670655720863,44.5,271.448,242.21599999999992,271.22945134809,109,3,0.4252552932001156,-0.0804560115449864,0.4252552932001156,0.0804560115449864,1.25,2.0,2.7,14.784093094664884,9.490119679472004,2.603456101007362,-2.521694519204425,2.5860680031726715,-2.5373969661197227,5.351888608495934,-0.0074348693815222,2.3670033775924137,1.9679546502052343,454.3867080466997,14.543605595440514,13.576605628567377,13.576605628567377,9.343989132800084,8.473113456059146,8.473113456059146,8.174171122110689,8.174171122110689,6.548115402056284,6.548115402056284,5.311638060753936,5.311638060753936,-0.56,30539.07757769732,14.380319391846736,4.728545717712032,2.094405387190068,124.251400259025,0.0,0.0,0.0,0.0,5.538925252383345,5.733667477162185,0.0,0.0,0.0,0.0,38.4963563428089,54.92801520641889,19.262464868778025,0.0,0.0,0.0,0.0,5.733667477162185,23.16870860788096,71.75880378870191,0.0,23.2982492738063,0.0,0.0,5.733667477162185,0.0,0.0,0.0,5.538925252383345,0.0,23.16870860788096,66.21987853631857,23.2982492738063,0.0,0.0,0.0,22.3,5.538925252383345,5.733667477162185,0.0,0.0,23.16870860788096,12.84164324585202,25.68328649170404,11.146209060138537,0.0,39.84698901243026,0.0,0.0,0.0,0.0,0.0,13.87211819990342,1.8045074719702692,0.0,12.00370900520702,9.152998656252624,0.0,0.7894736842105263,20,0,1,3,0,3,0,0,0,0,0,0,0,0,1,0,1,1,0,1,0,0,3.399899883982408,3,4.942700000000005,84.33200000000005,0,0,0,0,0,0,0,0,0,0,0,0,0,0,0,1,0,0,0,0,0,0,0,0,0,0,4,0,0,0,0,0,0,0,0,0,3,0,0,0,0,0,0,0,0,0,0,0,0,0,0,0,0,0,0,0,0,0,0,0,0,0,0,0,0,0,0,0,0,0,0,0,0,0,0,0,0,0,0,0,0,0,0,0,0,3.4501594180189086,0.510249742826866,0.2826650269592569,0.20632167383128525,0.9387467301432224,619.0823893404479,2829.5238479427153,0.020408163265306124,0.42525529320011546,-0.08045601154498648,3.442758311092699,0.5044572493128119,0.28583857007192515,0.20976634133470268,0.9376465469339231,625.1619628032787,2811.445133196947,0.020408163265306124,0.42525529320011546,-0.08045601154498648,3.431237917861047,0.4970669288101081,0.282115444957558,0.21341877119009103,0.9325989023972769,632.9214124107511,2779.136886944303,0.020408163265306124,0.42525529320011546,-0.08045601154498648
O=C(OC1C2OCC([N+])C2OC1)CN,23.0,Low,0.4,,Table4,small_data_set/smiles_review/table4_fixed_review.csv,10.917034674981103,10.917034674981103,0.1563092876039304,-0.6235383597883599,0.5249533038039877,41.0,200.194,188.098,200.07915828409,77,3,0.4274692146168287,-0.4560637473159277,0.4560637473159277,0.4274692146168287,1.4285714285714286,2.142857142857143,2.857142857142857,16.62928903730795,10.095773998507704,2.548093761761518,-2.1458861964781826,2.2779582165738907,-2.354333247845572,5.711387769418392,-0.1513680245942373,2.7156448902130075,1.9307959045997296,235.381168943422,10.129392033067417,7.588278446863184,7.588278446863184,6.71954535281284,4.529202492572061,4.529202492572061,3.395680978716764,3.395680978716764,2.4313290352741785,2.4313290352741785,1.7619468387894115,1.7619468387894115,-0.6900000000000002,2441.364756301494,9.849516086105751,3.8173626150647246,1.6118942097332114,81.46412270413717,19.944256338562333,12.71084835226122,12.207932775496603,0.0,0.0,17.744813594261995,4.794537184071822,0.0,0.0,0.0,0.0,0.0,0.0,13.151638370425491,19.005126045471968,5.969305287951849,0.0,5.733667477162185,5.733667477162185,24.353739992392867,19.75852033493841,0.0,0.0,0.0,11.46733495432437,0.0,0.0,0.0,50.081565615283125,19.005126045471968,0.0,0.0,0.0,0.0,0.0,0.0,93.08,18.115112504848117,10.528204661234009,0.0,31.96645311043502,0.0,0.0,0.0,0.0,0.0,0.0,19.944256338562333,15.505888133030991,0.0,10.917034674981103,0.0,14.502339380196524,-0.4821853741496593,-0.6235383597883599,-1.153449546485262,0.3339110922146637,0.0,0.875,14,2,6,0,2,2,0,0,0,0,0,0,5,1,6,2,2,0,2,2,0,0,2.685655320255623,2,-1.908199999999998,44.33640000000002,0,0,0,0,0,0,0,0,0,0,1,1,0,0,0,1,0,1,0,0,0,0,0,0,0,0,0,0,0,0,0,0,0,0,0,0,1,0,0,0,1,3,0,0,0,0,0,0,0,0,0,0,0,0,0,0,0,0,0,0,0,0,0,0,0,0,0,0,0,0,0,0,0,0,0,0,0,0,0,0,0,0,0,0,0,2.796647980202789,0.5053795418621377,0.26089093984209866,0.20870341498269504,0.9140966320885656,305.56594288722926,1350.4740768386425,0.03846153846153847,0.4274692146168289,-0.4560637473159279,2.787591849508072,0.49937548575366314,0.2611261765644027,0.2112639262967199,0.9072446965247745,308.69135452586755,1333.9276686725755,0.03846153846153847,0.4274692146168289,-0.4560637473159279,2.7969638065035256,0.5085159436367955,0.2698112872924282,0.20700262472318373,0.9206897808654017,302.4930973952506,1357.2750255140725,0.03846153846153847,0.4274692146168289,-0.4560637473159279
[N+]C1C2OCC([N+])C2OC1,20.0,Low,0.0,,Table4,small_data_set/smiles_review/table4_fixed_review.csv,9.156018518518518,9.156018518518518,0.2841203703703705,-0.5535648148148151,0.4176924766790182,53.4,140.142,132.078,140.05748033618,52,6,0.4274716683085802,-0.3609834390973016,0.4274716683085802,0.3609834390973016,0.9,1.3,1.7,16.570978309212254,10.085652113436232,2.5862636075297885,-1.98523594859131,2.252054472829041,-2.3196179234676326,4.967196648187517,0.0685221530247282,2.405109318244186,2.0917705580984776,125.70950594454668,7.137828201504695,5.43453841105924,5.43453841105924,4.787693700234704,3.381649150402706,3.381649150402706,2.730593189539349,2.730593189539349,2.0011373981104263,2.0011373981104263,1.4588053397393717,1.4588053397393717,-0.16,339.1204138724302,6.543966449258588,2.1655790225487195,0.7689940828402367,59.45917114579331,9.473725907600098,13.213763929025836,12.207932775496603,0.0,0.0,23.55101661262029,0.0,0.0,0.0,0.0,0.0,0.0,0.0,0.0,9.473725907600098,0.0,0.0,11.46733495432437,0.0,24.291614433792525,13.213763929025836,0.0,0.0,0.0,11.46733495432437,0.0,0.0,0.0,37.50537836281836,9.473725907600098,0.0,0.0,0.0,0.0,0.0,0.0,63.06,12.08368165829592,0.0,0.0,25.421696704522443,0.0,0.0,0.0,0.0,0.0,0.0,20.94106086192447,10.15277777777778,0.0,0.0,0.0,18.31203703703704,0.0,-1.1071296296296302,-0.5925925925925934,0.568240740740741,0.0,1.0,10,0,4,0,2,2,0,0,0,0,0,0,2,0,4,2,0,0,2,2,0,0,1.4171476466777029,2,-1.3413999999999997,31.32399999999999,0,0,0,0,0,0,0,0,0,0,0,0,0,0,0,2,0,0,0,0,0,0,0,0,0,0,0,0,0,0,0,0,0,0,0,0,1,0,0,0,0,2,0,0,0,0,0,0,0,0,0,0,0,0,0,0,0,0,0,0,0,0,0,0,0,0,0,0,0,0,0,0,0,0,0,0,0,0,0,0,0,0,0,0,0,1.9609172291826225,0.1932576589385223,0.5341927627325063,0.4546935919528992,0.8220174241799142,212.80078233389222,389.448958727447,0.1111111111111111,0.42747166830858024,-0.3609834390973015,1.9779442881564786,0.22230075693058263,0.5545980259932834,0.4184343576594685,0.8117461652158929,204.5345487672496,398.93557074473904,0.1111111111111111,0.4274716683085803,-0.3609834390973016,1.967564706383363,0.19793062294842168,0.5228027633193577,0.44527661761324105,0.8023014743823194,213.58291280299048,387.3968463422838,0.11111111111111112,0.4274716683085803,-0.36098343909730163
S(CC(=O)OC1C2(C)C(C)CCC3(C(C)C(O)C(C=C)(C)C1)C2C(=O)CC3)CC[N+],20.0,Low,5.0,,Table4,small_data_set/smiles_review/table4_fixed_review.csv,13.283890890671644,13.283890890671644,0.0216632460235906,-0.6469240008394956,0.3905699817847186,45.93333333333333,435.63000000000034,398.3340000000002,435.24378108409,167,3,0.4188494666965979,-0.4611012325879561,0.4611012325879561,0.4188494666965979,1.3666666666666667,2.066666666666667,2.7,32.16649244597203,9.435868823937534,2.677659416359219,-2.614130431103357,2.6748455172076517,-2.6269572046628697,7.994564772862302,-0.2049045981954404,3.0687523284475606,2.064774408785399,698.6934132857459,22.3196264773794,18.85548299867205,19.67197957959977,14.06338568771304,11.289798393873982,12.444498932253232,10.340510448629416,11.445682164151954,9.031038752684957,9.942114478742267,6.9141478228726,7.42229288345423,-0.8500000000000001,3654445.191598077,23.805606769914124,8.589562077183947,3.566486212744008,185.119647070348,9.843390348640757,11.887211334113244,0.0,0.0,6.544756405912575,11.702972765114032,9.589074368143644,0.0,0.0,18.34082063298961,33.770968905596376,42.934089053423605,23.16870860788096,17.60967360124188,19.4324647167844,23.514435183707903,0.0,5.733667477162185,33.99868954667452,72.00698968888915,18.050463619406152,12.654955790432378,0.0,0.0,5.733667477162185,0.0,0.0,11.761884949391115,47.11747402406024,14.325937321943693,33.99868954667452,59.79905691339255,12.654955790432378,0.0,0.0,0.0,85.9,23.03791371429017,14.69560176298435,0.0,47.21886885485711,18.59449685259881,19.26246486877803,11.761884949391115,0.0,12.999757306524504,27.35014728267037,10.470530430962237,6.114152021919878,1.3465793886999242,25.99733106766837,11.461896426601964,7.669774819453942,0.6158544123508498,0.0,4.400203033782127,12.477542162856276,0.0,0.8333333333333334,30,1,5,3,0,3,0,0,0,0,0,2,5,1,6,0,6,3,0,3,0,0,6.815991237840261,3,3.6948000000000025,118.96680000000008,0,1,1,0,0,0,0,0,0,0,2,2,0,0,0,1,0,0,0,0,0,0,0,0,0,0,0,0,0,0,0,0,0,0,0,0,0,0,0,0,1,1,0,0,0,0,0,0,0,0,0,1,1,0,0,0,0,0,0,0,0,0,0,0,0,0,0,0,0,0,0,0,0,0,0,1,0,0,0,0,0,0,0,0,0,3.943271521594374,0.26461679169171537,0.3761006003244776,0.37287156337486244,0.8412321710398427,2266.3672492629025,5159.9869183724095,0.014925373134328358,0.41884946669659784,-0.46110123258795593,3.9261627269092045,0.2651310466470134,0.3832106788991039,0.3720005115154834,0.8478186826959161,2239.0183308178644,5138.824905535313,0.014925373134328358,0.41884946669659784,-0.46110123258795593,3.9468569744468014,0.2686387772052009,0.38917402772295867,0.3698872058781484,0.8494722068940275,2247.534415381568,5207.235958879929,0.014925373134328358,0.41884946669659784,-0.46110123258795593
O=C1C(c2c3c(n4c2CC(C[N+])CC4)cccc3)=C(c2c3c(n(C)c2)cccc3)C(=O)N1,17.0,Low,7.0,,Table4,small_data_set/smiles_review/table4_fixed_review.csv,13.235013699924412,13.235013699924412,0.1124204564108062,-0.361202024019484,0.5142353167379551,18.625,422.4880000000001,400.3120000000002,422.1737273640901,157,3,0.4182212126537226,-0.3499023004568569,0.4182212126537226,0.3499023004568569,0.96875,1.65625,2.4375,16.1725995832193,9.890253997179556,2.3811265420859704,-2.216012015177215,2.422214972537533,-2.241862826795584,6.505967815431203,-0.122342111038924,3.4133544381674623,1.7062546139925587,1470.0338010186335,21.982398705266423,17.760067184070053,17.760067184070053,15.57971869811898,10.938610635953523,10.938610635953523,8.735956928438817,8.735956928438817,6.927241963338795,6.927241963338795,5.437458442256124,5.437458442256124,-3.6399999999999992,43521443.28056187,19.07595673101806,6.934379873485613,2.561073394380101,184.8510430896823,9.13419929558271,0.0,0.0,0.0,18.359115864615585,5.733667477162185,14.905862972149976,0.0,0.0,0.0,36.39820241076966,24.97437738277524,64.3338588487688,11.146209060138537,9.589074368143644,44.76641838300366,0.0,20.184655376751223,12.965578028838582,19.386399651764595,6.544756405912575,71.54861109754842,0.0,0.0,11.050456081168516,0.0,0.0,0.0,27.493315160198296,29.602324379659414,5.917906046161393,23.24165260116846,54.72778011930596,0.0,32.952058924300644,0.0,78.33,0.0,15.322741845305828,0.0,24.27702191077698,17.567030683064544,51.592258871243146,0.0,0.0,60.27618468131289,15.950255320259297,0.0,4.237197434516608,0.0,26.357506062610227,4.468110224027883,15.379433786187002,-0.5736625141332936,15.958041011175064,3.4957331611223204,0.8976583171785191,1.946649183982337,0.2307692307692307,32,1,6,0,2,2,2,2,2,4,0,0,4,1,6,4,3,0,0,0,0,0,4.133747825720438,6,3.331300000000001,123.63270000000004,0,0,0,0,0,2,0,0,0,0,2,2,0,0,0,3,1,0,0,0,0,0,0,0,0,0,0,2,0,0,2,0,0,0,2,0,4,0,0,0,0,0,0,0,0,0,0,0,1,0,0,0,0,0,0,0,0,0,0,0,0,0,0,0,2,0,0,0,0,0,0,0,0,0,0,0,0,0,0,0,0,0,0,0,0,3.793806537512588,0.12171753637300835,0.5413607315538755,0.5448408236999418,0.8542474007900551,2739.2654706040566,4343.2246830542335,0.018518518518518524,0.41822121265372264,-0.34990230045685705,3.791778115262428,0.11984767754778437,0.541339978797506,0.5527023848877416,0.8540187032974628,2759.522005494805,4327.552176511524,0.018518518518518524,0.41822121265372264,-0.349902300456857,3.809685303975482,0.13125627143144658,0.5364336364274077,0.5395417230602566,0.8704401364483745,2702.796531426605,4451.905253434636,0.018518518518518524,0.41822121265372264,-0.349902300456857
O=C(OC)C1(C)C2C(C)(C3C(O)(C2C[N+])C2C(C(C)C)(OC(=O)O2)CC3)CCC1,16.0,Low,6.0,,Table4,small_data_set/smiles_review/table4_fixed_review.csv,12.900457097190728,12.900457097190728,0.0502844440245238,-1.4558848261526824,0.7215279881201417,50.96551724137931,407.5070000000004,374.24300000000017,407.23023919608994,161,3,0.5090058540541745,-0.4685870965950042,0.5090058540541745,0.4685870965950042,1.3103448275862069,2.0,2.586206896551724,16.783574885496208,9.525688217191869,2.8003605909795724,-2.525417948089696,2.718326914785658,-2.659561653932289,5.77088666510133,-0.1995753014737043,3.118911800591809,1.8884994773329649,726.0910497173744,21.405412915006305,18.065060676386647,18.065060676386647,13.51872748897452,10.833121687196424,10.833121687196424,10.473326403764048,10.473326403764048,9.159736790256703,9.159736790256703,8.051226950780874,8.051226950780874,-1.34,2749801.064638971,20.91356954566401,6.330117035395646,2.31638406745105,172.1775151538583,19.31711625624085,5.601050810983688,11.70501719873199,0.0,6.544756405912575,17.85833839465279,4.794537184071822,4.794537184071822,0.0,0.0,27.19203322199788,55.77573229927563,0.0,18.442694056835705,28.906190624384493,12.124670917490608,0.0,5.733667477162185,34.50160512343913,77.10512492310824,13.65455394719011,0.0,0.0,0.0,5.733667477162185,4.794537184071822,0.0,0.0,48.1918202692371,19.005126045471968,34.50160512343913,59.79905691339256,0.0,0.0,0.0,0.0,104.36,34.794330154812606,20.42926924014653,0.0,35.682770301745386,19.26246486877803,12.84164324585202,7.109797541277533,0.0,20.771211599071872,6.923737199690624,14.210588861400147,16.51411655171328,0.0,25.12939083466771,12.286260393046106,6.967088647959185,-1.4437965849920231,0.0,1.984598739187032,7.672881813219114,1.3894596051995944,0.9090909090909092,29,1,7,3,1,4,0,0,0,0,0,0,6,1,7,1,3,3,1,4,0,0,4.565011822480668,4,2.741900000000001,102.65880000000008,0,1,0,0,0,0,0,0,0,0,2,2,0,0,0,1,0,0,0,0,0,0,0,0,0,0,0,0,0,0,0,0,0,0,0,0,5,0,0,0,1,3,0,0,0,0,0,0,0,0,0,0,0,0,0,1,0,0,0,0,0,0,0,0,0,0,0,0,0,0,0,0,0,0,0,0,0,0,0,0,0,0,0,0,0,3.6112111314799114,0.3077082544939476,0.410709423798312,0.34389683381782354,0.922983454473664,1595.0805997849102,4335.773546081755,0.016129032258064516,0.5090058540541746,-0.468587096595004,3.622660593054738,0.313757652580638,0.3970649301992161,0.33521619458853397,0.917661909826011,1585.1437142887771,4360.175433283145,0.016129032258064516,0.5090058540541746,-0.468587096595004,3.6190958722085673,0.3074832696208787,0.39777252380373007,0.3410032141449872,0.9157683263933097,1603.6090421973324,4337.707353866272,0.016129032258064516,0.5090058540541746,-0.468587096595004
O(C)c1c2OC(C[N+])C34C(CCO)C([N+](C)CC3)Cc(c24)cc1,5.0,Low,0.0,,Table4,small_data_set/smiles_review/table4_fixed_review.csv,10.034939058956915,10.034939058956915,0.0043282312925168,-0.2494444444444448,0.8379337062972677,34.869565217391305,316.40100000000007,292.20900000000006,316.17759546818,122,4,0.4222741649372181,-0.4928574529369131,0.4928574529369131,0.4222741649372181,1.4782608695652173,2.3043478260869565,3.0,16.527140634967534,9.546397401142508,2.6569407641081475,-2.493269187730334,2.600194094860807,-2.6429238480762707,5.603371206216036,0.0086287180866891,2.895535111181541,1.9489375783638665,620.5294156373058,16.189869965382485,13.787529400495018,13.787529400495018,11.16739897843228,8.459513482244931,8.459513482244931,7.08135928083588,7.08135928083588,6.333326598032077,6.333326598032077,5.356696993239335,5.356696993239335,-1.2999999999999998,282450.7634904258,15.240756281860056,5.363902409710953,1.8412742382271463,136.91426361009442,14.580253302440804,19.634269217737724,17.602990054316113,0.0,0.0,12.27842388307476,0.0,0.0,4.899909730850478,0.0,6.06636706846161,18.050640183084614,30.929882748223324,12.524788010674314,14.580253302440804,0.0,0.0,10.633577208012664,5.917906046161393,36.82326255507107,33.85386430029279,23.25963712031721,0.0,11.49902366656781,20.10730311561276,0.0,11.49902366656781,0.0,51.10619891202976,11.83581209232279,5.917906046161393,23.96854622924601,12.13273413692322,0.0,0.0,0.0,66.89000000000001,0.0,10.84019487200289,0.0,24.670595227570576,11.959746875309351,37.30624494125841,11.126902983393991,7.109797541277533,6.06636706846161,18.013948781989278,9.473725907600098,11.721670997102546,0.0,2.4079131235827664,9.648096970269588,12.37543886999244,1.8596763983371127,4.514822924540185,2.4080657123960694,1.1544866465104566,3.8264950239355,0.6666666666666666,23,1,5,1,2,3,0,1,0,1,0,2,4,1,5,2,4,0,1,1,1,0,3.5543447541776736,4,0.8595999999999997,86.31580000000005,0,1,1,0,0,0,0,0,0,0,0,0,0,0,0,2,0,0,0,1,1,0,0,0,0,0,0,0,0,0,0,0,0,0,1,0,1,0,0,0,0,2,0,0,0,0,0,0,0,0,0,0,0,0,0,1,0,0,0,0,0,0,0,0,0,0,0,0,0,1,0,0,0,0,0,0,0,0,0,0,0,0,0,0,0,3.2499467947454783,0.17478114531244457,0.4600206059280311,0.4710634098862334,0.8310210277988829,1358.6684651988312,2410.991204112857,0.04255319148936171,0.42227416493721803,-0.4928574529369132,3.247048375049069,0.18142280981824485,0.4553642618574909,0.46348081250712214,0.8401521429451809,1332.787209942175,2433.707422237329,0.04255319148936171,0.42227416493721803,-0.4928574529369132,3.257562585956629,0.18227858884835352,0.45711068134726474,0.4635953615566806,0.834884304736781,1343.3279266158463,2439.276034539251,0.04255319148936171,0.42227416493721803,-0.4928574529369132
OC1C2OCC([N+])C2OC1,0.0,Low,0.0,,Table4,small_data_set/smiles_review/table4_fixed_review.csv,9.156018518518518,9.156018518518518,0.2841203703703705,-0.5535648148148151,0.452526559222009,53.4,143.142,134.07,143.05769456809,55,3,0.4274682270969819,-0.3878897580752832,0.4274682270969819,0.3878897580752832,1.2,1.9,2.6,16.587600694975922,10.100070316911502,2.529828357011404,-2.0617379183387867,2.255374671239306,-2.31253670296663,4.950787443651069,0.0181624854867494,2.405109318244186,2.0917705580984776,124.95461844238322,7.137828201504695,5.43453841105924,5.43453841105924,4.787693700234704,3.381649150402706,3.381649150402706,2.730593189539349,2.730593189539349,2.0011373981104263,2.0011373981104263,1.4588053397393717,1.4588053397393717,-0.16,339.1204138724302,6.543966449258588,2.1655790225487195,0.7689940828402367,58.91351420097661,14.580253302440804,18.814814740009524,6.103966387748303,0.0,0.0,11.775508306310146,0.0,0.0,0.0,0.0,0.0,0.0,0.0,6.606881964512918,14.580253302440804,0.0,0.0,5.733667477162185,0.0,24.353739992392867,13.213763929025836,0.0,0.0,0.0,5.733667477162185,0.0,0.0,0.0,42.67403131625941,9.473725907600098,0.0,0.0,0.0,0.0,0.0,0.0,60.99000000000001,12.145807216896262,0.0,0.0,25.421696704522443,0.0,0.0,0.0,0.0,0.0,0.0,20.313920779602988,10.15277777777778,0.0,0.0,9.156018518518518,9.156018518518518,0.0,-0.5535648148148151,-1.1461574074074086,0.568240740740741,0.0,1.0,10,1,4,0,2,2,0,0,0,0,0,0,3,1,4,2,0,0,2,2,0,0,1.4171476466777029,2,-1.4178,31.40879999999999,0,1,1,0,0,0,0,0,0,0,0,0,0,0,0,1,0,0,0,0,0,0,0,0,0,0,0,0,0,0,0,0,0,0,0,0,1,0,0,0,0,2,0,0,0,0,0,0,0,0,0,0,0,0,0,0,0,0,0,0,0,0,0,0,0,0,0,0,0,0,0,0,0,0,0,0,0,0,0,0,0,0,0,0,0,1.9896375456310698,0.22771778666781187,0.5150261234195651,0.41592764345408867,0.808737017673723,209.47622021038956,412.5351896613765,0.052631578947368404,0.42746822709698196,-0.3878897580752832,1.980704489277256,0.21815808779461102,0.5300750302779833,0.42561934287864656,0.8297064610193924,209.82608850895105,413.80999413412553,0.052631578947368404,0.42746822709698196,-0.38788975807528325,2.005206726608133,0.2456193459700545,0.5097693223134643,0.3928977266109529,0.8074036297237707,204.70496209817307,422.1958587283492,0.052631578947368404,0.42746822709698196,-0.38788975807528325
O=C(OC)C1(C)C2C(C)(C3C(C([N+])C(O)(C(C)C)CC3)=CC2)CCC1,0.0,Low,0.0,,Table4,small_data_set/smiles_review/table4_fixed_review.csv,12.570202970880729,12.570202970880729,0.0153429947060446,-1.03586400069287,0.6134792117342865,46.88,347.49900000000025,314.23500000000007,347.24549533609,139,3,0.4302461159892024,-0.4685871216618592,0.4685871216618592,0.4302461159892024,1.32,2.0,2.6,16.525207841467775,9.449439244910854,2.637055822316936,-2.578606898951647,2.6291907177027416,-2.595548343216432,5.768040588970839,-0.1677682639859672,2.565586840640047,1.99990989313135,585.6902362449431,18.620955864630133,16.34031580499506,16.34031580499506,11.608878665815867,9.797808926734032,9.797808926734032,9.400558545372691,9.400558545372691,8.038595221413447,8.038595221413447,6.317456512429479,6.317456512429479,-0.8700000000000001,295083.5360630556,18.90731100744621,6.089470688291114,2.511031420345325,151.74018860174914,9.843390348640757,5.601050810983688,0.0,0.0,0.0,17.744813594261995,4.794537184071822,0.0,0.0,0.0,33.26805332883176,62.196553922201645,5.573104530069267,12.524788010674314,14.637927532712576,5.969305287951849,0.0,5.733667477162185,28.583699077277736,77.86277017645023,7.109797541277533,11.64912463690315,0.0,0.0,5.733667477162185,0.0,0.0,0.0,29.828521864201733,9.53140013787187,28.583699077277736,66.21987853631857,11.64912463690315,0.0,0.0,0.0,68.83,17.05788210952843,15.634732056074713,0.0,29.13801389583281,6.4208216229260096,37.67721264469931,7.109797541277533,0.0,13.847474399381248,19.92349450621513,4.736862953800049,5.159394279712192,0.0,12.570202970880729,10.999964279706118,10.46669457829428,0.3831830913928671,-0.7959867357436805,7.340446336713697,8.309892610938112,1.4828752547723507,0.8571428571428571,25,1,4,3,0,3,0,0,0,0,0,0,3,1,4,0,2,2,0,2,0,0,4.605420646969906,3,3.5366000000000017,96.70480000000006,0,1,0,0,0,0,0,0,0,0,1,1,0,0,0,1,0,0,0,0,0,0,0,0,0,0,1,0,0,0,0,0,0,0,0,0,3,0,0,0,1,1,0,0,0,0,0,0,0,0,0,0,0,0,0,1,0,0,0,0,0,0,0,0,0,0,0,0,0,0,0,0,0,0,0,0,0,0,0,0,0,0,0,0,0,3.7167097579214508,0.4441501661058282,0.32691326483055977,0.2469858361325873,0.9397462064887805,1071.981073935606,4137.7472135456655,0.017241379310344824,0.4302461159892025,-0.46858712166185906,3.7661836517065614,0.4699124808087174,0.31186559063904373,0.22991551953654527,0.9455282464965825,1039.086837298785,4285.823616771943,0.017241379310344824,0.4302461159892025,-0.46858712166185906,3.7508221839998153,0.46678005994510846,0.3065682865547819,0.2322524358087073,0.9411947496626083,1037.7311965562444,4240.067024226741,0.017241379310344824,0.4302461159892025,-0.46858712166185906
[N+]C(c1ccccc1)(c1ccccc1)c1ccccc1,0.0,Low,0.0,,Table4,small_data_set/smiles_review/table4_fixed_review.csv,11.42527777777778,11.42527777777778,0.8725925925925926,-1.12125,0.631686580959097,11.25,257.336,242.21599999999992,257.11990090009,95,3,0.4423529684351043,-0.0622393835529199,0.4423529684351043,0.0622393835529199,0.45,0.7,0.95,14.747439009837237,9.779451834999138,2.4902413080279784,-2.1624618126690893,2.348078231706357,-2.3021627264743447,5.47760110373944,0.6278058060678006,2.5638813113805274,2.238808463545148,563.2391420701314,13.838652525367095,11.10746763334435,11.10746763334435,9.815515146567616,6.705657605318857,6.705657605318857,4.808486407978286,4.808486407978286,3.5746909434510994,3.5746909434510994,2.538065355408003,2.538065355408003,-2.379999999999999,65635.3615713415,12.64357639181139,5.315519675580616,2.126898830153495,119.25042434303435,0.0,0.0,0.0,0.0,0.0,11.27259272954553,0.0,0.0,0.0,0.0,90.99550602692418,0.0,16.690354475090988,0.0,0.0,0.0,0.0,5.733667477162185,0.0,5.538925252383345,0.0,107.68586050201516,0.0,0.0,5.733667477162185,0.0,0.0,0.0,0.0,5.538925252383345,0.0,16.690354475090988,90.99550602692418,0.0,0.0,0.0,22.3,5.538925252383345,5.733667477162185,0.0,0.0,0.0,16.690354475090988,0.0,0.0,90.99550602692418,0.0,0.0,0.0,0.0,0.0,0.0,12.921805555555558,0.0,29.32819444444445,0.0,0.0,0.0,0.0526315789473684,20,0,1,0,0,0,0,3,0,3,0,0,0,0,1,0,3,0,0,0,0,0,3.360358954019001,3,4.047200000000003,81.34200000000004,0,0,0,0,0,0,0,0,0,0,0,0,0,0,0,1,0,0,0,0,0,0,0,0,0,0,0,0,0,0,0,0,0,0,3,0,0,0,0,0,0,0,0,0,0,0,0,0,0,0,0,0,0,0,0,0,0,0,0,0,0,0,0,0,0,0,0,0,0,0,0,0,0,0,0,0,0,0,0,0,0,0,0,0,0,3.132227787370053,0.12790321462361012,0.327769348429853,0.6048554869257511,0.6048685544191096,1382.1360723843566,1382.1659324910777,0.02857142857142857,0.44235296843510424,-0.06223938355291991,3.1322293765531963,0.12790380780110494,0.3277676249440875,0.6048569068762479,0.6048657845128919,1382.141563913574,1382.1618499628278,0.02857142857142857,0.4423529684351043,-0.06223938355291991,3.1322306909350828,0.1279056976652333,0.32776005633526395,0.6048489951483966,0.6048693964492241,1382.1273344529845,1382.173953061624,0.028571428571428567,0.4423529684351043,-0.0622393835529199
