water_RadiusOfGyration,water_Asphericity,water_SpherocityIndex,water_NPR1,water_NPR2,water_PMI1,water_PMI2,water_ChargeMean,water_ChargeMax,water_ChargeMin,chloroform_RadiusOfGyration,chloroform_Asphericity,chloroform_SpherocityIndex,chloroform_NPR1,chloroform_NPR2,chloroform_PMI1,chloroform_PMI2,chloroform_ChargeMean,chloroform_ChargeMax,chloroform_ChargeMin,octanol_RadiusOfGyration,octanol_Asphericity,octanol_SpherocityIndex,octanol_NPR1,octanol_NPR2,octanol_PMI1,octanol_PMI2,octanol_ChargeMean,octanol_ChargeMax,octanol_ChargeMin
6.613496981111798,0.7161117165613619,0.11125646723076513,0.10709658078454497,0.9631023527541767,2741.171632893573,24923.477629929115,-0.012658227848101262,0.4044634137547127,-0.8703873298837339,6.646730781826189,0.7217564938281859,0.112286035530789,0.10485080239285588,0.965390896215166,2701.0557929781667,25246.619893467974,-0.012658227848101262,0.4044634137547127,-0.8703873298837339,6.647595268773909,0.7188827707753365,0.10132136186013768,0.1056120894750342,0.9552772749223697,2744.035158211895,25099.93418986297,-0.012658227848101262,0.4044634137547127,-0.8703873298837339
4.878304281753576,0.19671352084621432,0.3771987530313966,0.4457081905901465,0.7981096852573694,6892.808961083631,12469.91433830663,0.008403361344537818,0.3474632762651075,-0.45893658117068564,4.9332676889074,0.20069063111675545,0.35409969675061365,0.4417673302308626,0.7837859219523474,7097.797982731677,12584.828055596303,0.008403361344537818,0.3474632762651075,-0.45893658117068564,4.930501758598234,0.19966735515749073,0.3434499113297391,0.4447534113677179,0.7698546287909279,7149.1973328131,12425.159046721994,0.008403361344537818,0.3474632762651075,-0.45893658117068564
5.2362418462753455,0.17098564559502108,0.4115570765863542,0.48872626792515156,0.8112869169807901,9457.393992319277,16065.302575502848,0.008474576271186446,0.3474892925241806,-0.5067356780024598,5.227390845583867,0.15414315095593914,0.4358700405160325,0.5085372327861353,0.8067579044057039,9786.646632909942,15784.234357546364,0.008474576271186446,0.3474892925241806,-0.5067356780024598,5.3029156454231385,0.18068080435779216,0.3933472430376994,0.48157352124522473,0.8043562572255968,9586.750474621496,16448.21249456146,0.008474576271186446,0.3474892925241806,-0.5067356780024598
7.154673697210345,0.1813257961731406,0.2083007633183359,0.48898255359432535,0.6632439863074808,33841.342007838946,45618.85777642295,0.005649717514124299,0.34623833796665215,-0.5475123578198934,7.176696563710978,0.1809889677384249,0.2079538347994135,0.49047576732107456,0.6621647733270425,34132.35827150534,45836.00696140554,0.005649717514124299,0.34623833796665215,-0.5475123578198934,7.1569060094639605,0.1809722716367352,0.2105821529866731,0.49191131378088077,0.6575130707056815,34170.34536964632,45245.03900458077,0.005649717514124299,0.34623833796665215,-0.5475123578198934
8.715157204850945,0.34033036941065026,0.1817020063662469,0.3233463159981229,0.8170812907844266,35925.520702514514,95190.26809068916,-0.014084507042253525,0.3440066143648479,-0.5501593200743762,8.715157204850945,0.34033036941065026,0.1817020063662469,0.3233463159981229,0.8170812907844266,35925.520702514514,95190.26809068916,-0.014084507042253525,0.3440066143648479,-0.5501593200743762,,,,,,,,,,
4.139637180294763,0.3565870632326653,0.24204061985516512,0.30421433924605207,0.8520918176774621,2042.2120647038416,5789.669088109742,0.01639344262295082,0.3480576281095133,-0.3875084407592431,4.122715515424191,0.3441331580663981,0.2429769181921599,0.3138888715937018,0.8394958721185372,2089.203606488918,5671.972913036151,0.01639344262295082,0.3480576281095133,-0.3875084407592431,4.188109748305595,0.3693102612881746,0.24027081933791297,0.2967580618084381,0.8578208230787058,2035.0748253477038,5972.344548691835,0.01639344262295082,0.3480576281095133,-0.3875084407592431
5.404472049884925,0.43091138886080643,0.19153057609034801,0.2729770997151279,0.8398408169189145,3365.7924492606226,12252.40675083111,-0.012820512820512813,0.33018467915601774,-0.5501718609055201,5.741011240313568,0.5038295176182188,0.17106264925161216,0.23186175028514575,0.8642524389132487,3119.63136510792,14448.370893914727,-0.012820512820512813,0.33018467915601774,-0.5501718609055201,5.958506282905526,0.5612211398022764,0.1600247773071309,0.20002100658606692,0.8927984316547561,2826.1664158228564,16017.673234930351,-0.012820512820512813,0.33018467915601774,-0.5501718609055201
4.6707069400946235,0.3529653492626404,0.21382322510786372,0.3021689363114747,0.798448562257371,3239.523616836316,8551.196814436575,-0.011904761904761906,0.30272854968199936,-0.5451656653200754,4.685123791430377,0.35335450504188787,0.20421773694732437,0.30193094653824876,0.7924005868707505,3265.3965986760118,8566.661880420892,-0.011904761904761906,0.3027285496819993,-0.5451656653200754,4.630975705622074,0.35486808778198564,0.22921466340230637,0.30021797655982296,0.8097712320248973,3148.39167659598,8489.472708636915,-0.011904761904761908,0.30272854968199936,-0.5451656653200754
3.5148336463757257,0.3558446917066919,0.3212199560176681,0.30747729788310824,0.9407533174580139,1164.9360865023327,3625.2079654564527,-1.226409155109185e-17,0.34496332099002197,-0.5478320702941467,3.5549945160472682,0.38159145500095987,0.30550999962235476,0.29052598348032715,0.9399162843964673,1128.513330400042,3738.8165957174215,-1.226409155109185e-17,0.34496332099002197,-0.5478320702941467,3.5049676199056656,0.352936971401456,0.34118285130499476,0.30981361284622094,0.9395960095205335,1166.0020520463136,3599.36199135684,-1.226409155109185e-17,0.34496332099002197,-0.5478320702941467
3.8711632991597207,0.3289083611992863,0.3444358209358434,0.3248327206689779,0.9179381157495656,1909.4731942696433,5450.002208241388,-0.01818181818181818,0.34777799126077713,-0.8725760356295241,3.883803399823029,0.3350550061142614,0.34826562735468664,0.3191981507564681,0.9139484827692894,1899.0061061275758,5480.374597056635,-0.01818181818181818,0.34777799126077713,-0.8725760356295241,3.9098625337981225,0.3402849496253886,0.3557052142820677,0.3165800448935685,0.931215722968931,1898.965670443473,5619.496241492315,-0.01818181818181818,0.34777799126077713,-0.8725760356295241
3.7577727126087757,0.4133116270290164,0.1779813816115259,0.2604091564800393,0.8179135709319911,1170.1759502669543,3684.7142572582525,1.3216940769347105e-18,0.3459127600713223,-0.5446064474770476,3.772058444780773,0.4188325953873276,0.1704124127642549,0.25701794906392855,0.8166853679695492,1166.2905947569275,3715.393329912198,1.3216940769347105e-18,0.3459127600713223,-0.5446064474770476,3.7777898881750858,0.42157665323093246,0.17156924865998224,0.2552313525515855,0.817859619718156,1162.0596015831295,3733.5076432298665,1.3216940769347105e-18,0.3459127600713223,-0.5446064474770476
3.739939213177176,0.40640700844472805,0.2956528815287477,0.28232994329674627,0.8588705217906,1129.2517741076713,3702.2010157452737,-8.673617379884035e-19,0.26894513302429973,-0.39412320755206465,3.738258254725076,0.4121693406725577,0.29812764673348435,0.28031117885531,0.8610919082744087,1113.8916693284857,3715.5640719897465,-8.673617379884035e-19,0.2689451330242998,-0.3941232075520646,3.796333550491294,0.45217115072935754,0.2903969117114716,0.2553903675643973,0.8795956078928292,1041.6994668065731,3925.185893991534,-8.673617379884035e-19,0.26894513302429984,-0.3941232075520646
4.428514466973748,0.6554830872335666,0.1460826603649937,0.1342758476847759,0.945515309365208,906.666776992012,6476.578263084588,0.022222222222222233,0.3443867549708703,-0.3662181044895185,4.445172935628477,0.6558601778411812,0.14818565541893472,0.1340819277464476,0.9438974198168179,911.9830936455949,6521.68797107901,0.022222222222222233,0.3443867549708703,-0.3662181044895185,4.424804976764127,0.6586608413562886,0.1430920449376439,0.13318123778081817,0.9459979905847842,894.1475615290676,6474.676797501684,0.022222222222222233,0.3443867549708703,-0.3662181044895185
4.109184113628521,0.6466176867873537,0.21776346864265742,0.13742988382329455,0.9326324774005907,813.2223483411885,5564.117901101329,0.028571428571428567,0.34438675497087035,-0.3662181044895185,4.118451747659895,0.6504721343932444,0.21480836818373839,0.1357278976164021,0.9326244338836532,808.0190903456327,5592.4820219157355,0.028571428571428567,0.3443867549708703,-0.3662181044895185,4.117235525619376,0.6572026682210048,0.22061569023148422,0.1327079403473696,0.9414763224591349,788.1423122972153,5625.408714479857,0.028571428571428564,0.34438675497087035,-0.36621810448951847
3.0509308158014314,0.2818703036240463,0.3273026657175336,0.3552166485637326,0.8087804089975782,826.6613048542208,1880.948274926514,0.02272727272727271,0.34402421461210425,-0.38550403158639457,3.05524450068571,0.27486131039018097,0.32239341634871743,0.36122123907278625,0.800095363457337,843.9609497939593,1868.4624954332883,0.02272727272727271,0.34402421461210425,-0.3855040315863946,3.052773891566103,0.28106160996825136,0.32691537305707363,0.3558927237947248,0.8085558371378005,829.0822901426084,1882.2925073332412,0.02272727272727271,0.3440242146121043,-0.3855040315863945
3.0824266208522513,0.2724561415858055,0.366427687721493,0.3635392092952012,0.8351957444963336,856.6057800594565,1965.0443793027157,0.04166666666666666,0.3442565183346703,-0.35703512211804794,3.0743945036083575,0.2758316362857799,0.3815542545563976,0.3608226809003038,0.8495658340990637,841.4862551649048,1977.9495256340451,0.04166666666666666,0.3442565183346703,-0.35703512211804794,3.074355941775649,0.2714858775362381,0.3760482636672225,0.3643326051206242,0.8418184437943679,851.1354892917125,1963.9794931176143,0.04166666666666666,0.3442565183346703,-0.35703512211804794
2.986800332986228,0.34440471641032855,0.32845037156616474,0.30605421187019854,0.85901047593675,646.5995097803795,1814.8279980962202,0.024390243902439015,0.3445474181014755,-0.3854997722356444,2.986800435072853,0.344405106280055,0.3284502591931584,0.30605393381870394,0.8590106422692269,646.598999907385,1814.8285672119118,0.024390243902439015,0.3445474181014755,-0.3854997722356444,2.986800482125028,0.3444047438075371,0.3284504251307525,0.30605419305392056,0.8590105175567289,646.5995277898652,1814.8282481500212,0.024390243902439015,0.34454741810147543,-0.3854997722356444
3.2522290169878145,0.3083772720674578,0.3083391878207466,0.3344887283549383,0.8791032074697931,1061.767034917822,2793.620319732413,0.03846153846153845,0.3445424186277746,-0.4535264110738614,3.2498686745340177,0.3065244742752734,0.30874739749687913,0.3359523513292098,0.8787193850782292,1064.306434478066,2787.034154340701,0.03846153846153845,0.3445424186277746,-0.4535264110738614,3.2504741390312906,0.306988054707605,0.307533533901872,0.3355826269924486,0.8785436711698636,1063.77446985653,2788.21493270194,0.03846153846153845,0.3445424186277746,-0.4535264110738614
3.80194144726214,0.14855446993979818,0.4445608968061711,0.515886215962996,0.8048449581910423,2448.4564464062423,3874.750679711563,0.018867924528301883,0.3440237806685469,-0.4967429476384735,3.759284171603808,0.1329871103491532,0.452625026783411,0.5367791818194843,0.7732867602529719,2515.6680124319505,3640.4476584809286,0.018867924528301883,0.3440237806685469,-0.4967429476384735,3.7544596029352677,0.1378627056363428,0.4728544126072974,0.5306537734121038,0.8001961923076546,2435.694336024898,3744.233791084273,0.018867924528301883,0.3440237806685469,-0.4967429476384735
3.5481730010574437,0.5446647639797257,0.18866084947898165,0.18935084273580138,0.9269316031349986,670.0732218436012,3331.03499767572,0.027027027027027042,0.34438675497087035,-0.39872771313452177,3.557171092547212,0.5596237022055909,0.1884937085101387,0.18080412685691016,0.936291627540152,646.59994835401,3376.371709630651,0.027027027027027042,0.3443867549708703,-0.39872771313452177,3.5064617149318864,0.5264642565384656,0.20005579818392671,0.19988117905550146,0.9316002549645148,683.7574985482602,3249.711178197991,0.027027027027027042,0.3443867549708703,-0.39872771313452177
3.1872321782574304,0.2600989980545492,0.3719508869336272,0.37589240951320996,0.8960622271722607,1117.0356667691071,2664.2468277965954,0.019999999999999993,0.3440152000271404,-0.45363392955845,3.185223073870398,0.26004213643790763,0.3768678956099353,0.37594704195877554,0.8960916139585965,1115.780878744833,2660.803720758108,0.019999999999999993,0.3440152000271404,-0.45363392955845,3.193502701080901,0.26266908165931646,0.3677585337185659,0.37367724211742237,0.8972689966798301,1115.3840059945796,2679.4441118289733,0.019999999999999997,0.3440152000271404,-0.45363392955845
3.31282205387384,0.09156699140113546,0.6279126078302318,0.5890001974676685,0.7968175168499794,1937.9096716172412,2634.1220584516996,0.019999999999999997,0.3445776973142128,-0.49142118325767675,3.2880120253234812,0.08665418924438263,0.6264847832761209,0.6014421194091824,0.7853789571081623,1947.8668088156714,2557.865041459891,0.019999999999999997,0.3445776973142128,-0.49142118325767675,3.315581764086001,0.09347203557296196,0.6280426056670039,0.5849184081980429,0.8002536810498287,1928.414306276417,2650.275800319675,0.02,0.3445776973142128,-0.4914211832576767
3.2426028187046487,0.11931794362445232,0.522852877854013,0.5351967703843062,0.8082657698748088,1538.8958337607278,2324.1065904838933,0.0392156862745098,0.3460597720524814,-0.5040429872461163,3.240108714924512,0.11886656063013991,0.5198526391682814,0.5361927842636749,0.8043488885744841,1541.30987042085,2312.17070188257,0.0392156862745098,0.3460597720524814,-0.5040429872461163,3.2418551330514704,0.11917860956517977,0.5219684173079558,0.5355008653232796,0.8071003412298536,1539.6260349474376,2320.5393695487314,0.03921568627450981,0.3460597720524814,-0.5040429872461162
3.623599234698329,0.27178310370939657,0.3616529997377715,0.36535272190448304,0.8422175933880393,1406.3119818616105,3257.31798172005,0.020000000000000007,0.34792584459635484,-0.49674294482615255,3.630803584654995,0.28631192069313277,0.35578677957261623,0.3534599933139881,0.8499629811785457,1366.704571771929,3308.144656083294,0.020000000000000004,0.3479258445963549,-0.4967429448261526,3.6252625311441498,0.2717968186815192,0.3672110099641082,0.36496855224849434,0.8460942390269623,1404.26451299217,3268.8117698038195,0.020000000000000007,0.34792584459635484,-0.4967429448261526
2.1093920671557824,0.29665156324244274,0.3555464139039295,0.34566496252968687,0.8275917732334297,206.90094881157907,494.0407599950836,0.08333333333333331,0.34438677238500776,-0.3626404652991306,2.1139299889389074,0.2996386558261559,0.3452435614191365,0.34349723473410754,0.8162723073742456,207.78642946078907,492.39719927218397,0.08333333333333333,0.3443867723850077,-0.3626404652991306,2.1173383901714997,0.30188868703236493,0.33750233223270554,0.3418635911848652,0.8077755244628809,208.44809040997418,491.1660114402449,0.08333333333333331,0.34438677238500776,-0.3626404652991306
1.9771530183008,0.16481778883298642,0.4786934029077596,0.481467219559478,0.793988264921179,240.63163164144544,399.70669545627794,0.04545454545454546,0.34438675494457544,-0.38788988712696704,1.9975245918115236,0.19557204992790533,0.4724041236584296,0.4476127889711837,0.7961997051975483,230.64323177400158,415.1327401689228,0.04545454545454546,0.34438675494457544,-0.3878898871269671,1.984457762916468,0.17015570757377577,0.45788312384202895,0.47736637632942563,0.7812924291126192,241.42485895017288,399.370327329936,0.04545454545454546,0.34438675494457544,-0.38788988712696704
3.6279547888991686,0.23964946344895519,0.32924411687398875,0.39630650546531454,0.8318528517922718,1536.8619161260974,3225.4369061711013,0.021739130434782608,0.3455741581848539,-0.5038190673747815,3.638474874208953,0.230438948489131,0.30882117053233277,0.4047972549463109,0.8043631001151184,1595.155762092587,3161.8084610691008,0.021739130434782605,0.3455741581848539,-0.5038190673747815,3.6333958121320653,0.23135364263412503,0.3154361819759083,0.4052063819219013,0.8118987423796677,1586.5289398185528,3168.8752245109285,0.021739130434782605,0.34557415818485393,-0.5038190673747815
3.2613459359257746,0.18228970402414332,0.3004632737472996,0.48499976997332134,0.6570070477691426,1447.9509414544248,1959.6664338595551,0.020833333333333346,0.34641837388919555,-0.3905173718963287,3.26803982839301,0.18065770686294927,0.29332214305834026,0.4910629746536405,0.6486042114485465,1474.5810502338018,1943.4711070966002,0.020833333333333346,0.3464183738891956,-0.39051737189632874,3.270543588859345,0.18729209592966384,0.28537268163407536,0.4799374811907844,0.6530562087315444,1446.9958807650082,1967.1468164501998,0.020833333333333346,0.34641837388919555,-0.3905173718963286
3.8476842824589705,0.24668264632413192,0.2579833132705206,0.39429322410204276,0.7318965554570397,2074.3301694551346,3861.5275768274237,0.017857142857142846,0.3466423949107552,-0.5042500855646936,3.876727283130164,0.2580679669171558,0.25105916972287157,0.3826581979629734,0.739691138975358,2046.8119914977458,3967.3477702537475,0.017857142857142846,0.3466423949107552,-0.5042500855646936,3.8638560819357313,0.2585970527164954,0.23498028379869135,0.3846881422163563,0.7265188745316528,2051.3883992777583,3893.977953730608,0.017857142857142846,0.3466423949107552,-0.5042500855646936
3.896635683220693,0.15478235093277806,0.4221881857744247,0.5200585438020622,0.7762194029066584,2696.4624321015117,4130.0130372579815,0.017857142857142856,0.34559066176307385,-0.4967429476384735,3.8606362299570884,0.1396164208114262,0.41960075298470406,0.5380718934851466,0.7551492574324052,2768.1785237645972,3924.670329354745,0.017857142857142856,0.34559066176307385,-0.4967429476384735,3.864750873243965,0.14133055403359457,0.4464930897193858,0.5268475468944315,0.7873417297641313,2680.3114182308686,4073.84550142002,0.017857142857142856,0.3455906617630738,-0.4967429476384735
4.048899834784486,0.42722821878192163,0.1885139936039326,0.2536718536040092,0.8400524565855972,1279.8058473966241,4303.221565664701,0.02040816326530613,0.3458245045087132,-0.4967427343876686,4.053290094063573,0.41472600851007,0.19488040701037682,0.2615245468944733,0.8424861695519046,1319.1268348500714,4297.466604797821,0.02040816326530613,0.3458245045087132,-0.4967427343876686,4.11384028264942,0.4391056900884867,0.16865347540511966,0.24781430200193713,0.8378081019665788,1288.9528758673769,4451.32754850156,0.02040816326530613,0.3458245045087132,-0.4967427343876686
4.3017511177832315,0.67371476565332,0.19989832543987832,0.12591282094959177,0.9403994373871056,846.7892233741956,6398.14750273922,0.026315789473684213,0.34595496956640953,-0.3662167841221635,4.315319187945306,0.675466580265541,0.19717444404521103,0.12510655825411052,0.9378593400046685,849.508170812949,6429.373116932455,0.026315789473684213,0.34595496956640953,-0.3662167841221635,4.314220957848311,0.6865714141556758,0.19616292712814168,0.12011479662308279,0.9443894291105787,814.1959284394364,6467.63745776572,0.026315789473684213,0.34595496956640953,-0.3662167841221635
4.176578254579165,0.27438649077739713,0.24258019504104072,0.3612027069071079,0.8159540988880287,2739.787263760553,6193.701395098604,0.014084507042253518,0.3462791481692911,-0.4561594469092383,4.189564185181711,0.2782862313103837,0.23557528130863897,0.3577373808756064,0.8154949966829679,2735.515124480716,6239.98432938775,0.014084507042253518,0.3462791481692911,-0.4561594469092383,4.199068408998526,0.2826235775538114,0.2283995404849666,0.3543563650841189,0.8158103617935477,2725.2008450789967,6280.247302699255,0.014084507042253518,0.3462791481692911,-0.4561594469092383
3.1446260192787,0.05913808834797183,0.5309054546987378,0.6613975492003217,0.7890148597348903,1758.2279911115988,2097.192293681231,-2.9046532621007004e-18,0.2933045117800796,-0.5040335016912142,3.143838698286117,0.05969041284801864,0.5287097628827183,0.6613725902966292,0.7858125722796317,1759.6355577045344,2090.37057638687,-2.9046532621007e-18,0.2933045117800796,-0.5040335016912143,3.1421862913113454,0.05890475825128404,0.5299774686661556,0.6626449795751556,0.7857396042988496,1760.2511089166796,2086.992184040737,-2.9046532621007004e-18,0.2933045117800796,-0.5040335016912141
3.3533525305754295,0.19966254312088774,0.27696445563278754,0.4501014078773365,0.7100402883150154,1484.6244410732577,2335.5298140297045,0.02040816326530613,0.3464183769070479,-0.3953347597828984,3.3636989955822143,0.20732129704985136,0.2795856590583982,0.44030674498727396,0.719419044420211,1461.4648876014098,2381.817124482011,0.02040816326530613,0.3464183769070479,-0.39533475978289834,3.385757702446902,0.20598546705691295,0.28045086660729673,0.4399619203579301,0.7217581463249368,1477.9639823117448,2418.9898487138803,0.02040816326530613,0.3464183769070479,-0.39533475978289834
4.054630851735348,0.2514928137896884,0.2450387645948947,0.3825228027802034,0.7996566238082344,2631.9964060021002,5518.106545326772,0.015151515151515148,0.34606869621293096,-0.4561594469092383,4.041753288845135,0.24732206059757658,0.2505491818634457,0.386195623876412,0.8000637534576556,2637.248825520544,5474.041595337726,0.01515151515151515,0.34606869621293096,-0.4561594469092384,4.031559769737539,0.23962405911726137,0.2456189879958263,0.3942846259194426,0.7923093874190412,2676.781345954535,5394.4153227394045,0.01515151515151515,0.34606869621293096,-0.4561594469092384
3.275395242114168,0.1862229461490406,0.27434592358864934,0.47921286311908423,0.6623610176634677,1444.2086975132192,1991.1865066015732,0.020833333333333343,0.3464183768660159,-0.3905173718963063,3.2620914474905462,0.18287724773131162,0.2816712466678639,0.4826008485991695,0.6660017451032958,1438.8437708419135,1978.2392408560672,0.020833333333333343,0.34641837686601584,-0.3905173718963063,3.2638255624864345,0.1861809273192389,0.2682271353800892,0.4790978699941594,0.6598043491993135,1435.0533506345669,1972.2576420977969,0.020833333333333343,0.3464183768660159,-0.3905173718963063
4.609517656764725,0.3425213774931246,0.20334644886975603,0.30923189263328266,0.8146988071573958,3053.363300418398,8094.057737896999,0.014084507042253521,0.34621417109880614,-0.4633736114851987,4.643925326609835,0.3521062639801437,0.1997831813589614,0.30195976847191874,0.8206116954150745,3029.3626414946616,8275.81519655964,0.014084507042253521,0.34621417109880614,-0.4633736114851987,4.590602607848471,0.33805706480489567,0.20392663707372274,0.31308360274665314,0.8102363454317131,3062.089592842102,7992.667390324531,0.014084507042253521,0.34621417109880614,-0.4633736114851987
4.2434432128193205,0.4335984278674185,0.23772392788602137,0.2504716382597742,0.9024711276461022,1728.067865633635,6280.829346853518,-4.704334850106596e-19,0.3247573991169864,-0.46853062166624704,4.213186380223101,0.4202621449695339,0.2413320460441422,0.25916123765066895,0.9018220244806702,1754.8354792585496,6168.815419835359,-4.704334850106596e-19,0.3247573991169864,-0.46853062166624704,4.230227988937164,0.4237783370170349,0.25127571741376,0.25795724761324873,0.9080187469393576,1753.920234410821,6244.981310526102,-4.704334850106596e-19,0.3247573991169864,-0.46853062166624704
4.169271954412923,0.41039226457662387,0.2759666995165867,0.2696404630725996,0.9172568257451598,1686.7433714988945,5838.840176534161,-1.3159971197065427e-18,0.32206247471574606,-0.46853062166624704,4.158589335657255,0.4028668419900901,0.2723884161681394,0.27436693924593114,0.9137026283480425,1705.0394504300057,5786.604195287667,-1.3159971197065427e-18,0.32206247471574606,-0.46853062166624704,4.183298050614842,0.4309780465817055,0.2446548465069453,0.2544081303991592,0.9078623482636495,1625.534209855929,5880.848618901913,-1.3159971197065427e-18,0.32206247471574606,-0.46853062166624704
3.148150172162194,0.10042698851635433,0.4625605752115866,0.5799438062239426,0.7417351615982191,1621.0557207854054,2073.087612715458,4.3175339846533866e-18,0.23780875016842787,-0.49319359520279227,3.142133044746813,0.10072178558049205,0.46299314259250635,0.5777469679729714,0.746316453693965,1607.12100907059,2075.7499320194092,4.3175339846533866e-18,0.23780875016842787,-0.49319359520279227,3.143017897065009,0.09969364125692713,0.4692324045551918,0.5795492762243759,0.7476098581067995,1610.9868411106793,2077.773308984911,4.317533984653385e-18,0.23780875016842792,-0.49319359520279243
3.6399401308818535,0.2957051388511823,0.31321528457121267,0.34912366807304474,0.8417194303385406,1358.5452168591742,3327.3967616814643,0.020408163265306128,0.3479565066102531,-0.496742939504062,3.612013531133383,0.2868584658021409,0.31326749295033846,0.3545435063088342,0.8345531746215533,1366.056239127752,3246.8396548287724,0.020408163265306128,0.3479565066102532,-0.49674293950406206,3.5978879731735094,0.27309565225509763,0.33645175136089356,0.36379583224384615,0.8423998274702506,1388.4124199491516,3218.380267099042,0.02040816326530613,0.3479565066102532,-0.49674293950406184
3.5845931989350874,0.2621798622615139,0.3399963097531126,0.37228596198358144,0.835928135074147,1410.280803213139,3166.412006450766,0.020408163265306128,0.3479565066102532,-0.49674293950406206,3.574637253141622,0.25352503964930434,0.35244260262964566,0.380313629633611,0.83544299701411,1427.1684565216494,3136.1147057637904,0.020408163265306128,0.3479565066102532,-0.49674293950406206,3.5783809686418864,0.2554308771176582,0.35626493944172255,0.3785947072529474,0.8415740266208243,1421.0263897537818,3159.960292992265,0.02040816326530613,0.3479565066102532,-0.4967429395040619
3.2179927150683105,0.08926476276788121,0.49847342001874173,0.6056458286270249,0.7338469438518948,1766.115353750992,2140.0210236909406,7.086529944415892e-18,0.2933043114060205,-0.5040427859948662,3.2241315858427275,0.0884835357416932,0.5025470893977558,0.6062141933975649,0.7366657934232091,1772.073080949256,2153.1671436679294,7.086529944415892e-18,0.2933043114060204,-0.504042785994866,3.2144506965442528,0.08966529515576227,0.4935204588926565,0.6086369483716871,0.7248363196163958,1775.5872108803187,2114.3998692990253,7.086529944415892e-18,0.2933043114060205,-0.5040427859948661
3.0776897507922407,0.0797619127477027,0.57343209433922,0.6228932099433893,0.747616579701419,1559.2715068856894,1872.5884745542232,-4.9563527885051625e-18,0.29330766212539,-0.5039017500145333,3.0817049751373222,0.07745812426662134,0.5814713549144649,0.6298782048945796,0.7456155548013589,1577.3499183327954,1868.6072671769612,-4.9563527885051625e-18,0.29330766212538995,-0.5039017500145334,3.081286924246893,0.0801651453095268,0.5705541894603996,0.6226371063664937,0.7467215986629778,1562.9093221102357,1875.6871677833983,-4.9563527885051625e-18,0.29330766212539,-0.5039017500145333
3.2408973502404788,0.13288053422483523,0.4519551009467065,0.5269882105094875,0.7342688123759528,1691.5985791856938,2355.7017665620133,0.020000000000000004,0.40675606900905154,-0.49285749210948326,3.2242124595380295,0.1260747441882138,0.4628240236003709,0.538863264887776,0.7354291014698315,1699.751283433552,2323.1431610291957,0.02,0.40675606900905154,-0.49285749210948326,3.224213370938212,0.12607459775561577,0.46282417009007343,0.5388634802405592,0.7354288887085235,1699.752894510381,2323.1438230961803,0.02,0.40675606900905154,-0.49285749210948326
3.3031944147798273,0.08682269320965054,0.45857946481484035,0.6394696786953873,0.6811509543371137,2071.1935778012576,2205.9637285369818,0.0,0.3295750616442325,-0.5040427916258234,3.3000207150719594,0.08452920250558826,0.47220251943530966,0.6397732004929565,0.6911637620370298,2059.3759163897503,2223.226394837868,0.0,0.3295750616442325,-0.5040427916258234,3.2999854709821217,0.08553078678023807,0.46786438473863967,0.6386168926483289,0.6883430603268428,2058.968257662686,2218.2894407474755,0.0,0.3295750616442325,-0.5040427916258234
3.5176602573664857,0.12470723759580267,0.4744791851243774,0.5369872928913407,0.872173364269827,1965.1543311283735,3186.339697453208,0.020833333333333346,0.3471475530672631,-0.49301774079118243,3.5169782674188403,0.13026407066320728,0.46859857196797755,0.5286390618147118,0.8673775387750297,1944.4385721356355,3185.5918958743437,0.020833333333333346,0.3471475530672631,-0.4930177407911825,3.5093178084901884,0.12416057257339262,0.4844350918718678,0.5375144747928912,0.8672876171423032,1961.3643871699915,3159.2169783402705,0.02083333333333335,0.347147553067263,-0.49301774079118255
3.3469550997369453,0.3644546623129637,0.2266155780053161,0.2919174183932037,0.8374944511414788,962.0848311297783,2761.6031993824145,1.9825411154020648e-18,0.2933046830320816,-0.5040271271936604,3.347191621133803,0.36428569555940854,0.22872865090509045,0.292035097779761,0.837957017833696,962.3527121515639,2762.770350583036,1.9825411154020648e-18,0.2933046830320816,-0.5040271271936604,3.346512480140539,0.3623988834537967,0.22604286076790406,0.29333754136331663,0.8355436237562108,966.7993965312609,2755.061857702327,1.9825411154020648e-18,0.2933046830320816,-0.5040271271936604
3.3128063648032637,0.06841505110807224,0.47055740570703747,0.6690154712044414,0.7143877423621037,2208.341749241363,2357.1618303345526,6.360652745248294e-18,0.3295750616442711,-0.5040335073267862,3.3137194450075538,0.0680004011319852,0.4749353069288032,0.6699583196315652,0.7150638844743773,2211.099294566401,2359.1160345663743,6.3606527452482924e-18,0.32957506164427103,-0.5040335073267861,3.309293375245567,0.06733130015787428,0.4839090591346396,0.6692747198338509,0.7201695068880751,2199.225343500057,2364.6918287718026,6.360652745248291e-18,0.3295750616442711,-0.5040335073267863
4.617756087065521,0.5843589563288584,0.17922040396869146,0.1683192981047453,0.9141363950088104,1376.5607420565284,7625.058542045676,0.015151515151515155,0.3471478620920774,-0.3558791526113795,4.637275627823084,0.5767613663579171,0.18131409295849915,0.1728211690204411,0.9129493874451116,1415.900590811576,7682.16932756858,0.015151515151515155,0.3471478620920774,-0.3558791526113795,4.646349211597612,0.6008412643223469,0.17753658090237623,0.15999611792903917,0.9214426023176975,1324.9442660430032,7785.799334904207,0.015151515151515155,0.3471478620920774,-0.3558791526113795
3.294154642435761,0.038072441342345026,0.676070386429467,0.7171567171959635,0.8293821325721915,2283.2052151266657,2637.9511780522025,3.885780586188049e-18,0.224278356328586,-0.49335571377805787,3.2863245853574674,0.03734001251603373,0.6804443722849814,0.7189294263371976,0.8361711768477863,2270.538938315141,2637.582337386318,3.885780586188048e-18,0.22427835632858595,-0.49335571377805776,3.2889001657547583,0.037721603551387206,0.6851077675880834,0.7170679616581993,0.8370514537417858,2269.095467714875,2645.7515124834026,3.885780586188048e-18,0.22427835632858598,-0.4933557137780578
4.09170300527064,0.3289094148013364,0.38453205399962453,0.32245637654131304,0.9194809618237847,1928.8850260678216,5499.946875095509,0.017857142857142856,0.34714755304213296,-0.5040269875807002,4.089536722058828,0.32597917764545203,0.3952084202613609,0.324966863950043,0.9250338052660335,1935.0892023410195,5507.61890554145,0.01785714285714286,0.34714755304213296,-0.5040269875807002,4.084450865450644,0.3368935071949519,0.37623613043821064,0.31656859705887663,0.9187667249042223,1892.1914285550654,5492.994232639948,0.01785714285714286,0.347147553042133,-0.5040269875807003
3.046070979595583,0.25128524298600174,0.2885359645274367,0.38248133963250813,0.7826488578274201,928.7367923635596,1900.8215247133357,-0.024999999999999998,0.13889005592157183,-0.5494739996108878,3.0457339473357785,0.25102407415889766,0.28915147696820126,0.3827418086580007,0.7825111173573841,929.0945278369628,1899.9749393244317,-0.025000000000000005,0.1388900559215718,-0.5494739996108879,3.044692145916362,0.25021777147590213,0.29105288551796415,0.3835459435132801,0.7820869848933527,930.1976227721551,1897.3614652655983,-0.025,0.1388900559215718,-0.5494739996108877
3.281317412216876,0.2518130473076979,0.36332415532798085,0.38351072033202627,0.8988594629110327,1246.046725843874,2920.4426827413135,-0.04444444444444444,0.21133720330147626,-0.5498060063017272,3.277949263896206,0.24931246112018254,0.3663898046441991,0.38598995480627724,0.8982205658522352,1250.0777758148772,2910.394451521979,-0.04444444444444443,0.21133720330147623,-0.549806006301727,3.281360964869576,0.2516900508231401,0.3630676786659003,0.38362474347251657,0.8988674497618031,1246.3834828957442,2920.390127580361,-0.04444444444444444,0.21133720330147626,-0.549806006301727
3.384043616006876,0.2974962024774166,0.43038651746843815,0.36076544247724696,0.8826388532692209,1141.494054671057,2900.0885115857704,-0.02173913043478261,0.13901271641794855,-0.5501712691302819,3.4274257806793713,0.31844379837388154,0.4004255312537678,0.33986031452875565,0.8732153683274781,1124.4258354555222,2979.661887693322,-0.021739130434782608,0.13901271641794857,-0.5501712691302817,3.4401618657703574,0.33982455980933746,0.3972481584922714,0.3253574510712332,0.8950262020194232,1075.1655269033258,3069.8467542499047,-0.02173913043478261,0.13901271641794855,-0.5501712691302819
3.008311960266322,0.4689542612308515,0.3718409689912765,0.2339178742610897,0.9244113044366933,438.53029355328584,1778.8420171098312,-0.03846153846153848,0.11250243084755412,-0.5476233264653645,3.0312289901213725,0.4743537968650279,0.3681158100957003,0.23173903392808448,0.9235757958276608,438.6793590683993,1809.704162362092,-0.03846153846153848,0.11250243084755412,-0.5476233264653645,3.010684619214518,0.4611399279083256,0.37479874758198317,0.23907869392107553,0.9186825486748195,447.67042796571684,1772.460927018265,-0.03846153846153848,0.11250243084755411,-0.5476233264653645
3.1583283501608976,0.2717295590470094,0.29487847185138244,0.36440361795334647,0.8212260302140448,993.4979748924181,2244.756484468876,-0.02439024390243902,0.2100839600310941,-0.549473999555067,3.1588913664045615,0.2724205138986461,0.2934172252601992,0.36366109198825913,0.8213770487313314,992.3646906152712,2246.3245443680107,-0.024390243902439022,0.21008396003109409,-0.549473999555067,3.1593908506488075,0.2717862167081932,0.29614725366894584,0.3642873363780565,0.8225712545216929,993.4117117798372,2248.486228987273,-0.02439024390243902,0.2100839600310941,-0.549473999555067
3.5813548024255164,0.34414881592676017,0.3728008917565089,0.30983683902382414,0.9206103169749881,1380.4893041059725,4101.950889085761,-0.019607843137254905,0.31680124389796055,-0.5498277715186559,3.5657967694492916,0.3374506482474686,0.37508292107609154,0.3156675327110006,0.9193218458060524,1388.1524260463086,4054.1822810475715,-0.0196078431372549,0.3168012438979605,-0.5498277715186559,3.579006721530379,0.34041673351903645,0.37671108417740473,0.313273423658698,0.9227165022096763,1388.8827422726204,4096.712965560697,-0.0196078431372549,0.31680124389796055,-0.5498277715186559
3.9272357609039714,0.18867421148975827,0.2689105345611615,0.469657846934379,0.6855093881846214,2973.4831158737347,4340.46621930998,-0.016666666666666666,0.22422614883810604,-0.5494375940485241,3.928412937461855,0.19534574684874365,0.2659395261852046,0.45849665287855446,0.6949637793023863,2906.7661889565675,4408.7722293770075,-0.016666666666666666,0.22422614883810604,-0.5494375940485241,3.939875944941347,0.19098994604265856,0.2646068299750149,0.46579790081000616,0.685740935720258,2972.848400568954,4378.894229961807,-0.016666666666666666,0.22422614883810604,-0.5494375940485241
3.239428816883327,0.24447989946169604,0.3525223390740697,0.3894534923435078,0.8704982031677574,1246.72901580751,2794.2562497655554,-0.021739130434782598,0.3154270718909834,-0.5498182329169238,3.245316824580108,0.24822491976757388,0.34938061300835055,0.3857137613445228,0.8720504287922315,1241.1149153535812,2811.46594874734,-0.021739130434782598,0.3154270718909834,-0.5498182329169238,3.245221867958714,0.2483437874625262,0.3491322855376703,0.38556738627832465,0.8717533492095638,1240.8598912543853,2810.918201808417,-0.021739130434782598,0.3154270718909834,-0.5498182329169238
3.5846234151704093,0.1474301878690078,0.29905911542529107,0.5316327642056209,0.6631301136486861,2503.3320021805926,3124.5732427693456,-0.01754385964912281,0.22406611921261627,-0.549437594048525,3.590871028637655,0.15463034716887786,0.2883501826449229,0.5212032506820756,0.6600522188102372,2477.6136465233753,3140.908380895517,-0.01754385964912281,0.22406611921261627,-0.549437594048525,3.594284515367922,0.1560328333795761,0.2830688439051964,0.5178541561889753,0.6623270835813018,2468.9646581345314,3158.3077276408508,-0.01754385964912281,0.22406611921261627,-0.549437594048525
3.984529530281599,0.18870475384328012,0.31084973256296305,0.46172812825707266,0.7140871436941357,3086.919839354994,4776.260766925863,-0.016666666666666666,0.22414454057408761,-0.5494375940485241,4.015169356805014,0.1981428339026149,0.29059422985076416,0.4512903669687718,0.7127361839924222,3076.434212402082,4871.172199201113,-0.016666666666666666,0.22414454057408761,-0.5494375940485241,4.029196107179158,0.2020875956276788,0.2828279968861812,0.44819627699800785,0.7070236897529946,3092.1862390888555,4886.287016851988,-0.016666666666666666,0.22414454057408761,-0.5494375940485241
3.038453482089141,0.24123737521654232,0.33615369811922324,0.3922631585009622,0.7745533543489161,947.1291047242897,1870.1782442966617,-0.024999999999999998,0.21133668701576025,-0.5494740036537732,3.0384529914711065,0.24123684064154294,0.33615471835789357,0.3922636680856417,0.7745532566183934,947.1298492375392,1870.1770489001015,-0.025,0.21133668701576022,-0.5494740036537732,3.0384532256442838,0.24123704807257013,0.336154740571868,0.39226344997705065,0.7745535385430931,947.1294407003736,1870.1779628062664,-0.024999999999999998,0.21133668701576025,-0.5494740036537731
4.936682319851913,0.397976561731676,0.1796496760058432,0.27017545535669174,0.8221341142436297,3210.4530630431923,9782.566131317215,-0.014492753623188408,0.2308003569870839,-0.5494375940485341,4.952487675208244,0.4052139314786713,0.17989188946380028,0.2655350448870028,0.8282175070582725,3172.36752332087,9912.235195767435,-0.014492753623188408,0.2308003569870839,-0.5494375940485341,4.944160524149864,0.39843416955016,0.18211684665802313,0.2695922599978051,0.8264167892331706,3208.624926879339,9844.00634762548,-0.014492753623188408,0.2308003569870839,-0.5494375940485341
3.3135078949375982,0.19907187627990147,0.38977271617321124,0.43778542332713666,0.8657570212115785,1505.9168243224533,2991.578221696944,-0.041666666666666664,0.21133668490532584,-0.5498182627794943,3.3113912584334657,0.19963347750888416,0.39056181898447395,0.4374909494026758,0.8549740096701628,1508.2849819743558,2964.994815092005,-0.04166666666666665,0.2113366849053259,-0.5498182627794943,3.334666924016588,0.2156485284793685,0.3727207546949289,0.42068688249277814,0.850314499475971,1484.3955452993046,3017.8808945929145,-0.04166666666666666,0.21133668490532587,-0.5498182627794943
4.22361895604588,0.43555093152586905,0.27126853391759503,0.2510398790286584,0.9199464737445404,1689.4971146506919,6259.866656959385,-0.03773584905660377,0.34640326412386463,-0.5499058645180617,4.2003229344199715,0.42251157450021254,0.277565370556607,0.25921583640184603,0.9134765308574396,1721.390960379774,6145.774663849398,-0.03773584905660377,0.34640326412386463,-0.5499058645180617,4.215320101353232,0.4346861582068816,0.26336010638188395,0.25092642127833786,0.9157895780627204,1686.6205678693702,6220.280241124918,-0.03773584905660377,0.34640326412386463,-0.5499058645180617
4.148904776662157,0.32847348287826256,0.3497054269915179,0.36008692590024416,0.8514414469037029,2184.1447294351583,6024.794235223531,-0.03448275862068965,0.22006057767807385,-0.5500748976964398,4.210593429007239,0.34220942431858536,0.3380186098459979,0.3520148132138515,0.8538141786636168,2182.1304592640217,6251.497057848929,-0.03448275862068965,0.22006057767807385,-0.5500748976964398,4.221871530846666,0.36746613408297574,0.33809185563533234,0.3313986969353951,0.8740896190459834,2075.2801328917403,6406.97629196076,-0.03448275862068965,0.22006057767807385,-0.5500748976964398
3.644463407197378,0.49809804335421437,0.2595806021953917,0.2115112784852401,0.9231350590081621,793.3029238554035,3463.07211983247,-0.0196078431372549,0.062523537945633,-0.5495569108192812,3.6443720694933774,0.4966178408160537,0.2572749650775092,0.21220960774998845,0.921919390175089,796.1375149917251,3459.0794895487124,-0.019607843137254898,0.062523537945633,-0.5495569108192812,3.645756627387859,0.49557084665999235,0.25920413001007897,0.21289251709775073,0.9236848662065511,798.4209157668816,3464.3967927764756,-0.019607843137254898,0.062523537945633,-0.5495569108192812
4.415865304190728,0.2578546096120508,0.2696674559343892,0.37877095119163257,0.7830842067077158,3503.8129144541517,7240.645604170694,-0.014084507042253513,0.22411983883269204,-0.5494375940485247,4.415548627328663,0.25419095372411105,0.25960522451593554,0.3824627284257681,0.7697592319663714,3554.3295179204156,7148.684573176533,-0.014084507042253513,0.22411983883269204,-0.5494375940485247,4.416266964883044,0.2698793793289423,0.2576783591998557,0.3681013420128493,0.7862012282937907,3413.676217146681,7301.585513314468,-0.014084507042253513,0.22411983883269204,-0.5494375940485247
3.939822923034439,0.18575280607322217,0.25636158522445657,0.469288077930698,0.6930496760639787,2924.8134678302363,4326.2356266474835,-0.015873015873015872,0.22385158217684548,-0.5494375940485341,3.939847971722309,0.19262389474001468,0.24696846721766114,0.46283595856878146,0.6890725128752314,2898.0190757714595,4324.284014679621,-0.015873015873015872,0.22385158217684548,-0.5494375940485341,3.972196507341876,0.19296661666472284,0.24244733123986476,0.4621309136252234,0.693538663259089,2933.4572920491787,4418.144899858126,-0.015873015873015872,0.22385158217684548,-0.5494375940485341
4.444907921156932,0.5494350840718585,0.2446617193224734,0.1987060640446332,0.9283560086873044,1320.8814143942411,6868.089266136257,-0.017857142857142856,0.2195408710517158,-0.5501005267270808,4.380419186674699,0.5099689775965905,0.2643271692453008,0.23121391781563758,0.9142755993720041,1407.744390535391,6613.960259208777,-0.017857142857142856,0.2195408710517158,-0.5501005267270808,4.42057487285964,0.49884633441044407,0.2728069181508969,0.23367396545768457,0.914232267821785,1481.7435116095862,6695.558091205065,-0.017857142857142856,0.2195408710517158,-0.5501005267270808
3.1901423846204606,0.2359029659673933,0.39722036593648574,0.39666207453180846,0.872502886359249,1228.2964134060758,2703.4371533571866,-0.02173913043478262,0.31564461813219735,-0.5498277781129612,3.190142383990451,0.23590305765053088,0.39722074443204014,0.39666199208579384,0.872502981011162,1228.2961537614935,2703.4374304973535,-0.02173913043478262,0.31564461813219735,-0.5498277781129612,3.1855971832750547,0.23327107243595965,0.4014835988425238,0.3992098757439447,0.8719283593042265,1231.474636824877,2691.7365872365385,-0.02173913043478261,0.3156446181321974,-0.5498277781129612
3.393613858456617,0.6771898191033972,0.1911506837197133,0.12447783580268257,0.958933153125334,307.5503929639463,2403.2616247842243,1.6326809185664067e-18,0.1147753019209165,-0.36978775948988,3.396548544732455,0.6717773095596787,0.1924298167308193,0.1268523774105423,0.9559944937077006,314.3176828193085,2399.792021345916,1.6326809185664067e-18,0.1147753019209165,-0.36978775948988,3.40400663942462,0.6816427855573399,0.19009262015589484,0.12208843609423067,0.9569878800051385,305.5484767033437,2416.2339473940383,1.6326809185664067e-18,0.1147753019209165,-0.36978775948988
5.031537309983504,0.5647681900018267,0.21715014792663778,0.18165727735721124,0.9394821273356669,1975.8212184119607,10660.885038704751,1.2427869678639807e-18,0.32826717591415533,-0.467476022863322,4.967583748295535,0.5476615892383391,0.2142378605527041,0.1914075776977893,0.9291895426079166,2011.632935744135,10329.962015953926,1.2427869678639807e-18,0.32826717591415533,-0.467476022863322,4.977958468938088,0.5497739416346029,0.21377109032689232,0.18693210841180335,0.925607264021454,2012.6935618192683,10335.848674697594,1.2427869678639807e-18,0.32826717591415533,-0.467476022863322
3.524956720718433,0.15400277427449324,0.3070187651583021,0.5016252992741587,0.7118453853125363,2165.341622053999,3072.197994103057,1.8681637433596383e-18,0.31542959339127513,-0.4547949396022873,3.5301087970522373,0.14774926851175468,0.31277530527261194,0.5143512928118761,0.7036869529294077,2220.953599986693,3040.3879256994883,1.8681637433596383e-18,0.31542959339127513,-0.4547949396022873,3.523151465125118,0.14154742381639254,0.32085801992331314,0.5245962647351169,0.7012070606337785,2247.575939481209,3007.9165086859025,1.8681637433596383e-18,0.31542959339127513,-0.4547949396022873
3.8459711699011563,0.1600368392889394,0.2884059119387871,0.5011644855587373,0.6978320150229196,3013.5360945418965,4203.587309524384,7.28015098114857e-18,0.33028105155325865,-0.46741986475979347,3.840616153588817,0.16052220331464584,0.2902813050050385,0.4977459131415596,0.7046785077825045,2980.3571376247983,4226.087069501202,7.28015098114857e-18,0.33028105155325865,-0.46741986475979347,3.8471060469912763,0.1598075232045824,0.28229338445293145,0.5018641755567247,0.6946570371821605,3021.325248035089,4192.398927551077,7.28015098114857e-18,0.33028105155325865,-0.46741986475979347
4.318185221157604,0.30062451527842626,0.2772423982956595,0.34050091404211436,0.8251051768770572,2858.857391057924,6938.671028981126,1.3650283089653568e-18,0.31542959338082527,-0.4547949396023008,4.309158668785634,0.310320327436968,0.2742209755561046,0.33255860978304386,0.8269093544409041,2789.4722144960133,6944.081699367606,1.3650283089653568e-18,0.31542959338082527,-0.4547949396023008,4.307521728659373,0.29869678543412687,0.27918978808820877,0.34220852903007654,0.8226073564951527,2861.6270237412587,6884.61348866669,1.3650283089653568e-18,0.31542959338082527,-0.4547949396023008
3.364164251621582,0.4153652022177875,0.3636415865520186,0.26109601874777383,0.8978573060519038,818.25916585522,2829.1138900886685,-1.2067641572012567e-18,0.1551977146243648,-0.2993179761969361,3.3712057868016188,0.42285552161653267,0.35528191430672257,0.25626933837008337,0.8957178557651498,808.996228333521,2843.3924633259676,-1.2067641572012567e-18,0.1551977146243648,-0.2993179761969361,3.3748830250221036,0.42666936457784416,0.3509582685520732,0.2538007065920041,0.894586384951926,804.3290726080213,2850.7456196388534,-1.2067641572012567e-18,0.1551977146243648,-0.2993179761969361
3.582574817951216,0.11823757810044298,0.3479466928185118,0.5832958359251397,0.6611991455272744,2771.448838123452,3141.9693736793847,4.116292993843271e-18,0.3154295944832274,-0.4547949395993778,3.5865812051565373,0.12012525618716359,0.34404403804651446,0.581085348072083,0.6583890531291691,2773.617193232944,3142.5026409372986,4.116292993843271e-18,0.3154295944832274,-0.4547949395993778,3.5905490615418993,0.12013683920864127,0.34862263088947315,0.5794485033156552,0.6609055093237554,2770.786382532993,3160.124336290865,4.116292993843271e-18,0.3154295944832273,-0.4547949395993778
3.9514056865745797,0.4522442174584357,0.35861681599384854,0.23823941869333543,0.9125590940087351,1674.3832885496527,6452.0026631096825,2.775557561562892e-18,0.31564840072703504,-0.46876619421003407,3.9261758126720463,0.44073440079641707,0.37323019045273675,0.24557782920514196,0.9163700707757849,1694.7637231753733,6362.871349348579,2.775557561562892e-18,0.31564840072703504,-0.4687661942100341,3.9477830216898,0.4501397741523117,0.3655312297264695,0.23968921615875652,0.9152520532604822,1677.952117873357,6446.261759472158,2.7755575615628923e-18,0.31564840072703504,-0.46876619421003407
4.404050304755344,0.5362607265779,0.21887082202757657,0.19660171480957855,0.904640224143233,1381.1572986453687,6583.699733820841,-3.4085794615684625e-18,0.32462945820520145,-0.46769812853305187,4.391153961119723,0.5328856979772804,0.22589095660628472,0.20550715792266339,0.9024449366314208,1385.940513077804,6563.088803457175,-3.4085794615684625e-18,0.32462945820520145,-0.46769812853305187,4.365529793264607,0.5128412394761097,0.2346353827618487,0.21307673065936078,0.8928220372108894,1451.5299185505287,6399.946773914827,-3.4085794615684625e-18,0.32462945820520145,-0.46769812853305187
3.5443988675598095,0.14280809704512185,0.28924207552748044,0.5317462609938203,0.6792842711926811,2354.9817140192545,3004.077506498559,7.443540733282301e-18,0.31542959337564436,-0.4547949396023071,3.556859804828009,0.14187154881157105,0.2856500478341318,0.5387862088721685,0.6682277032308994,2406.5310061537243,2982.138780656303,7.443540733282301e-18,0.31542959337564436,-0.4547949396023071,3.55106524856473,0.13983979106914277,0.2867748003955895,0.5374838511193462,0.674471024732512,2387.75900751197,2993.393380318914,7.443540733282301e-18,0.31542959337564436,-0.4547949396023071
3.527801558363752,0.14062234543344118,0.30639681386749745,0.538959347378167,0.6737248515786415,2364.0724459810313,2948.5593719085628,4.794144879063177e-18,0.31564717716378543,-0.45362162908042386,3.5078594168451485,0.13727330814358524,0.315948126359245,0.5398087439318203,0.682840239941632,2329.5837201643117,2942.415231177064,4.794144879063177e-18,0.31564717716378543,-0.45362162908042386,3.506720583831536,0.1382244018543384,0.3261833664745958,0.5381044555075192,0.6816148841704105,2323.6951646426264,2939.079698944441,4.794144879063177e-18,0.3156471771637854,-0.45362162908042386
3.6370576486614214,0.37309662437405133,0.2952952212966049,0.2873975062581402,0.8455684403541246,1109.1908355126673,3281.0381663839457,3.247992891190618e-18,0.24345424563223222,-0.3525221776605991,3.610624317959464,0.36185999701680366,0.2972370711457526,0.2959718562023167,0.8396380464101051,1122.2607160049486,3208.342940467747,3.2479928911906184e-18,0.24345424563223225,-0.3525221776605992,3.6571491711016653,0.387983197622873,0.2864638569392344,0.27726969399984447,0.8466384809221439,1086.8862770251596,3334.9431412037447,3.2479928911906184e-18,0.24345424563223225,-0.3525221776605992
4.191235902150921,0.2651795142738481,0.27345509384630723,0.3714399827820651,0.8039503297087287,2815.942883456145,6106.919598053861,4.322589645056961e-18,0.31542959338082527,-0.4547949396023008,4.168935670405964,0.26141075053074814,0.2791166202441608,0.37467903670415253,0.8049600859719617,2809.5730003907515,6032.503633134509,4.322589645056961e-18,0.31542959338082527,-0.4547949396023008,4.1813974769921325,0.2760046995967344,0.27133726253031404,0.3620160863914141,0.8087816909645316,2739.6139261281764,6126.239557300476,4.322589645056961e-18,0.31542959338082527,-0.4547949396023008
3.7128400881783525,0.13510348488606158,0.32334285488580594,0.5386017963468513,0.6910497384853934,2860.2337594763894,3670.471165886402,3.58136459556502e-18,0.31542959448303504,-0.4547949395993779,3.7167583190954883,0.13483905086651699,0.3289665291871666,0.539014760324274,0.6888410893610516,2870.751409964059,3669.4320384947155,3.58136459556502e-18,0.31542959448303504,-0.4547949395993779,3.7180463327904367,0.13568310312634327,0.3221773189673923,0.5399116469493122,0.6844717738907743,2881.8720749545537,3654.4719099932686,3.58136459556502e-18,0.31542959448303504,-0.4547949395993779
3.123271736817473,0.23474702142680753,0.33146085036728784,0.40131660082487586,0.7552646736868236,1015.0558972777649,1907.987388527067,4.7911410288883235e-18,0.21133668490006527,-0.38550406109812463,3.120844390257833,0.2357247732860351,0.33443333557108507,0.40013700256992557,0.7581849798679999,1009.8014802255507,1910.6806687852804,4.7911410288883235e-18,0.21133668490006527,-0.38550406109812463,3.11362580307576,0.2376863093272691,0.33648937486976854,0.39765836414823286,0.7656819882432042,996.7919255708791,1915.9082073771929,4.791141028888324e-18,0.21133668490006527,-0.3855040610981246
3.576501967004284,0.34330137475389616,0.30886557815794574,0.30881361706675814,0.8311361335918545,1155.4895713734165,3129.9056177862612,5.664403186863045e-19,0.24345404687430705,-0.3887027551216915,3.592066507553314,0.35625083551385495,0.3041994873232816,0.2993461673810852,0.8401267399867467,1130.1989979250604,3191.0464555867275,5.664403186863044e-19,0.24345404687430705,-0.3887027551216915,3.5976187678604234,0.36302196424492983,0.3023050154067198,0.2951974039661574,0.8376157381990575,1119.7293866817336,3203.004476385228,5.664403186863045e-19,0.24345404687430705,-0.3887027551216915
3.6381160743019683,0.4046594876000409,0.2794100402308323,0.26724600415832994,0.8538091118941203,1035.4919407734735,3335.375364742173,-4.429081215259935e-18,0.22343738069937571,-0.3327027956024281,3.6494232787787917,0.40744983640110716,0.2829899933321361,0.26559565943109437,0.8581800733407406,1033.2157300333647,3369.9252467566184,-4.429081215259935e-18,0.22343738069937571,-0.33270279560242805,3.662227454077355,0.41530093295587084,0.27936307481301254,0.26121643922191695,0.8580557564360192,1023.265112756185,3401.5946363613407,-4.429081215259935e-18,0.22343738069937571,-0.3327027956024281
4.870672543969918,0.40743616142753797,0.19456261443657957,0.26502855621234767,0.8450244275370369,2920.743154716261,9403.314303528838,6.2139348393199085e-18,0.3154295933755605,-0.45479493960230716,4.839143972032928,0.4037898268688877,0.19942094735027066,0.2675173450685444,0.846464196151204,2901.4118936468276,9290.070833071035,6.2139348393199085e-18,0.3154295933755605,-0.45479493960230716,4.842433122049392,0.39751283621165917,0.2042751093651244,0.2725513043797127,0.8446348573917503,2945.777144725183,9270.050613065756,6.2139348393199085e-18,0.3154295933755605,-0.45479493960230716
3.43070373137699,0.1986510328272052,0.38018681720195313,0.43762784233959146,0.8173756532024706,1705.6564181441236,3192.0146116705405,-2.3566054767986812e-18,0.3146495218982488,-0.46875131175896073,3.4299046468758756,0.19713046688216776,0.38541773000219576,0.43944635397830417,0.8179188362402527,1710.219068607532,3188.8562282941457,-2.3566054767986816e-18,0.31464952189824874,-0.46875131175896073,3.438956650251346,0.20880367188668564,0.3654275720598151,0.4264971950860371,0.8074421339837273,1686.8756144940057,3198.451191021176,-2.3566054767986816e-18,0.31464952189824874,-0.4687513117589608
3.557056406543536,0.12427120095546179,0.335320694953594,0.5455297951910388,0.7177899498057967,2545.5369176820627,3350.394604074506,1.217349807703022e-18,0.31498081611388806,-0.45615944690923865,3.5613678632776207,0.12548770258187691,0.3226205744276081,0.544952749099731,0.7151921092505232,2553.7079246995663,3350.03482223137,1.217349807703022e-18,0.31498081611388806,-0.45615944690923865,3.5583628718724047,0.12548474964206022,0.3244491745892846,0.5456795652784403,0.7139109908789331,2553.4790503147324,3339.201524450397,1.217349807703022e-18,0.31498081611388806,-0.45615944690923865
3.541847077461553,0.12643712251462016,0.3313789605582372,0.5450932746535678,0.7142330331783018,2516.3644842338076,3292.9387881366347,3.5325278056254985e-18,0.3149808161206744,-0.45615944690920285,3.5351476796028014,0.12555385616291606,0.34115483923642564,0.5444641011281882,0.7184040779952979,2499.3819451719996,3295.1096773173595,3.5325278056254985e-18,0.31498081612067436,-0.45615944690920285,3.5341058368396023,0.12377361781209392,0.3480216711767007,0.5471747658886023,0.7169050966347688,2509.1320523415275,3284.3578456875844,3.5325278056254985e-18,0.31498081612067436,-0.45615944690920285
4.092522980209,0.20024016805986963,0.24888521897722557,0.43962546223661314,0.7505572325816445,3179.6798949839917,5441.099634158645,-3.016910393003142e-19,0.3149808161089086,-0.45615944690924526,4.092393747002476,0.20330865186844876,0.25076926743863287,0.43596587829092,0.7547044621159121,3151.7473834137854,5470.519860626463,-3.016910393003142e-19,0.3149808161089086,-0.45615944690924526,4.043159126143823,0.20151751348948543,0.2756422634964135,0.4370014296473173,0.7643192806386792,3068.775067957832,5382.193264283243,-3.016910393003142e-19,0.3149808161089086,-0.45615944690924526
4.251425384257993,0.26845125799074065,0.20700815397029584,0.37049617544436736,0.7689204396879677,2782.006788684048,5795.465256444078,3.744799884648345e-18,0.3154295933755608,-0.46592045195390974,4.262300012411959,0.27013042244021296,0.1977140790361219,0.3681467783783325,0.766201511834691,2791.097646615069,5812.811014936679,3.744799884648345e-18,0.3154295933755608,-0.46592045195390974,4.230606718418513,0.26754081682058994,0.2052983135411988,0.3719322300048906,0.7651963496960071,2768.5675448748475,5722.08052723302,3.744799884648345e-18,0.3154295933755608,-0.46592045195390974
3.7184509609757783,0.15567370258250254,0.2672272757309179,0.5214409853330348,0.6556674796191575,2658.5915418171185,3344.3827504929845,2.973811673103098e-18,0.40719411524882715,-0.45356187621932814,3.724430825560329,0.15474799588354463,0.26463241855351527,0.5229114692013863,0.6548103250737587,2673.9018988880584,3349.553432518407,2.973811673103098e-18,0.40719411524882715,-0.45356187621932814,3.7259939520678595,0.15669424224460415,0.2624524910718687,0.5186714846762283,0.6582313427472233,2655.9210983834437,3370.6518558796615,2.973811673103098e-18,0.40719411524882715,-0.45356187621932814
4.886543736479486,0.5817630366103952,0.18942918596563202,0.17269577666206112,0.9263193585150307,1576.1646509729057,8943.866739465495,-3.3042351923367752e-18,0.3070606591830941,-0.46592045195800863,4.8534374149075665,0.5582420345098449,0.18947511270978204,0.1844986751487018,0.9117023167269946,1665.3767514131077,8705.839977801947,-3.3042351923367752e-18,0.3070606591830941,-0.46592045195800863,4.912164278710683,0.6101929166237527,0.1839393865768254,0.15705411624682714,0.9343275928119783,1470.186522276098,9122.73605187901,-3.3042351923367752e-18,0.3070606591830941,-0.46592045195800863
4.105454298679969,0.6041643441951494,0.23301349857192533,0.15728053119637234,0.9508581479610627,1017.1928917242083,6150.166607035272,-2.2750471816089275e-19,0.17397705809461078,-0.36520768510696955,4.105504214321009,0.6037885634590033,0.23459751619916927,0.15748982990567634,0.9514733323776738,1018.1881503828854,6151.893373030311,-2.2750471816089275e-19,0.1739770580946108,-0.3652076851069695,4.10469853044435,0.6027750206789695,0.23539908315955596,0.15799145165083137,0.9515517206955916,1020.7524924364001,6148.285371566089,-2.2750471816089275e-19,0.1739770580946108,-0.3652076851069695
4.123618504242155,0.6029294177462258,0.2588048704277377,0.1586458991323562,0.9631829620937341,987.009795541964,5997.836116874283,-4.741577501003272e-18,0.17397724306838447,-0.34719047967211153,4.123428258745009,0.60305385429544,0.2575530916304765,0.15862022738382792,0.9628304613522128,986.647177268166,5996.204529182642,-4.7415775010032736e-18,0.17397724306838444,-0.3471904796721115,4.124904596802924,0.6042905652409453,0.25611609615199105,0.15796306321478099,0.9623535332649885,983.8961199956503,6000.718452005376,-4.741577501003273e-18,0.1739772430683845,-0.34719047967211153
4.102840906776614,0.5832313774361335,0.28433991605221254,0.16929497674636723,0.9711882320344903,1038.0035731397154,5965.50220418474,-4.2528704572334634e-18,0.21046083555366407,-0.3927711964274251,4.107249258454529,0.5847852588345465,0.2846800216140151,0.16855212168754874,0.9729254737575566,1035.3806917998666,5986.282593235364,-4.2528704572334634e-18,0.21046083555366407,-0.3927711964274251,4.113563917928912,0.5919059727102594,0.2747196803462167,0.1648245699249069,0.9697441086730123,1018.3590380780021,6004.7336073275865,-4.2528704572334634e-18,0.21046083555366407,-0.3927711964274251
3.505440153359134,0.1396222764478879,0.2867557860738385,0.5332541660495155,0.6867305099761748,2274.729266818047,2931.0543371782214,1.3246979271095615e-17,0.3154295933805241,-0.45479493960230094,3.501187008750952,0.13607771863906987,0.29566423317713203,0.5409829399229873,0.6820099303050666,2298.496208067417,2900.156558908503,1.3246979271095615e-17,0.31542959338052406,-0.45479493960230094,3.5005215583345355,0.13810702993995516,0.29601544099624877,0.5366916464054708,0.6842683368914618,2281.003040459459,2911.7704199198465,1.3246979271095615e-17,0.31542959338052406,-0.45479493960230094
3.455860399361083,0.6228888233151532,0.26102394884139707,0.16170929941061302,0.9505332455642331,502.4445297173699,3303.77920352231,0.0,0.2643309918761909,-0.3696765962633132,3.4906368906844665,0.6455684326490211,0.24244477440955742,0.14708055697555802,0.9563123808992876,479.79573476376896,3388.685569261396,0.0,0.2643309918761909,-0.3696765962633132,3.5407461681475696,0.6779221935907517,0.22363111088101334,0.1235623199190584,0.9661140163861976,446.26927809650266,3508.575895637091,0.0,0.2643309918761909,-0.3696765962633132
3.3567266726914213,0.14413576402205824,0.4483580213207937,0.5152214363594014,0.7849658532717306,1952.9481638625439,3003.719120989739,1.0279842820603297e-18,0.3178632914615796,-0.47148343531130943,3.3501006911950126,0.1388411044041495,0.4574008615913294,0.5211472051201572,0.7869884611232826,1963.7178684899068,2988.098062868474,1.0279842820603297e-18,0.3178632914615796,-0.47148343531130943,3.3569987043846528,0.14510714429986946,0.4421116456152935,0.5125226675429926,0.7818681708957864,1950.330431804277,2999.657535488802,1.0279842820603299e-18,0.31786329146157966,-0.4714834353113094
3.7446246263145033,0.16385216313833673,0.2632749647268916,0.5100995831871307,0.6549729989215639,2639.43849215625,3388.9999444019377,-1.5419764230904953e-18,0.40719430607982693,-0.45328115448016015,3.739322285646662,0.16435239463728088,0.2595096405056331,0.5096842406100298,0.6537327716559266,2632.4221601085546,3375.0230784392465,-1.5419764230904953e-18,0.40719430607982693,-0.45328115448016015,3.740882512774513,0.1615066636758389,0.2640260871604377,0.5171361760826769,0.6464990973757906,2671.9287380627793,3341.0392636397796,-1.5419764230904953e-18,0.40719430607982693,-0.45328115448016015
3.42773121303818,0.4668063574209794,0.21512429912485548,0.23070900662623117,0.9077176366101821,832.2096493149027,3312.1848260778056,3.1720657846433047e-18,0.30379704917565803,-0.3878928435809982,3.381277722099864,0.4298711588890855,0.24520368397667813,0.2556886670554936,0.9097084266596422,879.4820895999085,3195.2755762914235,3.1720657846433047e-18,0.30379704917565803,-0.3878928435809982,3.4156663952799535,0.45136655168313544,0.2324243275841657,0.24493318035682982,0.9093314647280536,854.3901054810159,3281.257328742108,3.1720657846433047e-18,0.30379704917565803,-0.3878928435809982
3.5528080728612754,0.5357639756903383,0.1482265669342274,0.19182818512885633,0.8896840593552517,694.742609901885,3258.281804370633,8.326672684688675e-18,0.29691745774517,-0.39872771313452177,3.559572866588364,0.5341059041756215,0.14404085556943694,0.19170701334727938,0.8850698457687599,701.4402896975585,3258.53986913441,8.326672684688675e-18,0.29691745774517,-0.39872771313452177,3.55784013529365,0.544287155311556,0.1513874418733315,0.1879596875647453,0.8947254397826154,679.4908709211451,3286.747192270567,8.326672684688675e-18,0.29691745774517,-0.39872771313452177
3.3152468229044567,0.4591547531986276,0.2369644463656284,0.23995132075600709,0.9146224140911987,717.9637394877669,2830.630199557502,-1.1895246692412394e-18,0.29897664185918255,-0.39759881913168893,3.3210082276213124,0.4608046174121206,0.23697875578031602,0.23951724295995516,0.9121788909427003,717.0609508469762,2840.001946918717,-1.1895246692412394e-18,0.29897664185918255,-0.39759881913168893,3.345515830444069,0.46823168390864656,0.24921847886536813,0.23397359586775976,0.9286364679698093,714.4929828807591,2909.6256771988374,-1.1895246692412394e-18,0.29897664185918255,-0.39759881913168893
4.895448516806626,0.6265394797463728,0.17221986488739607,0.16158121306933196,0.9487611501515398,1474.9873418818393,10063.042878723645,-1.942890293094024e-18,0.2969174577782819,-0.39872771313452177,4.922809743150451,0.630569866794225,0.16165268369545963,0.1589588139638809,0.9463088862989201,1485.1802274582087,10146.471362637913,-1.942890293094024e-18,0.2969174577782819,-0.39872771313452177,5.0198400968386805,0.6742081442897969,0.1414232519092608,0.12519442866397384,0.9603117178659191,1374.9573394845868,10601.127124188026,-1.942890293094024e-18,0.2969174577782819,-0.39872771313452177
4.7869592016593225,0.679842621707705,0.16469418275985476,0.12332620874203871,0.9740755182056222,1225.993244443472,9722.437527866206,3.608224830031758e-18,0.29897664189229495,-0.39759881913168893,4.78155593971884,0.6740696614101088,0.16577157280790072,0.12594695856646218,0.9696119168337487,1246.268117730727,9672.758037500807,3.608224830031758e-18,0.29897664189229495,-0.39759881913168893,4.76308431937058,0.6809131364998449,0.15610480203121269,0.1224447513672864,0.9675801196714694,1208.8719039035818,9594.955836403655,3.608224830031758e-18,0.29897664189229495,-0.39759881913168893
3.3118522227678344,0.3263234803173138,0.3500262458790189,0.3220118351839272,0.9024885795426739,1065.0193148706473,2984.0680041723986,2.619786473924158e-18,0.34427454946628866,-0.5494335760335274,3.3149538536758247,0.3267484920008744,0.3490737073884605,0.3213889656780357,0.895944767336683,1068.4598960559565,2977.1439130849712,2.619786473924157e-18,0.34427454946628855,-0.5494335760335274,3.301692945058338,0.31974937989439706,0.35205058879863255,0.3272016819696107,0.8962309299089906,1075.0712468943407,2946.8904918759167,2.6197864739241575e-18,0.3442745494662886,-0.5494335760335274
3.7549929082652596,0.1644670491776229,0.34105499679411433,0.4818329905672503,0.743918175251656,2179.973705158584,3368.307890690377,1.4444228126500765e-17,0.29331578915722195,-0.6331664131386981,3.751213839009808,0.16491484550736926,0.34424456239191586,0.481055670098363,0.7469443139242714,2170.9390484190017,3369.6404928906663,1.4444228126500765e-17,0.2933157891572219,-0.6331664131386983,3.779789236478937,0.17375245718101096,0.3173709680634654,0.47221231780269074,0.7324765670299096,2184.8374983630865,3392.882910204804,1.4444228126500765e-17,0.29331578915722195,-0.6331664131386983
4.7704335612836815,0.5729654817084238,0.14430938143146071,0.17408155408950282,0.9050189538923398,1514.4512893551598,8022.138152908661,-3.6818620714609786e-18,0.2969155749229827,-0.37031967850780373,4.752262161861577,0.5828293711947862,0.14846100722758585,0.16966990074743918,0.9152188961477024,1457.2317130949873,8030.935296277435,-3.6818620714609786e-18,0.2969155749229827,-0.37031967850780373,4.763606193789777,0.5737617416382308,0.14380221025651943,0.175855680171925,0.9020818373040704,1510.2726817120554,7996.339869604797,-3.6818620714609786e-18,0.2969155749229827,-0.37031967850780373
4.374930590851318,0.6098911958693657,0.17868305079357108,0.1557634720198665,0.9014468436620862,1113.9494847930084,6609.17459412365,5.5511151231257846e-18,0.29691617430657297,-0.37084593664259263,4.400076542964129,0.6247096728779067,0.1712238214501723,0.14851221474211576,0.9044545021172344,1078.4289506294078,6717.4951059988925,5.5511151231257846e-18,0.29691617430657297,-0.37084593664259263,4.310123276187434,0.5714925057180059,0.19623505743682726,0.1758652280911164,0.8890110945644278,1203.5551095506237,6321.941553137609,5.5511151231257846e-18,0.29691617430657297,-0.37084593664259263
4.494447600977411,0.6504775282296792,0.2121257717108385,0.1362506703263757,0.9327171411945996,1070.0340518947378,7434.631666815967,0.02272727272727273,0.2969162018799244,-0.36621412170585427,4.493745146824152,0.6496384966462742,0.2089350413111015,0.13655839338283007,0.9301944209770076,1070.6114631827522,7425.293084094256,0.02272727272727273,0.2969162018799244,-0.36621412170585427,4.540013434103091,0.6722277317852551,0.204443766516859,0.1266505571301081,0.9364680129789225,1015.13578398076,7641.277787272181,0.02272727272727273,0.2969162018799244,-0.36621412170585427
4.546869040800332,0.6082819912882349,0.1923153148007972,0.15544123433982726,0.9084211367165946,1253.7756669401213,7409.382923724538,-6.4051328343759035e-18,0.29691617715522306,-0.3703196785078036,4.585265438297965,0.624775780255639,0.17337094652510873,0.14937298102616053,0.9073851392149431,1214.6286837684725,7569.476351724098,-6.4051328343759035e-18,0.29691617715522306,-0.3703196785078036,4.539654485103715,0.6144524147262691,0.1853243702007133,0.15433953248913135,0.9086359225214581,1225.1263510054355,7411.432370771963,-6.4051328343759035e-18,0.29691617715522306,-0.3703196785078036
3.1593466802110264,0.21429406720516977,0.3053979581036211,0.42679499058577014,0.7256140061577003,1126.7362335026005,1913.0992637128832,0.02127659574468085,0.34559109708670693,-0.3855040315863154,3.1601533099761725,0.2124334445014974,0.2976394745277861,0.4298442967161919,0.7179934007558794,1137.3266941150448,1898.5539735704494,0.02127659574468085,0.34559109708670693,-0.3855040315863154,3.1507037312636528,0.21622384122350247,0.30723808645984396,0.4243311765792873,0.7293608296959913,1113.2699050572714,1911.5213936638913,0.02127659574468085,0.345591097086707,-0.3855040315863154
3.277331435372429,0.16884135895653304,0.3278461061364187,0.49981985187604866,0.6646733039498317,1551.5011898112384,2059.8900473705894,0.018867924528301893,0.2113366850428547,-0.3855040315861561,3.2848788528309325,0.1644113272603578,0.3218159502381682,0.5113554279744785,0.648800242521008,1596.8303665829656,2024.9290386911564,0.018867924528301893,0.2113366850428547,-0.3855040315861561,3.287101186393439,0.1627583949139984,0.32463715053401876,0.5121841834198958,0.6497499750597062,1600.0280785949778,2029.2969671037924,0.018867924528301893,0.2113366850428547,-0.3855040315861561
3.3074031926444385,0.16816192237029784,0.3150036185254833,0.5053823386710524,0.649215392037264,1597.8670626282455,2053.3182443505425,4.04768811061255e-18,0.2163929563129482,-0.3855040559842018,3.3114649169983323,0.16899580723477503,0.31716834632525426,0.5043122573925275,0.6496343434275045,1599.1458261713105,2059.892520618473,4.047688110612551e-18,0.21639295631294816,-0.3855040559842017,3.319231909994131,0.17226827637631106,0.3071083547539288,0.5009863237260077,0.6492036808105972,1597.4803508582443,2073.3896933306446,4.04768811061255e-18,0.21639295631294814,-0.38550405598420173
3.0614725007172163,0.2877311796304802,0.31886433476189086,0.350104338641127,0.8135222485774699,826.4422545627131,1919.2037351465847,-4.731064025391291e-19,0.21047408344476262,-0.39571794441871155,3.062764175132986,0.2859302115838791,0.31911791840919745,0.3517750100416786,0.8088372025806284,832.1194494026664,1912.5896253780677,-4.731064025391291e-19,0.21047408344476262,-0.39571794441871155,3.0684251099053217,0.28903454567687176,0.309108487955607,0.34913294715101,0.8036337742821877,832.1332742679116,1914.1580817847125,-4.731064025391291e-19,0.21047408344476262,-0.39571794441871155
3.043462199645604,0.276961666102575,0.32185866142741565,0.3592949041079573,0.8019572052458361,832.8857594126392,1858.5666296799136,0.022727272727272728,0.3461163188648177,-0.3854997721927112,3.0435371634208384,0.27615799196238616,0.321198097914655,0.35998730720791017,0.8008482813891176,834.6822026848406,1856.458071134487,0.022727272727272724,0.3461163188648177,-0.38549977219271114,3.043817266009006,0.275352622648099,0.32094844194516015,0.36067882280018126,0.8000025514765494,836.4913148174489,1854.9808180553648,0.02272727272727272,0.34611631886481764,-0.38549977219271114
3.1319647656384237,0.19430154781892758,0.29255431564516626,0.454129427853816,0.6972019574487378,1235.9287600440075,1896.752480006878,5.046468293750711e-18,0.3132630550459618,-0.468530624493278,3.1319409789442294,0.19437662678826872,0.2906086247601878,0.453860712705583,0.6980180727019688,1234.8853620757955,1898.4314093380149,5.04646829375071e-18,0.31326305504596175,-0.4685306244932779,3.129485288518441,0.1955480382399317,0.2976874769297425,0.45115587820220704,0.7041357777358084,1223.7805955696124,1908.8761112750867,5.046468293750711e-18,0.31326305504596175,-0.468530624493278
3.2503270287177166,0.3078148312568866,0.3101647455597642,0.3349108308785587,0.8797949556093718,1061.3722977932089,2791.063255174668,0.03846153846153846,0.3445424186277746,-0.4535264110738614,3.2515830168515847,0.3083141084198338,0.3088278658912477,0.33458244066409665,0.8793453810248972,1061.3631468233755,2792.904138199965,0.03846153846153846,0.3445424186277746,-0.4535264110738613,3.2552363266664486,0.3114318790711426,0.30561998032947935,0.33193585135920595,0.879641858586353,1056.9048947019337,2802.7781635874676,0.03846153846153846,0.3445424186277746,-0.4535264110738613
3.642274946023776,0.26139049950793686,0.3162960360355188,0.3753364808565455,0.783684857107678,1761.5171120898246,3685.704319215878,2.4980018054066017e-18,0.31338505375732095,-0.453706791371903,3.637413051690517,0.2605139109244214,0.3173730735013923,0.37608295176919404,0.7832370024055908,1760.363054809766,3672.927220778864,2.4980018054066017e-18,0.3133850537573209,-0.453706791371903,3.6511781769024996,0.26332322333991526,0.31360888642874046,0.3727917375839626,0.7826909478287019,1762.2023645803172,3703.8665993092095,2.4980018054066017e-18,0.3133850537573209,-0.453706791371903
3.969299690603763,0.15076350483266188,0.4222368169426466,0.526514847553918,0.7604373397105813,2940.2415053259856,4371.6796084824355,0.016949152542372888,0.34716425864150907,-0.4967429476384735,4.016322625537251,0.17155542497224854,0.3963782116818955,0.5006914337002912,0.7723345498852223,2869.737808241293,4579.498514337606,0.016949152542372888,0.34716425864150907,-0.4967429476384735,3.9886729449612153,0.1620762682920841,0.40441901767603966,0.5128872930765074,0.7662367081025941,2908.9890164348203,4458.0096352878645,0.016949152542372888,0.34716425864150907,-0.4967429476384735
4.040662187464436,0.1568130123878341,0.4697443409223206,0.5248420679652074,0.7936249995919489,3055.7414342715465,4862.715131830783,0.016129032258064516,0.28210731808036166,-0.4967429476384735,4.014742296329554,0.15016321053257953,0.48654939352035836,0.5341015972112259,0.8056057234211965,3038.0393799764047,4833.0131343876155,0.016129032258064516,0.2821073180803616,-0.4967429476384735,4.0434370359682585,0.17127503176316175,0.44464589741204547,0.5123870055796542,0.797101749203364,2977.5225979821794,4933.78981121375,0.016129032258064516,0.28210731808036166,-0.4967429476384735
4.197892540918414,0.1929313300531831,0.4102631624012097,0.4550886450248266,0.8228649660068529,2957.2348531928665,5459.158323599984,9.738798461624182e-19,0.2821073179181871,-0.4967429476384735,4.212824566748722,0.2067323309312414,0.3884799867023184,0.4480204933492412,0.8094849948667517,2933.317192400957,5486.32098871648,9.738798461624182e-19,0.2821073179181871,-0.4967429476384735,4.265391116770113,0.21675417338704292,0.38158121982173265,0.43100757235174697,0.821805394301088,2909.485167603647,5706.417337430198,9.738798461624182e-19,0.2821073179181871,-0.4967429476384735
3.2016636636489775,0.27670376916189016,0.3708504089223214,0.3616732028211363,0.9005640127248979,1089.3228925530823,2712.9485557675694,-1.1564823173178711e-18,0.3156327072537642,-0.4536366418992171,3.193166582141829,0.2727535745254594,0.37595303736269603,0.3650719163847776,0.8998918596899171,1092.2652780671413,2693.5033244773695,-1.1564823173178711e-18,0.3156327072537642,-0.4536366418992171,3.1977263081435052,0.27515400638627363,0.37302067937507666,0.3630831944207889,0.901283050409557,1089.8087722212233,2705.9717603343843,-1.1564823173178711e-18,0.3156327072537642,-0.4536366418992171
3.369406459928842,0.16918186179584435,0.3654608482731615,0.472738431215828,0.7510189372005011,1725.3192563020584,2740.4710860677433,-1.982541115402065e-18,0.3156310399837633,-0.4536383532405874,3.373676346415353,0.16870645636530848,0.36132153789827076,0.4738461461645291,0.747642937208817,1735.3257447393876,2738.1306112882876,-1.982541115402065e-18,0.3156310399837633,-0.45363835324058743,3.384680438257809,0.17029083887556165,0.35536167740318775,0.4719156967677214,0.746562841524025,1742.0414194149046,2755.6645838185855,-1.982541115402065e-18,0.3156310399837633,-0.4536383532405874
3.2736016387138487,0.1799042743005956,0.35054979015085763,0.4547206167328435,0.7983044193070113,1558.843266798222,2737.165206910873,8.326672684688676e-19,0.3156484007420958,-0.46876619699948013,3.272945801179339,0.1788511015176961,0.354131139475891,0.4560360432724518,0.7976789130144872,1562.215253335828,2733.1194819686,8.326672684688674e-19,0.31564840074209577,-0.46876619699948013,3.2745516341467322,0.1790672157363297,0.3504348798362335,0.45580472669909805,0.7968687732033908,1563.6529414906752,2734.2985302100933,8.326672684688676e-19,0.31564840074209577,-0.46876619699948013
3.693514706849229,0.20238506741211257,0.3425500185144643,0.43609394373407184,0.8059675039189402,1821.2062014854337,3352.4110679968603,0.02040816326530613,0.3471477015813974,-0.5038190673747817,3.690046175879741,0.1947289186226623,0.3460011734990942,0.44369508205390334,0.8016456400159852,1845.267453012343,3324.204287534543,0.02040816326530613,0.34714770158139746,-0.5038190673747817,3.7099321859562204,0.19059968889874027,0.3404724565901262,0.44801870816510114,0.7936046329586847,1885.8164981644125,3332.7098562103865,0.02040816326530613,0.3471477015813974,-0.5038190673747815
3.4896219739841214,0.5212737944822636,0.1906842112149054,0.2021016688511448,0.9264546067825743,683.9391961747901,3194.7550123938095,0.026315789473684216,0.3443867549708703,-0.3662181044895185,3.5190588496757322,0.527470482610721,0.18015661013195156,0.19706992333659912,0.9223657175056535,685.9410043707189,3243.3224780630067,0.026315789473684216,0.3443867549708703,-0.3662181044895185,3.4406565112213685,0.4819200230146266,0.2109185948190319,0.2233747243562613,0.9190521019122181,731.2137717816202,3060.393879581949,0.026315789473684216,0.3443867549708703,-0.3662181044895185
3.6788609095806266,0.45237720436485235,0.1967735404523633,0.24194801332471222,0.8844852884035642,984.7467750811135,3679.728903126885,9.376883653928691e-18,0.2969151699635303,-0.37210301558315234,3.750084957462475,0.48341083214392777,0.1701048358819308,0.22243934209026303,0.8844656139171927,949.7249449195315,3857.852196474109,9.376883653928691e-18,0.2969151699635303,-0.37210301558315234,3.7617290707441975,0.48107088008034676,0.16839253120008016,0.22496017758681103,0.8795131862031217,960.5403636646645,3872.754759844819,9.376883653928691e-18,0.2969151699635303,-0.37210301558315234
3.8977332622241945,0.49564023411642616,0.1784859704276251,0.2203054450664424,0.9032219047055384,1039.963341645895,4451.3628616526175,-3.304235192336776e-19,0.29691518082963,-0.37031967850780373,3.941642997510461,0.5129161964773853,0.17519722439791385,0.20826628476624526,0.9043171327279377,1020.3310198388166,4569.343620491077,-3.304235192336776e-19,0.29691518082963,-0.37031967850780373,3.9824538333122814,0.5373583576720612,0.1747355503813584,0.1977330323733245,0.907795311551574,981.3364249232579,4709.714835851269,-3.304235192336776e-19,0.29691518082963,-0.37031967850780373
3.476604819951675,0.5013874331137593,0.158226653701268,0.2131822723875282,0.8814220760131947,722.7635031926801,3072.8761879122167,1.1564823173178717e-18,0.29691518370884284,-0.38789284358099835,3.5204413253859026,0.5221359212125881,0.14839455064230295,0.20107427360633295,0.8838494286090769,703.8545049807824,3171.719145802717,1.1564823173178717e-18,0.29691518370884284,-0.38789284358099835,3.515757823012385,0.5075876185784991,0.15412465513421536,0.20758132011273,0.878226655536106,728.4355767964297,3138.13160729549,1.1564823173178717e-18,0.29691518370884284,-0.38789284358099835
3.32824487219865,0.5133735974015231,0.22244822686492108,0.20568067835770248,0.9275240394643106,605.475373656919,2763.2415654326132,0.028571428571428584,0.34438675497087035,-0.3662181044895185,3.3197492211599835,0.5024909761754185,0.22320135599216043,0.21158859875086697,0.9213771987338449,618.6646855555801,2732.848658375827,0.028571428571428584,0.3443867549708703,-0.3662181044895185,3.3090546343385117,0.4898116499339935,0.22414339202203812,0.21836344900205157,0.9192201193086632,632.6215854880487,2703.3022587454325,0.028571428571428584,0.34438675497087035,-0.36621810448951847
3.569204528997915,0.5548252372770773,0.18646514134951497,0.1828649871768083,0.9200921525025358,658.4339279251575,3354.1077699245707,0.026315789473684202,0.34595496956640953,-0.36621678412216363,3.54819703928796,0.546091291598744,0.19102680484278842,0.1876193204775915,0.9206307468750214,664.6541926845772,3309.57969452338,0.026315789473684202,0.34595496956640953,-0.36621678412216363,3.5433993723732353,0.5424660981015985,0.19973317490637119,0.18921080695832523,0.9269017160553992,667.7601136367248,3307.5205928188147,0.026315789473684202,0.34595496956640953,-0.36621678412216363
3.5740077774948866,0.49239934059173596,0.19363562089855565,0.21757194870666147,0.8971615050468605,808.9731639850804,3410.7655651047276,4.163336342344338e-18,0.2969148391834977,-0.37084593664259274,3.60458019495446,0.5067922857911351,0.18991710456735517,0.20811892776592983,0.9022867703518533,791.6723050616079,3493.7832452217854,4.163336342344338e-18,0.2969148391834977,-0.37084593664259274,3.613418148656888,0.5105717836176938,0.19082101623143138,0.20578285944301788,0.9028256987153257,787.0677383208183,3516.313569644284,4.163336342344338e-18,0.2969148391834977,-0.37084593664259274
3.815650896386273,0.54961417308241,0.18841033791251688,0.18714713872623487,0.9267186553538186,826.4296654055581,4196.624254039688,-4.981769982292371e-18,0.29691484203214763,-0.37031967850780373,3.790130777273198,0.5259325729527446,0.19435212598690585,0.2004772517148006,0.9226067567092681,864.2160611075092,4111.2743599273435,-4.981769982292371e-18,0.29691484203214763,-0.37031967850780373,3.8079857443915177,0.5479203626194447,0.1977181809912753,0.18934617419182645,0.9313544611864814,823.4709823992964,4194.66847334007,-4.981769982292371e-18,0.29691484203214763,-0.37031967850780373
3.267868042357846,0.5332962421406029,0.2481477106682673,0.19695621566299887,0.9387374858465287,453.9934760230171,2228.166145162263,0.028571428571428577,0.34438675494872584,-0.3683125015632319,3.2397616008916477,0.5177025822887855,0.2546526559357868,0.20548244531534146,0.942213327086201,463.91091319763694,2185.591656492606,0.028571428571428577,0.34438675494872584,-0.3683125015632319,3.2602069462265133,0.5336482762753684,0.24598454173234893,0.19629146732437283,0.9407990567652145,451.13985947833686,2220.2823491169747,0.028571428571428577,0.34438675494872584,-0.3683125015632319
3.5569013813380375,0.5495807743612776,0.24574972628209177,0.18973693754783671,0.9311481660395612,567.4985493872344,2930.539818965702,7.755234363190432e-18,0.11250140899145254,-0.3721586790195885,3.61182771931244,0.5898991179323958,0.2259280311757171,0.166074531288277,0.938583291857844,525.5042072039469,3055.908945950888,7.755234363190432e-18,0.11250140899145254,-0.3721586790195885,3.6061814848994254,0.5826825035555347,0.22788670111414214,0.17080267094263338,0.9363686898567007,533.4504479666934,3041.8115442561148,7.755234363190432e-18,0.11250140899145254,-0.3721586790195885
3.7801161055373056,0.5914849343062021,0.21203224102353646,0.16725644174144308,0.9414751798652169,611.5581800606531,3559.7513476068484,-2.4908849911461853e-18,0.21676056282432635,-0.3703753694356025,3.7703664326812056,0.5870705485401451,0.21125544705793678,0.1710780017575179,0.9374528314391019,618.2444719631295,3532.625332621287,-2.4908849911461853e-18,0.21676056282432635,-0.3703753694356025,3.8016740572497603,0.5966771216378646,0.21271167342744046,0.16479060149492836,0.9480013499297353,610.4831922058305,3614.725494914425,-2.4908849911461853e-18,0.21676056282432635,-0.3703753694356025
3.125806609127557,0.36608133030943313,0.29746814197578597,0.29313598385327716,0.8875253868179284,713.1823964308747,2167.0931368426404,0.023809523809523815,0.3445474211063582,-0.39533475978298893,3.1179352340005577,0.35961098980239037,0.30374027149658256,0.29786250783253326,0.8889423960538855,718.8784223630851,2153.7236873988973,0.023809523809523815,0.3445474211063583,-0.39533475978298893,3.126189808249853,0.362700687090547,0.2956092352856714,0.2952939361850584,0.8910660965193135,717.535890689013,2170.241990463365,0.023809523809523815,0.3445474211063582,-0.39533475978298893
3.1694575467444266,0.3013816487855036,0.30002510657623604,0.341181056924431,0.8496200977506774,892.8026145145476,2233.430892316631,0.022222222222222216,0.3461163218789653,-0.3953347597829084,3.1683868261041566,0.3052475859740323,0.30382509423633086,0.33862851596755883,0.8491523627923424,885.929199392199,2234.1049673299012,0.022222222222222223,0.34611632187896524,-0.3953347597829084,3.182168794529705,0.31867641328919855,0.2925840820442261,0.3273489656930675,0.8526287669834697,868.3321921715622,2270.036106352757,0.022222222222222227,0.3461163218789652,-0.39533475978290844
3.2326678923663046,0.21846953176032768,0.28880140141702726,0.41777285026699096,0.7618179084996628,1257.8077711106564,2297.1703093156293,-3.3923481307990893e-18,0.3132635967284315,-0.46853062165115456,3.234893407355732,0.21460377716608173,0.27679003743550745,0.4223758435943314,0.7563861089737788,1273.828100079694,2284.8291422235275,-3.3923481307990893e-18,0.3132635967284315,-0.46853062165115456,3.237066756995296,0.21989545723882423,0.2735726869429577,0.41680440858504864,0.7551207107519524,1262.7973341200588,2291.248326446884,-3.3923481307990893e-18,0.3132635967284315,-0.46853062165115456
3.254141349974092,0.20784841944222535,0.2926300894541083,0.43249851190991967,0.7508916966881526,1313.4415619435686,2282.8764506273583,5.430438707405659e-18,0.21687257492723702,-0.39533478464808774,3.2550153846462124,0.21249697736382497,0.291835162984178,0.4261778106191975,0.7578892561776116,1295.014661057869,2303.81525921914,5.430438707405658e-18,0.21687257492723702,-0.3953347846480878,3.257087085654924,0.20121640045818176,0.2922247564228097,0.44015135805021427,0.7416575712344028,1340.0605235293438,2260.447890367261,5.430438707405659e-18,0.21687257492723702,-0.39533478464808774
3.0021162160453234,0.35551912670947067,0.29648615800024475,0.2982355697530553,0.8503115335515727,640.8966201223016,1829.3107116117606,0.02439024390243903,0.3445474210655025,-0.35085581101971247,2.99866910469683,0.3530252124679286,0.30073390433849234,0.3000407963596704,0.850232181729596,642.6989721350731,1823.5435185059544,0.02439024390243903,0.3445474210655025,-0.35085581101971247,3.0021160084965994,0.3555191831000512,0.29648648124190846,0.2982355234501352,0.850311190226705,640.8965526649042,1829.310043683111,0.02439024390243903,0.3445474210655025,-0.35085581101971247
3.125473419525046,0.1964950792671729,0.29196214317164504,0.4470523892092041,0.7211863639200093,1202.3228924332075,1938.0741566946565,1.1039149392579683e-18,0.31326358210181854,-0.46853062168994664,3.123375775912852,0.1957760497875662,0.30014659933808896,0.44764546185707443,0.7243608655886383,1200.3028941322748,1940.5660894795624,1.1039149392579681e-18,0.3132635821018186,-0.4685306216899465,3.1249554545084224,0.1982662408427336,0.3021242974471967,0.4429994427001187,0.7321898076825777,1187.428668750048,1960.4516033576742,1.1039149392579683e-18,0.31326358210181854,-0.46853062168994664
3.1522852634827427,0.19250724204120032,0.2922121444437825,0.45381246512257817,0.7162048343964725,1237.8126559281247,1948.1225261613388,2.4671622769447916e-18,0.2168725748774009,-0.3489202000717763,3.161502495453843,0.1907113422471782,0.2851069170068621,0.45849508176378007,0.7022746972475936,1262.7437559724347,1930.3415010967778,2.4671622769447916e-18,0.21687257487740091,-0.3489202000717763,3.1613601120987953,0.1919015862340915,0.28417300682980373,0.4562165091436051,0.7052933286118597,1256.0814403179165,1937.6052500759906,2.467162276944792e-18,0.2168725748774009,-0.34892020007177627
3.1647549254214495,0.36223997073532327,0.2877610249598944,0.2951177706032556,0.8961568661526014,769.3124299876681,2337.8196875616304,3.469446951953614e-18,0.3445474223139498,-0.5490710144596888,3.153420599409472,0.3523493543772853,0.2970060381646925,0.30257540974921365,0.8979428160051424,779.2154618123175,2316.281238469855,3.469446951953614e-18,0.34454742231394986,-0.5490710144596889,3.1539652953098924,0.35282471686447797,0.29656171298041806,0.3022169774165861,0.897856960431418,778.7394795908784,2317.3163110295773,3.469446951953614e-18,0.3445474223139498,-0.5490710144596888
4.463646936636552,0.6472256962176716,0.12705281825968182,0.1380185083540826,0.9238138749793446,944.8421779442737,6434.349770015379,0.023809523809523822,0.4274682377730998,-0.36539234923094266,4.472653891209258,0.6433211021228223,0.13541143911913436,0.13940580798198096,0.9292007117069155,959.2236099939859,6472.247689728295,0.023809523809523822,0.4274682377730998,-0.36539234923094266,4.452073372176191,0.633017050568179,0.12817658311962207,0.14403305050128226,0.9194294586406336,983.4066511647827,6363.477160973818,0.023809523809523822,0.4274682377730998,-0.36539234923094266
3.2405808888677323,0.17415907719238763,0.4111613038336045,0.4708299164865428,0.7774006707283959,1383.85125207344,2302.4551193187585,0.04255319148936173,0.4246372796144512,-0.5040429867548261,3.25481066183323,0.1884513371346506,0.39255412012040236,0.45455519633553926,0.7800417621723216,1355.3181052438301,2344.578715694173,0.04255319148936173,0.4246372796144512,-0.5040429867548261,3.2634035135987585,0.18711729136165672,0.397989080966578,0.45491688577279776,0.7791974723436144,1364.3580670429378,2354.115894691301,0.04255319148936173,0.4246372796144512,-0.5040429867548261
3.1413024114306234,0.21773042004234194,0.36008575828298145,0.419833868769444,0.7661382822879651,1067.7038864908545,1943.3154869464909,0.022727272727272724,0.41790519843592056,-0.3855040659760416,3.1415294394378073,0.2090171572956793,0.36594378120577525,0.42931014934393336,0.7556853740759368,1092.1514635915748,1918.6707563664015,0.022727272727272728,0.4179051984359205,-0.3855040659760416,3.1446514547146522,0.21094122888561342,0.36497890570750186,0.42714579857066265,0.7603431293713723,1087.261604734836,1932.2378466198838,0.022727272727272724,0.41790519843592056,-0.3855040659760416
3.038725784851444,0.28730942423887756,0.328731488623089,0.3506032487663475,0.8344590705246372,792.1775264626294,1884.8495578775894,0.02439024390243903,0.41862353533324054,-0.29907489375927393,3.0337722637177973,0.28097847589632285,0.3304542324014282,0.35597381587629956,0.8386734405255483,798.1252311521438,1879.9404646512955,0.02439024390243903,0.41862353533324054,-0.29907489375927393,3.0339838131468553,0.2836589125985631,0.3265142780516194,0.353855163485195,0.8352643524124798,795.1955328297374,1877.7437402325688,0.02439024390243903,0.41862353533324054,-0.29907489375927393
3.0500462105283317,0.2789939871539118,0.33540328011947684,0.3578711354287356,0.8230478526054604,822.0722168436432,1890.6828897830392,0.023255813953488375,0.41862330213702675,-0.38959254483913275,3.04784402585627,0.28116175458239356,0.3317993841166916,0.35609324896028177,0.821762393401196,818.0107099293588,1887.627061590183,0.023255813953488375,0.41862330213702675,-0.38959254483913275,3.0474532173148634,0.28483978625653156,0.32210147788305005,0.3531143330545985,0.8291907801357219,809.2598422355923,1900.1202651276399,0.023255813953488375,0.41862330213702675,-0.38959254483913275
4.136887965341599,0.6667823288526918,0.18293237863098283,0.12916704604681956,0.9297084599555132,767.7584716199875,5610.112028700646,0.03125,0.4274682377730998,-0.36539234923094266,4.145011756305885,0.6608807838144678,0.18051216881621104,0.13058134075237485,0.9236984368419434,787.3108300155011,5600.592656707952,0.03125,0.4274682377730998,-0.36539234923094266,4.1493509117962555,0.6651332198612677,0.17500135691160257,0.12909386866632988,0.9258036257308284,777.2510856179961,5626.5427382769185,0.03125,0.4274682377730998,-0.36539234923094266
3.162720949619706,0.30769626677704603,0.33350321112582637,0.33622526097816213,0.8604108810225842,865.0936849523913,2221.603140753844,0.023809523809523822,0.418623535395856,-0.39533479484481343,3.153968263926918,0.30322205759067156,0.335666659099706,0.33983920312645055,0.8638023892554524,866.8282789171586,2211.0555179494286,0.023809523809523822,0.418623535395856,-0.39533479484481343,3.1631064611322817,0.30890907784822946,0.31597757044277003,0.33497493846455856,0.8568919462331114,863.9814495784217,2217.4619083477146,0.023809523809523822,0.418623535395856,-0.39533479484481343
4.019078384583203,0.4560561788151523,0.2627511205237562,0.2389495889917358,0.900672969413216,1257.5323588452554,4825.097859907876,0.03508771929824562,0.4272216735420289,-0.3491768251799492,4.01329207651935,0.4569102900882263,0.2576073104694007,0.23779677752743286,0.8992076680894517,1251.6125500827545,4806.516660486598,0.03508771929824562,0.4272216735420289,-0.3491768251799492,4.045627339080109,0.47514831973002836,0.27023233832881627,0.22892555740020987,0.9207123355657731,1214.624525143688,4973.330677663184,0.03508771929824562,0.4272216735420289,-0.3491768251799492
3.039081063670532,0.28259345726559876,0.3504852107239044,0.3546056893153172,0.8345050391551789,799.7993877034212,1882.074426936337,0.024390243902439025,0.41862353080989095,-0.3855040311428163,3.035134357456537,0.28491721313564916,0.3392245210516535,0.35282554861959803,0.8383887713807705,793.0008549802843,1884.016333668784,0.024390243902439025,0.4186235308098909,-0.3855040311428162,3.0423283528400384,0.2853535578398854,0.33223228546856387,0.3520959892300682,0.8274505495096929,799.364609404189,1878.5920752043928,0.024390243902439025,0.4186235308098909,-0.38550403114281623
3.0318666125747815,0.2777078649168018,0.3214876274540054,0.35937431287306315,0.8186338600855075,807.9241901147657,1839.3858336696799,0.04761904761904763,0.4222219419679582,-0.06169921381963182,3.032156823753009,0.2762603392689021,0.33412079966852914,0.360236078067082,0.8249001446327048,807.4045945127222,1848.2777005106623,0.04761904761904762,0.4222219419679582,-0.06169921381963182,3.0277601450328304,0.2735179179844429,0.3386855770826813,0.36264800134399017,0.8239215207824627,809.8817283756619,1839.4949283075764,0.04761904761904763,0.4222219419679582,-0.06169921381963182
3.4227441076106837,0.3760209941910447,0.3511586962823364,0.2872635233105181,0.9028243879889075,948.3691996045117,2989.776569740536,0.0217391304347826,0.4186235379550018,-0.4547038294735885,3.4258803017003703,0.3772602941573898,0.35197477980389025,0.2861298488851264,0.9022699016586333,947.3481800361101,2995.1282380414013,0.0217391304347826,0.4186235379550018,-0.45470382947358845,3.4242838064379386,0.3674301776923468,0.3597152867165327,0.29385136415055096,0.8945883988471889,969.4384424407496,2968.603223928969,0.0217391304347826,0.4186235379550018,-0.45470382947358845
3.5633899921452343,0.5364921640244689,0.1547846723343907,0.19132042084046832,0.9030697290387866,683.9686739070462,3262.0740202485604,0.028571428571428577,0.4274682377730998,-0.36539234923094266,3.578928236102365,0.5502594702383571,0.15385354352884964,0.18403268237904097,0.9076851524931491,666.6409809579735,3308.57237152997,0.028571428571428577,0.4274682377730998,-0.36539234923094266,3.566984318549491,0.5551500586434127,0.16011347779632112,0.18178584026415712,0.912961521610354,654.036426670412,3299.9726704982922,0.028571428571428577,0.4274682377730998,-0.36539234923094266
3.2578266818225154,0.42027238750844875,0.050247122796984935,0.2594374336603164,0.758888267332235,696.5177989024992,2037.4052353112982,0.03125,0.4236823770726718,-0.46040132378749643,3.2578263981759266,0.4202721622162349,0.05024708167950423,0.259437604405374,0.7588879373671895,696.5181909656508,2037.404155393429,0.03125,0.4236823770726718,-0.46040132378749643,3.2578254624530203,0.42027153978794773,0.050247135066616315,0.2594379967073102,0.7588878230416456,696.5187481438331,2037.4023974818656,0.03125,0.4236823770726718,-0.46040132378749643
2.1615975523970836,0.1444796976764889,0.6588883802324448,0.5029595421802554,0.9042480593603643,295.222627338975,531.0031085555355,0.03571428571428571,0.4218934124016067,-0.05935922295900117,2.1642305184668005,0.15023008768989374,0.6575417470996171,0.49547930517372957,0.9053997981579928,292.32812673829176,534.3760279843124,0.03571428571428571,0.42189341240160677,-0.05935922295900118,2.162001489043572,0.14663008648009251,0.658307637857533,0.5002460799933478,0.9051697991519401,293.95461091546406,532.1438921924967,0.03571428571428571,0.42189341240160677,-0.05935922295900118
2.9862714146211333,0.3549130928335372,0.32117155269305303,0.29975164113620384,0.8806943204792423,620.8674739258912,1824.6801340143206,0.026315789473684213,0.42792245234266035,-0.3854996570574746,2.9806443413316392,0.3507093176313961,0.32180090125613436,0.3028044680772627,0.880904456391775,623.8104914674886,1815.6834712588354,0.026315789473684213,0.4279224523426604,-0.3854996570574746,2.9854311342921207,0.354583498449129,0.31652311544488404,0.2996764361671591,0.8754656680526156,621.8532080071126,1817.4479633087724,0.026315789473684216,0.4279224523426604,-0.3854996570574746
3.897182317412817,0.6782205644265066,0.3003737264928264,0.12677039714113406,0.9489418928318488,526.7729238142002,4158.909386842859,0.029411764705882353,0.4290445245454608,-0.3787922455428261,3.8331978640203563,0.6362661713357692,0.3275410635921158,0.14649898927809998,0.9332154849244351,585.0432491570556,3958.372006514278,0.029411764705882353,0.4290445245454608,-0.3787922455428261,3.8474795191510096,0.6503217795097381,0.31290760087786806,0.1405422410829093,0.9391494933321209,561.2371704917931,4018.3453066080274,0.029411764705882353,0.4290445245454608,-0.3787922455428261
2.7327918855176763,0.5332713767205194,0.2754809787250198,0.19286944045759866,0.938709187134029,217.9212165413264,1060.6379504885163,0.037037037037037035,0.4235083742796168,-0.058003967861736005,2.732791990694738,0.5332716274262154,0.2754809815493607,0.19286930344034192,0.9387091365294173,217.92109768260903,1060.6380683100408,0.037037037037037035,0.4235083742796168,-0.058003967861736005,2.732792052696956,0.5332719680970888,0.27548119543421473,0.19286911625435102,0.9387090494983799,217.92092410590382,1060.6381545483964,0.037037037037037035,0.4235083742796168,-0.058003967861736005
3.3470649420887333,0.10398181647575024,0.5302632758388153,0.5739856661971394,0.7731083868245859,2072.3495828623986,2801.750407149893,0.016666666666666666,0.41863866433556773,-0.4600292007361586,3.336814422561648,0.10088304586632585,0.5428165029662916,0.5789027605797233,0.7758745751912014,2069.919555424101,2786.8353619326876,0.016666666666666666,0.41863866433556773,-0.4600292007361586,3.359453237301231,0.11009739972829465,0.5173641055687591,0.563710291780208,0.7724925752122134,2059.844233735157,2831.0503783076415,0.016666666666666666,0.41863866433556773,-0.4600292007361586
2.581504037469441,0.379085801088453,0.030570914277898053,0.2886187793543106,0.7334283451423578,340.95749780795023,866.4297380115146,0.043478260869565216,0.4329479943731663,-0.06169269255718854,2.581503883483008,0.37908562992829187,0.03057089654748526,0.2886188967557449,0.7334283169522782,340.95758078022016,866.4295631182974,0.043478260869565216,0.4329479943731663,-0.06169269255718854,2.581504290998853,0.379085734055472,0.030570868647756298,0.288618837126282,0.7334282455532822,340.9576400785144,866.4298084651034,0.043478260869565216,0.4329479943731663,-0.06169269255718854
3.1342498064903017,0.6962193397431939,0.12522626807449672,0.11458471474406504,0.945575896754369,198.04873850128845,1634.3376507745872,0.04,0.42350837767457566,-0.062225394893630374,3.1342488874274235,0.6962183941622364,0.12522895281603696,0.11458514869661815,0.9455767843705636,198.04924535144048,1634.3371780451066,0.04,0.42350837767457566,-0.062225394893630374,3.134250412821584,0.6962192358990925,0.12522661872568785,0.11458477738037944,0.9455766078785457,198.04884900491737,1634.3388983922762,0.04,0.42350837767457566,-0.062225394893630374
3.349406441074881,0.52723796110099,0.1837848825153961,0.1962710774339283,0.913296376518396,588.5372753412398,2755.2641854510175,0.031249999999999993,0.4274682377730997,-0.36539234923094266,3.330298428878493,0.5276956524913141,0.19747303221255708,0.19693343145551961,0.9220089634577913,580.8666889270959,2738.0074400179415,0.031249999999999993,0.4274682377730998,-0.36539234923094266,3.331604604522342,0.521675355036305,0.19089568952425662,0.20005522107282303,0.9079766783246525,591.2690752601155,2714.0066609370674,0.031249999999999993,0.4274682377730998,-0.36539234923094266
3.1108208956017487,0.46210633849269844,0.3169404288823627,0.24246399587865547,0.9152709260303593,459.0475188862239,1808.9343352278436,0.029411764705882353,0.4290445126834682,-0.3787922455428261,3.1514933674680865,0.5004582389286815,0.30247950150444436,0.21878614545636965,0.9392443652651205,426.94100218095844,1900.3814040038928,0.029411764705882353,0.4290445126834682,-0.3787922455428261,3.1154644973695307,0.4638175877691317,0.3034878073506749,0.24257817582048927,0.9146544490379109,458.0336460473355,1816.1017671023856,0.029411764705882353,0.4290445126834682,-0.3787922455428261
3.3794640257749418,0.601185815241056,0.2172583641757033,0.16056370055712801,0.9452066657705199,398.69818282546913,2399.2281123815824,0.031250000000000014,0.42746822878947044,-0.3683123723459426,3.367919848790292,0.5971709589636753,0.2235169770287115,0.16268888734106182,0.9525270869983566,400.0563590105334,2390.009191915861,0.031250000000000014,0.42746822878947044,-0.3683123723459426,3.3693690859349883,0.5999713895508378,0.2186840848032806,0.1620976876099913,0.9455298639089695,396.2185878176158,2387.4268033841217,0.031250000000000014,0.42746822878947044,-0.3683123723459426
3.119521109943615,0.37832446342671655,0.2840420014858923,0.2844319424929987,0.8973854815272598,682.7434617754533,2156.269864492012,0.025641025641025644,0.42792306108570954,-0.39533475933471723,3.121512015681308,0.383822695676429,0.2810800627612878,0.28094871679803396,0.8970812663413205,675.9937439703513,2162.074840667964,0.025641025641025647,0.42792306108570943,-0.3953347593347173,3.1233004834485247,0.3868234546722574,0.28540784706210687,0.27918797377915533,0.89822158407146,672.3224300550925,2168.1907254298917,0.025641025641025647,0.42792306108570943,-0.3953347593347173
2.9884214628192445,0.3582631917798306,0.2974682947222227,0.29660399652311065,0.866534141471551,620.1182954765897,1812.7816892368999,0.02631578947368421,0.4279230447086269,-0.2990704302134865,2.988376791735199,0.3584248841886444,0.29019042931594685,0.2966204551391327,0.8697025771995914,619.2981410447421,1816.5174139685043,0.026315789473684202,0.427923044708627,-0.2990704302134865,2.987431961363363,0.35853466075355717,0.28472062038314444,0.29652582564254576,0.869402729558316,618.8724739448536,1815.0479880561925,0.02631578947368421,0.4279230447086269,-0.2990704302134865
3.198743253016227,0.30669476545738955,0.4064621104016915,0.33894933349830575,0.9159737442008761,1003.2452683140116,2713.0156840551103,0.043478260869565216,0.42784717048263815,-0.4535163574121543,3.194521502077248,0.3035214522644375,0.4225212351379694,0.3414838409501221,0.9156159192110956,1007.0029537205164,2702.1696744197016,0.043478260869565216,0.42784717048263815,-0.4535163574121543,3.202297054131547,0.3095156714648683,0.40616452648494855,0.3359723777244439,0.9092062148398113,1001.0461767599123,2710.6736984537506,0.043478260869565216,0.42784717048263815,-0.4535163574121543
3.715827032734998,0.45581354683845887,0.2882588980353494,0.23622903606774923,0.9163378138530047,990.9811205110726,3849.8312696032294,0.018867924528301886,0.42722168420251766,-0.46858709373605123,3.7307947110784143,0.46849336518319235,0.2818220155774981,0.22872937803795548,0.9184247797230651,969.6027325835448,3899.862930446683,0.018867924528301886,0.42722168420251766,-0.46858709373605123,3.7234486240835203,0.4599454402727351,0.2873069460495774,0.23411068229866389,0.9185841528046083,984.676337036984,3875.9587438833632,0.018867924528301886,0.42722168420251766,-0.46858709373605123
3.8941222898424086,0.19766974679026922,0.33423641615339755,0.45347587446910675,0.7937313799478535,2310.355043920905,4106.423797523663,0.020000000000000007,0.4185837075182837,-0.4967429476384735,3.9020172724143625,0.20323216531818072,0.33874273653866843,0.4463843615017955,0.799310778983759,2280.591418268054,4160.239960680964,0.020000000000000007,0.4185837075182837,-0.4967429476384735,3.93829917907679,0.21106350042007846,0.33681489829481226,0.43769000851621603,0.8196372178358917,2269.8233413321823,4317.910583299335,0.020000000000000007,0.4185837075182837,-0.4967429476384735
2.7960212221244745,0.3875713475586596,0.3376244181968831,0.2837372689574671,0.9686552737115655,356.9706310304793,1218.6678386661654,0.04000000000000001,0.4328958963652782,-0.06224023512128912,2.796020073511658,0.3875703872159176,0.33762540725462165,0.28373791654408625,0.9686551448626181,356.97107026131636,1218.6663946312228,0.04000000000000001,0.4328958963652782,-0.06224023512128912,2.7960179217729633,0.38756668898215724,0.3376212112061981,0.2837406134336176,0.9686563673226328,356.97329261304645,1218.6639363398845,0.04000000000000001,0.4328958963652782,-0.06224023512128912
3.5929877576117693,0.581687040749593,0.22808606334733283,0.17459007060893528,0.9361185817088716,509.63429037479,2867.9927285344766,0.026315789473684213,0.42904455436530087,-0.49676815143783426,3.584380495253972,0.5717087162738431,0.2253159122383463,0.18089681597671614,0.9285568440417836,523.631735030792,2836.6242401034883,0.026315789473684213,0.42904455436530087,-0.49676815143783426,3.609834216487771,0.5925586878013981,0.22212398084058943,0.17064282625941274,0.9366563776299548,498.74293703402697,2906.5086676700034,0.026315789473684213,0.42904455436530087,-0.49676815143783426
3.882825865194442,0.28571561979174465,0.2529593534613384,0.35900996718908995,0.782297034943075,1635.9713413946386,3573.1895562784357,0.019607843137254905,0.41995220429957913,-0.3724515901306767,3.8699313866098066,0.2722057183896844,0.2494805555355047,0.3718379321006734,0.7705308789860402,1677.1260615884632,3499.6905681328208,0.019607843137254905,0.41995220429957913,-0.3724515901306767,3.8650925697460705,0.27416299662086313,0.23269989685485595,0.3693674139029529,0.7681292926521017,1667.6628311304246,3488.091740861503,0.019607843137254905,0.41995220429957913,-0.3724515901306767
3.1358531980851594,0.44282891626266874,0.3324125142367641,0.2498979624468268,0.9216474791939604,497.5442509567404,1882.4316877720087,0.02500000000000001,0.42371455414319037,-0.37879224911885434,3.14633286779081,0.44718002789871547,0.3341447864043502,0.24662610007628055,0.9272587816868775,495.14806845685087,1902.6760164540851,0.02500000000000001,0.42371455414319037,-0.37879224911885434,3.1724088051347987,0.4672532347307862,0.32910131158620554,0.23423248028587856,0.93260221869337,480.73155796677486,1950.8137657038528,0.02500000000000001,0.42371455414319037,-0.37879224911885434
2.943958447948227,0.23015685336094963,0.3117638987320629,0.41865234137488855,0.8630692689543887,778.4104118295802,1640.3038704653102,0.03571428571428571,0.4194204160703182,-0.264064037638069,2.948779431173154,0.24584069852063914,0.29820600207177655,0.403103624051017,0.8629915460614764,757.9765557319581,1657.7220457095464,0.03571428571428571,0.4194204160703182,-0.264064037638069,2.9456474093331204,0.23245013420360738,0.308710882196847,0.41865301857251713,0.874348114786395,774.2871808509988,1656.007162118205,0.03571428571428571,0.4194204160703182,-0.264064037638069
3.2081513214649466,0.3096661463633207,0.38974073689543576,0.3354942686187948,0.9035616109104998,1015.0539889945657,2736.3743834249703,0.02127659574468085,0.41824645005950445,-0.4536338115768428,3.2090287241004156,0.30811370329720783,0.3957469397565108,0.3368211846950639,0.90448072141225,1018.518448555468,2738.038860721791,0.02127659574468085,0.41824645005950445,-0.4536338115768428,3.204680255976451,0.3004126294274646,0.38932649474288095,0.34275249632254384,0.9029152411935569,1031.7888235602065,2720.4211386495563,0.02127659574468085,0.41824645005950445,-0.4536338115768428
3.3096313988799864,0.13709995423791407,0.4802999709662823,0.5290777862467103,0.7518044194620704,1738.4991377273404,2492.730324895408,0.020408163265306124,0.23081690724279819,-0.4535833463190035,3.309243767680434,0.1379810702429823,0.46177125794411317,0.5295434788155317,0.7396085257352655,1748.551182808741,2464.5963227699094,0.02040816326530612,0.2308169072427982,-0.4535833463190035,3.304184737313775,0.13276797634151122,0.48325305936262086,0.5396776783476163,0.7475547977900782,1758.6084404531775,2464.579806734782,0.020408163265306124,0.23081690724279819,-0.4535833463190035
3.5653697333487226,0.5473439531428547,0.161582520373845,0.18575683513826094,0.9092715223258766,670.1511752919986,3294.1475767411,0.02941176470588236,0.4274682377730998,-0.39872771313452177,3.5382033864933784,0.5120745988444617,0.17617280913445102,0.2048374385803782,0.894668062756256,723.2482673267016,3189.5191936922856,0.02941176470588236,0.4274682377730998,-0.39872771313452177,3.554469544635344,0.5339746811092254,0.1606960260986411,0.19402279094817343,0.9015844349140737,690.6374507394303,3251.034228236414,0.02941176470588236,0.4274682377730998,-0.39872771313452177
4.125762831258357,0.47416897647437506,0.21073162897847483,0.23242363408453173,0.8831646315770902,1161.4428029862509,4611.768240341199,0.01851851851851852,0.4179929748751942,-0.39302906065146176,4.117563749460392,0.47653362096333685,0.20608498484059926,0.22871231961633415,0.8737551575735367,1153.639204964256,4572.427465300184,0.01851851851851852,0.4179929748751942,-0.39302906065146176,4.154449891635325,0.4856259596755066,0.21262977092724564,0.22250045375183924,0.8905583398442388,1139.2801476454154,4710.608338618608,0.01851851851851852,0.4179929748751942,-0.39302906065146176
4.946135070553498,0.6654820304131058,0.1630833533662459,0.13346643053159238,0.9424223599929019,1190.051584461569,9125.157839712276,0.024390243902439025,0.4512191363355808,-0.33313944643367294,5.0536675313815875,0.699175548016397,0.14941933006025726,0.11778127957958155,0.951979880856775,1103.5876959160146,9625.771202904676,0.024390243902439025,0.4512191363355808,-0.33313944643367294,4.960654887554836,0.6585096599433559,0.1616704301645567,0.13901662006803425,0.9376785342277383,1214.620998112562,9168.341213563985,0.024390243902439025,0.4512191363355808,-0.33313944643367294
2.8032537033052436,0.34813706780623505,0.13323438042778707,0.30824633614476105,0.7549532243256913,419.5878776983872,1031.9899536057883,0.038461538461538464,0.4182691520159811,-0.492869978457294,2.803259150067261,0.3481400139908675,0.13323330739679806,0.30824444405904744,0.7549501164508658,419.58820065624565,1031.9920167013818,0.038461538461538464,0.4182691520159811,-0.492869978457294,2.803252799073178,0.3481341131191881,0.13323726352301063,0.30824822277479774,0.7549540532903785,419.5897334323441,1031.9890243873836,0.038461538461538464,0.4182691520159811,-0.492869978457294
2.549130909379949,0.43945012863627564,0.31395085444155074,0.24891915314173368,0.9174725109370967,273.7804756909083,1021.4207923249885,0.04166666666666669,0.4274692146167424,-0.4571978156269282,2.5483398255195984,0.43630262328381875,0.3084279848275344,0.25021159125787185,0.9127262558489329,275.28982173262153,1017.1861164149121,0.04166666666666669,0.4274692146167424,-0.4571978156269282,2.5485270617848585,0.423120242446387,0.30851708623023644,0.25869339692001453,0.9197309399302338,283.3449286295621,1017.0091259120966,0.04166666666666669,0.4274692146167424,-0.4571978156269282
3.378567678937024,0.16622182401750416,0.44082583711647755,0.4931883521724473,0.7740276974981893,1740.9025148800843,2784.64785843763,0.02127659574468085,0.42909955028339974,-0.491421182974033,3.379886396570872,0.1594535342719756,0.44563268958549135,0.49986753155421165,0.7711022239858877,1766.5294328586974,2769.1594133009303,0.02127659574468085,0.4290995502833997,-0.491421182974033,3.3525811339993,0.14664195668120872,0.45577580206447593,0.5231295571811365,0.7636976244063153,1801.1929342428302,2685.0201935553823,0.02127659574468085,0.4290995502833997,-0.491421182974033
2.594195608409293,0.3294687343582125,0.07863334874892212,0.3277598102528185,0.7075235170425168,358.10619975231674,772.8613284593109,0.04347826086956524,0.42366845795565755,-0.4966243825896673,2.590967582712769,0.3279761458650653,0.07859615916881776,0.3295954735686445,0.703819451064979,359.5459503790971,767.5988782997408,0.04347826086956523,0.42366845795565755,-0.49662438258966735,2.5896654897959595,0.32706286846048493,0.07859354770988713,0.3305929237593671,0.7021952690343501,360.3951487853484,765.2725443524755,0.04347826086956523,0.42366845795565755,-0.4966243825896673
3.3217161921199945,0.2448378814576617,0.40892437425155054,0.39761399148405385,0.8449491385829667,1219.1367780080895,2631.402802480018,0.04347826086956523,0.4246484919980051,-0.5040429864893307,3.2974584560346174,0.2236762016043341,0.43468505799273927,0.4243970974531109,0.839124814058079,1261.9409007380018,2558.0254386282763,0.04347826086956523,0.4246484919980051,-0.5040429864893307,3.317530913342596,0.24755297158637646,0.3973704811115923,0.39667051572211376,0.8375752449403088,1215.602381748945,2613.0704310782203,0.04347826086956524,0.4246484919980052,-0.5040429864893305
3.1278439972612895,0.5942709575194008,0.2155261272001543,0.16421745485359582,0.948199163832245,322.80509631314754,1894.5601683832429,0.03571428571428571,0.4274682287899264,-0.467301903816585,3.1362693323586766,0.5993688203233508,0.21919839746408673,0.1606848138850561,0.9431005000332106,319.55363658041165,1901.5991754502945,0.03571428571428571,0.42746822878992646,-0.467301903816585,3.1529364484063,0.6132447681322085,0.21338925194966166,0.15390906979242805,0.9437563756745042,311.0990969247248,1928.655568821132,0.03571428571428571,0.4274682287899264,-0.467301903816585
3.6856157509160177,0.31446841344793136,0.3260493554251526,0.337960633534583,0.8495819866585472,1333.3002331809362,3431.390175558189,0.020408163265306128,0.1518759822953048,-0.49674294482594855,3.6946921595473037,0.3210147023822102,0.33555149160461234,0.3360777746390167,0.8598736548954605,1316.9253084540674,3483.3841870623855,0.02040816326530613,0.1518759822953048,-0.49674294482594855,3.7049846913715285,0.3271457811220475,0.3290085116490167,0.3274234907809912,0.8568047046400539,1308.2652627087507,3501.318103466898,0.02040816326530613,0.1518759822953048,-0.49674294482594855
4.157813165612832,0.4633116692226747,0.2190795265328435,0.2579217800325264,0.8673046379938568,1331.5792983054835,5184.070632062506,1.771632486103973e-18,0.3227685910619785,-0.46166185540300075,4.181708383153433,0.47761946267064004,0.22965506501999663,0.24672818207936945,0.8839336620407274,1287.709371414493,5328.447318010699,1.771632486103973e-18,0.3227685910619785,-0.4616618554030008,4.329117471142954,0.542183316548845,0.1959615528003085,0.2024707910423078,0.9049573725355309,1172.6601493802489,5835.148476562021,1.771632486103973e-18,0.3227685910619785,-0.46166185540300075
4.335261544680298,0.22465574362725763,0.3195118645805929,0.42349506782591234,0.770854100744083,3112.685766869953,5713.937157409508,0.015625,0.4178788914312134,-0.46784777915745557,4.364098097007255,0.2217631224445871,0.32136757970230473,0.4267534307081585,0.7721110848864922,3167.5431420619852,5785.933551969578,0.015625,0.4178788914312134,-0.46784777915745557,4.3739335840944396,0.23715930173506897,0.32039346068129804,0.41339323353536345,0.782468276187486,3084.5354635171657,5902.473986163187,0.015625,0.4178788914312134,-0.46784777915745557
4.567133420668643,0.6658840177779647,0.13302108770265256,0.1340668627249967,0.9275334244641317,812.6607143995399,6178.868550608748,7.261633155251751e-18,0.3227562826348502,-0.4620689536192801,4.414946521796327,0.6199564291325088,0.15585856489617553,0.1585479312546007,0.9173945712477596,879.3074911097633,5701.229149482978,7.261633155251751e-18,0.3227562826348502,-0.4620689536192801,4.431827081304204,0.6352885634750686,0.15864303426778,0.1472809894668075,0.9263370908746644,843.6812047977667,5784.928374696986,7.261633155251751e-18,0.3227562826348502,-0.4620689536192801
3.907954646373625,0.46779300442003785,0.2196092897160969,0.24298197513381942,0.9098637942583649,996.6701698110434,3978.99550205169,0.024390243902439025,0.4178788801454149,-0.21113253613296745,3.9411860718776066,0.48357837788338087,0.21709652310579863,0.2334375670257995,0.9111225953568802,974.6274039526111,4069.678208078609,0.024390243902439025,0.4178788801454149,-0.21113253613296745,3.883854729282326,0.4542396024117891,0.22878204282164818,0.25098760224791994,0.9107470148052256,1014.5525419874954,3916.6737296316956,0.02439024390243903,0.4178788801454149,-0.21113253613296745
3.6699582313752632,0.24465656576136954,0.22431841744891895,0.39743424165862357,0.744499661250467,1548.1554658840278,2905.820874656566,0.02083333333333334,0.4245039217349536,-0.4626295986032383,3.66685028518733,0.23903111838647195,0.2395248033186245,0.40492447355542177,0.7474301412915492,1562.293055795388,2899.976813926531,0.02083333333333334,0.4245039217349536,-0.4626295986032383,3.6675216614792494,0.24308373194820057,0.2372309752557806,0.4008039867438959,0.7520330659170607,1546.0101293239568,2917.9970332633216,0.02083333333333334,0.4245039217349536,-0.4626295986032383
4.682354575870918,0.4960363839425864,0.1179639785965395,0.2114750911458214,0.8298219633985848,1841.8129738393134,7227.6169511671515,0.019999999999999997,0.43086987637035606,-0.24983502197273746,4.678671033341771,0.4927924325280635,0.11932689772965237,0.2132697366254005,0.8284289152443944,1854.3793287301403,7202.509732718817,0.019999999999999997,0.430869876370356,-0.24983502197273746,4.684832195077313,0.49678017733418883,0.11748247153530539,0.21105957602059966,0.8300294698696763,1840.3178500862748,7237.8249367455755,0.019999999999999993,0.430869876370356,-0.24983502197273746
2.9520184472550692,0.22008614979135713,0.4053651810529734,0.41447673216775943,0.7781293024916649,690.5854114008911,1293.6111433210483,0.032258064516129024,0.41791860115872903,-0.06224800763087543,2.9566430297306123,0.21737711460896084,0.41828071356904994,0.4171962330444274,0.7788614075001594,696.1182475068312,1296.944672596737,0.03225806451612903,0.417918601158729,-0.06224800763087542,2.962983980410564,0.2127523984412148,0.4178370660960653,0.42221346076121663,0.7720838291832919,707.8841602842217,1292.2187603894781,0.03225806451612903,0.417918601158729,-0.06224800763087542
5.300279970587534,0.6841326560832263,0.11873313236321818,0.12560437569786934,0.9385275048329476,1195.6474507173625,9727.05203842821,0.017241379310344824,0.4274682377642537,-0.3653925843671007,5.491115575301893,0.7294844490654432,0.10587945666523055,0.10407120540862767,0.9515606841704539,1077.9849802755407,10593.124121990668,0.017241379310344824,0.4274682377642537,-0.3653925843671007,5.301781987889893,0.6958999496398681,0.12486113227037872,0.1194686107205939,0.9491221594722947,1145.1540255486236,9798.475231026621,0.017241379310344824,0.4274682377642537,-0.3653925843671007
4.204528294991482,0.24272785592532353,0.36643224576959604,0.4258230024451451,0.8853385023997373,3017.518867560795,6624.32121565374,3.029657901705974e-18,0.3231342804612888,-0.4556421785456912,4.195115591249629,0.2611790893847121,0.34649538348817527,0.40968106340947513,0.8716486385934874,2923.000132344872,6585.5187088060575,3.029657901705974e-18,0.3231342804612888,-0.4556421785456912,4.165382865157743,0.23255155703770455,0.35544564657913175,0.4285364122010192,0.8585628991221221,3043.2195502372333,6370.907863162347,3.029657901705974e-18,0.3231342804612888,-0.4556421785456912
3.2710392119231475,0.1989514570363068,0.362062970654402,0.440183590211194,0.7642885526590132,1338.8536587555216,2333.848755147474,0.022222222222222216,0.29330431018631903,-0.5040428710295428,3.239685689383198,0.17539799579806453,0.39625515281983087,0.46935937537486716,0.7654543795631107,1378.9297870984476,2264.0675703691313,0.022222222222222216,0.293304310186319,-0.5040428710295428,3.2515066045958387,0.18059995456342637,0.38190429011249977,0.46237084274759244,0.761378979583327,1376.441211013912,2279.0773132230343,0.022222222222222216,0.29330431018631903,-0.5040428710295428
4.357180940422486,0.5953958090163161,0.09788019348531109,0.16136290935041575,0.8809154577820522,941.6766039808748,5192.148980903457,0.02272727272727274,0.41820775333548477,-0.3407841922892103,4.377017450697703,0.5975521378880895,0.08926971029631298,0.1603221325189564,0.8764820281627927,947.0603960460278,5226.344832631652,0.02272727272727274,0.41820775333548477,-0.3407841922892103,4.371381688724377,0.5962826138321621,0.09033374250489183,0.1610860469178412,0.877533599762873,946.8225606565311,5216.687880081442,0.02272727272727274,0.41820775333548477,-0.34078419228921036
4.041949647738855,0.4748051374587166,0.26168957129693526,0.23016560808415334,0.8989623736244307,1187.1634252744166,4750.558645053436,0.016949152542372885,0.41995197274356133,-0.34917685907707396,4.046450151034083,0.4824570843649152,0.2633211131049549,0.22579524524909886,0.9075492960069586,1163.0444724369195,4797.40962924525,0.016949152542372885,0.41995197274356133,-0.34917685907707396,4.053195858320125,0.4775321202386228,0.26855849744426,0.22685295398730082,0.906039096129403,1182.857174890204,4794.937992474369,0.016949152542372885,0.41995197274356133,-0.34917685907707396
3.4501594805523315,0.5102498602557554,0.2826649495298579,0.20632158535482678,0.9387468154312757,619.0822304152948,2829.5241558007956,0.020408163265306124,0.42525529320011546,-0.08045601154498648,3.441985222629332,0.5043968162146251,0.2868331212773715,0.20985311985495386,0.9387630073245135,624.8062595935423,2811.9985767312724,0.020408163265306124,0.42525529320011546,-0.08045601154498648,3.4337942976522813,0.5001055141127978,0.28606016626914216,0.2119172239137293,0.9356939756064165,628.8554033794636,2790.515857940595,0.02040816326530612,0.42525529320011546,-0.08045601154498648
2.7966479802214343,0.5053795418830421,0.2608909398389665,0.20870341497076475,0.9140966320852532,305.565942876031,1350.4740768619938,0.03846153846153847,0.4274692146168289,-0.4560637473159279,2.7875920560999137,0.4993756693614717,0.2611260441086875,0.21126382324824028,0.907244693661539,308.69126293870397,1333.9279356981087,0.03846153846153847,0.4274692146168289,-0.4560637473159279,2.7969638066294804,0.508515943622043,0.26981128740466087,0.2070026247283717,0.9206897808325959,302.4930974302819,1357.2750256137786,0.03846153846153847,0.4274692146168289,-0.4560637473159279
1.960917229182621,0.19325765893852279,0.5341927627324954,0.4546935919528992,0.8220174241799145,212.80078233389202,389.44895872744627,0.1111111111111111,0.42747166830858024,-0.3609834390973015,1.9779442881566816,0.2223007569306981,0.5545980259935119,0.4184343576593538,0.8117461652156811,204.53454876726087,398.9355707447811,0.1111111111111111,0.4274716683085803,-0.3609834390973016,1.9675647063833623,0.197930622948423,0.522802763319349,0.44527661761324056,0.8023014743823184,213.58291280299034,387.3968463422832,0.11111111111111112,0.4274716683085803,-0.36098343909730163
3.943272230861267,0.2646169054952797,0.37610102177280597,0.3728713735994131,0.8412322812108937,2266.367324439082,5159.989482864904,0.014925373134328358,0.41884946669659784,-0.46110123258795593,3.926163291105391,0.26513136832214573,0.38321035359002475,0.37200014699496536,0.8478186792665386,2239.017582951307,5138.826937466843,0.014925373134328358,0.41884946669659784,-0.46110123258795593,3.946859843301138,0.26863929020764293,0.38917365766297174,0.3698867541756962,0.8494725131615108,2247.5351106384987,5207.245561588616,0.014925373134328358,0.41884946669659784,-0.46110123258795593
3.7960810064743202,0.12699492616393648,0.532081413962461,0.538262157597372,0.8494106473757592,2719.7422927778075,4345.416936971295,0.018518518518518524,0.41822121265372264,-0.349902300456857,3.7893814186724604,0.1191011535215987,0.5413520108763447,0.5525161075145428,0.8516116458292896,2761.4019928670473,4312.848046366166,0.018518518518518524,0.41822121265372264,-0.349902300456857,3.8042205922672636,0.12776674838919352,0.5398087230043073,0.5436064259467354,0.8708328905085566,2713.310004560007,4431.735641657131,0.018518518518518524,0.41822121265372264,-0.349902300456857
3.61121113146826,0.3077082544595559,0.41070942385306697,0.3438968338403639,0.9229834544917236,1595.0805998764777,4335.773546048312,0.016129032258064516,0.5090058540541746,-0.468587096595004,3.622662235811576,0.31375902895036406,0.39706305581357026,0.33521508658574123,0.9176617248946523,1585.140867455081,4360.181139918967,0.016129032258064516,0.5090058540541746,-0.468587096595004,3.6190975309624984,0.30748465922128554,0.39777061085979243,0.3410020975514766,0.9157681483127281,1603.6061662702812,4337.713138564445,0.016129032258064516,0.5090058540541746,-0.468587096595004
3.2496850246026705,0.17611843357476853,0.4578759274005008,0.46990492790689664,0.8303180835163361,1355.8540260275527,2410.5513023222616,0.04255319148936171,0.42227416493721803,-0.4928574529369132,3.2479698058595377,0.18165556787812312,0.4544936406836604,0.4641772893280293,0.8404309445429154,1334.422545970419,2434.88458407641,0.04255319148936171,0.42227416493721803,-0.4928574529369132,3.2595448002269602,0.18337656071344435,0.4548496118316713,0.4626230583140986,0.8336316046762738,1342.9254295069982,2441.032219865162,0.04255319148936171,0.42227416493721803,-0.4928574529369132
1.9896375461158344,0.2277177868263855,0.5150261236558942,0.415927643203037,0.8087370186842916,209.4762201624109,412.5351901406633,0.052631578947368404,0.42746822709698196,-0.3878897580752832,1.9807044897388044,0.2181580879460393,0.530075030505094,0.4256193426389443,0.8297064619850143,209.826088462805,413.80999459144897,0.052631578947368404,0.42746822709698196,-0.38788975807528325,2.00520672660805,0.24561934597001983,0.5097693223134384,0.3928977266109861,0.8074036297238074,204.70496209816724,422.1958587283184,0.052631578947368404,0.42746822709698196,-0.38788975807528325
3.6961383330502384,0.4357848154307833,0.33265133125534213,0.25275046411875235,0.9407532549449616,1079.3455740111865,4086.4663845918953,0.017241379310344824,0.4302461159892025,-0.46858712166185906,3.7471781229516528,0.46276681560035143,0.3143682400556333,0.23482847751508407,0.9451132397601867,1044.5591019642397,4236.160557223951,0.017241379310344824,0.4302461159892025,-0.46858712166185906,3.751141351965411,0.46560458053578524,0.30570194778473353,0.23291503108652778,0.9407472127467823,1040.7485627384951,4238.3811159938,0.017241379310344824,0.4302461159892025,-0.46858712166185906
3.132230002721542,0.12790517102833837,0.32776225123864994,0.6048542079050526,0.6048653813326198,1382.1378895530431,1382.1634217032718,0.02857142857142857,0.44235296843510424,-0.06223938355291991,3.1322296487216246,0.12790432947773195,0.3277653627790252,0.6048540240384336,0.6048674802746639,1382.1359591607134,1382.1667076330211,0.028571428571428567,0.4423529684351043,-0.0622393835529199,3.132229810164925,0.12790530124754668,0.32776184706746453,0.6048526132490973,0.6048666798040366,1382.1342609717644,1382.166404118834,0.028571428571428567,0.4423529684351043,-0.0622393835529199
