SMILES,Accum,Accum_Class,Accum_SE,Compound_ID,SourceTable,MaxAbsEStateIndex,MaxEStateIndex,MinAbsEStateIndex,MinEStateIndex,qed,SPS,MolWt,HeavyAtomMolWt,ExactMolWt,NumValenceElectrons,NumRadicalElectrons,MaxPartialCharge,MinPartialCharge,MaxAbsPartialCharge,MinAbsPartialCharge,FpDensityMorgan1,FpDensityMorgan2,FpDensityMorgan3,BCUT2D_MWHI,BCUT2D_MWLOW,BCUT2D_CHGHI,BCUT2D_CHGLO,BCUT2D_LOGPHI,BCUT2D_LOGPLOW,BCUT2D_MRHI,BCUT2D_MRLOW,AvgIpc,BalabanJ,BertzCT,Chi0,Chi0n,Chi0v,Chi1,Chi1n,Chi1v,Chi2n,Chi2v,Chi3n,Chi3v,Chi4n,Chi4v,HallKierAlpha,Ipc,Kappa1,Kappa2,Kappa3,LabuteASA,PEOE_VSA1,PEOE_VSA10,PEOE_VSA11,PEOE_VSA12,PEOE_VSA13,PEOE_VSA14,PEOE_VSA2,PEOE_VSA3,PEOE_VSA4,PEOE_VSA5,PEOE_VSA6,PEOE_VSA7,PEOE_VSA8,PEOE_VSA9,SMR_VSA1,SMR_VSA10,SMR_VSA2,SMR_VSA3,SMR_VSA4,SMR_VSA5,SMR_VSA6,SMR_VSA7,SMR_VSA8,SMR_VSA9,SlogP_VSA1,SlogP_VSA10,SlogP_VSA11,SlogP_VSA12,SlogP_VSA2,SlogP_VSA3,SlogP_VSA4,SlogP_VSA5,SlogP_VSA6,SlogP_VSA7,SlogP_VSA8,SlogP_VSA9,TPSA,EState_VSA1,EState_VSA10,EState_VSA11,EState_VSA2,EState_VSA3,EState_VSA4,EState_VSA5,EState_VSA6,EState_VSA7,EState_VSA8,EState_VSA9,VSA_EState1,VSA_EState10,VSA_EState2,VSA_EState3,VSA_EState4,VSA_EState5,VSA_EState6,VSA_EState7,VSA_EState8,VSA_EState9,FractionCSP3,HeavyAtomCount,NHOHCount,NOCount,NumAliphaticCarbocycles,NumAliphaticHeterocycles,NumAliphaticRings,NumAmideBonds,NumAromaticCarbocycles,NumAromaticHeterocycles,NumAromaticRings,NumAtomStereoCenters,NumBridgeheadAtoms,NumHAcceptors,NumHDonors,NumHeteroatoms,NumHeterocycles,NumRotatableBonds,NumSaturatedCarbocycles,NumSaturatedHeterocycles,NumSaturatedRings,NumSpiroAtoms,NumUnspecifiedAtomStereoCenters,Phi,RingCount,MolLogP,MolMR,fr_Al_COO,fr_Al_OH,fr_Al_OH_noTert,fr_ArN,fr_Ar_COO,fr_Ar_N,fr_Ar_NH,fr_Ar_OH,fr_COO,fr_COO2,fr_C_O,fr_C_O_noCOO,fr_C_S,fr_HOCCN,fr_Imine,fr_NH0,fr_NH1,fr_NH2,fr_N_O,fr_Ndealkylation1,fr_Ndealkylation2,fr_Nhpyrrole,fr_SH,fr_aldehyde,fr_alkyl_carbamate,fr_alkyl_halide,fr_allylic_oxid,fr_amide,fr_amidine,fr_aniline,fr_aryl_methyl,fr_azide,fr_azo,fr_barbitur,fr_benzene,fr_benzodiazepine,fr_bicyclic,fr_diazo,fr_dihydropyridine,fr_epoxide,fr_ester,fr_ether,fr_furan,fr_guanido,fr_halogen,fr_hdrzine,fr_hdrzone,fr_imidazole,fr_imide,fr_isocyan,fr_isothiocyan,fr_ketone,fr_ketone_Topliss,fr_lactam,fr_lactone,fr_methoxy,fr_morpholine,fr_nitrile,fr_nitro,fr_nitro_arom,fr_nitro_arom_nonortho,fr_nitroso,fr_oxazole,fr_oxime,fr_para_hydroxylation,fr_phenol,fr_phenol_noOrthoHbond,fr_phos_acid,fr_phos_ester,fr_piperdine,fr_piperzine,fr_priamide,fr_prisulfonamd,fr_pyridine,fr_quatN,fr_sulfide,fr_sulfonamd,fr_sulfone,fr_term_acetylene,fr_tetrazole,fr_thiazole,fr_thiocyan,fr_thiophene,fr_unbrch_alkane,fr_urea
O=C(O[C@H]1[C@@H](O)[C@H](Oc2c(C)c3OC(=O)C(NC(=O)c4cc(C/C=C(\C)/C)c(O)cc4)=C([O-])c3cc2)OC(C)(C)[C@@H]1OC)N,119.0,Low,21.0,novobiocin,Table1,13.31798114201877,13.31798114201877,0.005944613568963142,-1.529934107693691,0.21531576426366583,20.977272727272727,611.6240000000001,576.3440000000004,611.22463351991,236.0,0.0,0.40446341375471284,-0.8703873298837339,0.8703873298837339,0.40446341375471284,1.2045454545454546,1.9090909090909092,2.5454545454545454,16.719079212437844,9.891560989631156,2.5279390684680765,-2.4693802853270244,2.376123237147223,-2.647893600460524,6.062367573835444,-0.3042932150056359,2.939599416761917,1.6287444552904173,1673.310532488681,32.50734273164875,25.12662154744712,25.12662154744712,20.637973893287093,13.696524885707575,13.696524885707575,11.198181475531703,11.198181475531703,7.30542474718062,7.30542474718062,5.04869606638316,5.04869606638316,-4.59,2331624222.2142544,32.326486476403616,12.564101184019577,6.490928505265244,252.3298196813051,49.73464101794418,28.873396470641914,12.207932775496605,6.290026729335213,5.907179729351506,11.718826390016403,4.794537184071822,9.589074368143644,0.0,0.0,17.398636470187054,76.93479445538416,23.62292473913632,5.601050810983688,48.2732593049193,28.65705043108052,0.0,0.0,5.733667477162185,71.24248432494294,12.426586145283864,69.09143795745199,0.0,17.248535499851716,26.51943274888726,10.481923458755384,17.248535499851716,0.0,59.52624883481268,20.631410484326157,6.923737199690624,49.179840457925295,51.19264810033636,0.0,10.969244356107037,0.0,202.83999999999997,59.26588093089918,29.703193736737582,0.0,33.59517100606884,11.984273114623004,5.573104530069267,44.365370083276204,13.847474399381248,19.92349450621513,5.316788604006331,29.09827022941573,27.780414203369098,0.0,37.411802870047715,36.71714117197972,4.194196667786114,-1.4189409145376486,6.9574243470793835,-3.8833414987166845,8.628583666888042,1.3627194861042546,0.3870967741935484,44.0,5.0,13.0,0.0,1.0,1.0,2.0,2.0,1.0,3.0,4.0,0.0,11.0,4.0,13.0,2.0,8.0,0.0,1.0,1.0,0.0,0.0,9.230755613940353,4.0,2.995120000000001,156.70219999999972,0.0,1.0,1.0,0.0,0.0,0.0,0.0,1.0,0.0,0.0,2.0,2.0,0.0,0.0,0.0,0.0,1.0,1.0,0.0,0.0,0.0,0.0,0.0,0.0,0.0,0.0,2.0,2.0,0.0,1.0,1.0,0.0,0.0,0.0,2.0,0.0,1.0,0.0,0.0,0.0,0.0,4.0,0.0,0.0,0.0,0.0,0.0,0.0,0.0,0.0,0.0,0.0,0.0,0.0,0.0,1.0,0.0,0.0,0.0,0.0,0.0,0.0,0.0,0.0,0.0,1.0,1.0,0.0,0.0,0.0,0.0,1.0,0.0,0.0,0.0,0.0,0.0,0.0,0.0,0.0,0.0,0.0,0.0,0.0,0.0
O=C(OCCCCCCCCC(=O)[O-])/C=C(\C[C@H]1[C@H](O)[C@H](O)[C@@H](C[C@H]2[C@H]([C@H]([C@@H](O)C)C)O2)CO1)/C,89.0,Low,1.0,mupirocin,Table1,12.048213405359107,12.048213405359107,0.014136179136332139,-1.0636380973559396,0.12343197868790418,30.514285714285716,499.6210000000002,456.2770000000003,499.2912565359099,202.0,0.0,0.33018467915601774,-0.5501718609055201,0.5501718609055201,0.33018467915601774,1.0571428571428572,1.7142857142857142,2.3714285714285714,16.598433185716054,9.852450919134709,2.480118283254481,-2.375087838335436,2.3803221814271436,-2.500875823319935,5.822039643207142,-0.3053558041377607,3.554535638786709,1.6150722202375691,692.3099433432226,25.957454678884098,21.26545754504171,21.26545754504171,16.595131908272997,12.947701051156265,12.947701051156265,10.193262662540757,10.193262662540757,7.08109919051984,7.08109919051984,4.582218187194663,4.582218187194663,-1.52,46042084.965057455,29.70865402318032,14.89886651597785,10.550259665501022,208.00215344589432,39.43123562483479,6.103966387748303,0.0,0.0,0.0,5.969305287951849,0.0,4.794537184071822,0.0,0.0,38.18012822146393,45.95158251401129,23.881137487108518,43.73359586776734,44.225772808906605,11.938610575903699,0.0,0.0,11.835812092322787,115.18240453189577,13.213763929025836,11.64912463690315,0.0,0.0,5.106527394840706,0.0,0.0,0.0,77.09575501594146,23.79966322954379,11.835812092322787,78.55860620540597,11.64912463690315,0.0,0.0,0.0,148.88,36.354476126896905,30.015183947506465,0.0,30.464566490745398,38.04933332787313,32.10410811463005,6.076020106833881,13.847474399381248,6.923737199690624,0.0,14.210588861400147,16.705218855771182,0.0,22.393937446299937,41.20738047623071,0.7027488463883671,-1.6835603152483314,0.0,4.294874459274119,6.046066897950683,0.0,0.8461538461538461,35.0,3.0,9.0,0.0,2.0,2.0,0.0,0.0,0.0,0.0,8.0,0.0,9.0,3.0,9.0,2.0,16.0,0.0,2.0,2.0,0.0,0.0,12.64643630459234,2.0,1.2578000000000005,126.02540000000006,1.0,3.0,3.0,0.0,0.0,0.0,0.0,0.0,1.0,1.0,2.0,2.0,0.0,0.0,0.0,0.0,0.0,0.0,0.0,0.0,0.0,0.0,0.0,0.0,0.0,0.0,0.0,0.0,0.0,0.0,0.0,0.0,0.0,0.0,0.0,0.0,0.0,0.0,0.0,1.0,1.0,3.0,0.0,0.0,0.0,0.0,0.0,0.0,0.0,0.0,0.0,0.0,0.0,0.0,0.0,0.0,0.0,0.0,0.0,0.0,0.0,0.0,0.0,0.0,0.0,0.0,0.0,0.0,0.0,0.0,0.0,0.0,0.0,0.0,0.0,0.0,0.0,0.0,0.0,0.0,0.0,0.0,0.0,5.0,0.0
O=C([O-])/C(/CC/C=C(\C)/C)=C/1\[C@@H](OC(=O)C)C[C@]2(C)[C@]3(C)[C@@H]([C@H](O)C[C@@H]\12)[C@]1(C)[C@H]([C@H](C)[C@H](O)CC1)CC3,52.0,Low,5.0,fusidic acid,Table1,12.505890027353876,12.505890027353876,0.031810590487086676,-1.2026968511169887,0.3206251536465093,46.24324324324324,515.7110000000002,468.3350000000004,515.33781280391,208.0,0.0,0.3027285496819993,-0.5451656653200754,0.5451656653200754,0.3027285496819993,1.054054054054054,1.7297297297297298,2.324324324324324,16.54309349064178,9.362198282761236,2.7027006894470174,-2.6854018787889795,2.740306924225698,-2.6523214552802408,5.861833533132824,-0.2993128713820666,3.050269441322801,1.8204996345856934,993.6572721139338,27.499271042140983,23.80307675586475,23.80307675586475,17.169081080373804,14.280376137327156,14.280376137327156,13.628067949830106,13.628067949830106,11.556489992154393,11.556489992154393,9.778513244039097,9.778513244039097,-1.66,81703040.92486295,28.350642770434703,9.82195377600086,4.400683647621715,222.1042744674248,24.85098232239399,6.103966387748303,0.0,0.0,0.0,5.969305287951849,4.794537184071822,0.0,0.0,0.0,39.34407343566565,116.27685203576378,6.923737199690624,18.177238063448456,29.64551950646581,11.938610575903699,0.0,0.0,39.91659559283591,118.14463254448735,0.0,22.795333697041684,0.0,0.0,5.106527394840706,0.0,0.0,0.0,40.46356452883001,14.325937321943691,39.91659559283591,99.83273338124245,22.795333697041684,0.0,0.0,0.0,106.89000000000001,24.146543351400304,24.90865655266576,0.0,45.67576046449208,37.174297067934695,31.256391021773304,6.923737199690624,0.0,19.92349450621513,27.694948798762496,4.736862953800049,5.844362647250003,0.0,24.699135330955073,35.03000847676421,1.3145125865662108,-1.253759265147427,0.0,5.924987879503883,14.357419010774716,0.0,0.8064516129032258,37.0,2.0,6.0,4.0,0.0,4.0,0.0,0.0,0.0,0.0,10.0,0.0,6.0,2.0,6.0,0.0,5.0,4.0,0.0,4.0,0.0,0.0,7.5259108867870985,4.0,4.331400000000004,139.92259999999996,1.0,2.0,2.0,0.0,0.0,0.0,0.0,0.0,1.0,1.0,2.0,2.0,0.0,0.0,0.0,0.0,0.0,0.0,0.0,0.0,0.0,0.0,0.0,0.0,0.0,0.0,2.0,0.0,0.0,0.0,0.0,0.0,0.0,0.0,0.0,0.0,5.0,0.0,0.0,0.0,1.0,1.0,0.0,0.0,0.0,0.0,0.0,0.0,0.0,0.0,0.0,0.0,0.0,0.0,0.0,0.0,0.0,0.0,0.0,0.0,0.0,0.0,0.0,0.0,0.0,0.0,0.0,0.0,0.0,0.0,0.0,0.0,0.0,0.0,0.0,0.0,0.0,0.0,0.0,0.0,0.0,0.0,0.0,0.0,0.0
ClC(Cl)C(=O)N[C@@H]([C@H](O)c1ccc([N+](=O)[O-])cc1)CO,709.0,High,45.0,chloramphenicol,Table1,11.304786365163348,11.304786365163348,0.1323014298311913,-1.3258233558702537,0.40907092804789724,13.85,323.1320000000001,311.03600000000006,322.012326844,110.0,0.0,0.26894513302429984,-0.3941232075520646,0.3941232075520646,0.26894513302429984,1.35,1.9,2.3,35.539168528339836,10.02291788462236,2.2435815633189473,-2.2231385375882793,2.2031486267989804,-2.4358850906246805,6.530354842931775,-0.3844532808687223,2.4316702479283396,2.821158149823159,480.20675753303044,15.284092571446669,10.070873269423847,11.582731161460758,9.362279762904677,5.48271598351556,6.35558754445953,3.8918314138637067,4.988096073409549,2.549103929777519,2.945495981288462,1.495665801296222,1.6216539589659644,-1.4100000000000001,20854.00404623344,16.64379236148467,7.392954608862727,4.309031435917423,123.815473655787,15.529843393687743,6.103966387748303,4.836269690250055,0.0,11.594566004035068,0.0,14.908855452837393,0.0,0.0,0.0,23.20187978046503,17.696185628620217,12.13273413692322,17.57203384247855,19.930903022570902,34.7964457845001,0.0,5.316788604006331,0.0,16.98207690714632,6.606881964512918,39.94323803430901,0.0,0.0,5.316788604006331,5.687386274683562,0.0,23.20187978046503,38.52853805176152,4.794537184071822,10.114318268765572,11.6674178794453,24.26546827384644,0.0,0.0,0.0,112.7,34.419449649828415,20.0153828476781,0.0,5.687386274683562,5.563451491696996,0.0,24.26546827384644,0.0,0.0,5.316788604006331,28.30840717530574,0.0,10.701515153828765,19.911924964098482,31.946182154335563,0.16922162383471995,-0.7561620265390097,4.0536671005850895,-1.2529283194759386,-0.5511984284454519,0.0,0.36363636363636365,20.0,3.0,7.0,0.0,0.0,0.0,1.0,1.0,0.0,1.0,2.0,0.0,5.0,3.0,9.0,0.0,6.0,0.0,0.0,0.0,0.0,0.0,6.1523400723896176,1.0,0.9089999999999996,72.56670000000001,0.0,2.0,2.0,0.0,0.0,0.0,0.0,0.0,0.0,0.0,1.0,1.0,0.0,0.0,0.0,1.0,1.0,0.0,0.0,0.0,0.0,0.0,0.0,0.0,0.0,2.0,0.0,1.0,0.0,0.0,0.0,0.0,0.0,0.0,1.0,0.0,0.0,0.0,0.0,0.0,0.0,0.0,0.0,0.0,2.0,0.0,0.0,0.0,0.0,0.0,0.0,0.0,0.0,0.0,0.0,0.0,0.0,0.0,1.0,1.0,1.0,0.0,0.0,0.0,0.0,0.0,0.0,0.0,0.0,0.0,0.0,0.0,0.0,0.0,0.0,0.0,0.0,0.0,0.0,0.0,0.0,0.0,0.0,0.0,0.0
O(C)c1c(O)c2c(C(=O)[C@@H]3NCC[C@]42[C@@H]3C=C(OC)C(=O)C4)cc1,154.0,Low,89.0,2-22,Table2,12.937719198790628,12.937719198790628,0.03169737339380152,-0.6003009259259258,0.8510817909093902,31.0,329.3520000000001,310.20000000000005,329.126322708,126.0,0.0,0.19743109622182237,-0.5040335016912141,0.5040335016912141,0.19743109622182237,1.25,2.0416666666666665,2.75,16.476518090311785,9.533054636328721,2.575627741524561,-2.524139851878062,2.556799431634101,-2.6203323106112406,6.064908161200025,-0.12135160116589874,2.5788165539876564,2.020428822727799,783.8589534540995,17.06011345338556,13.588278446863185,13.588278446863185,11.530041077362386,8.002864329547403,8.002864329547403,6.6019532809291155,6.6019532809291155,5.640870625260381,5.640870625260381,4.58637895672675,4.58637895672675,-2.34,350107.8718190262,15.203127655333953,5.076821856175882,1.7435162972257985,138.99784259438965,19.897041906447136,0.0,28.824678430953863,0.0,0.0,0.0,9.589074368143644,0.0,0.0,0.0,0.0,31.174332272595684,28.880621121878175,20.26143591170303,24.169327670584448,11.566489892729878,0.0,5.316788604006331,5.917906046161393,24.29847454439676,20.764351488467643,35.09482209880727,0.0,11.49902366656781,10.05365155780638,0.0,11.49902366656781,0.0,43.47920960518619,14.94639060726865,5.917906046161393,28.763083413317833,23.967919115413277,0.0,0.0,0.0,84.86000000000001,11.45683129854474,14.69560176298435,0.0,29.654729395101185,35.60115771717266,0.0,14.219595082555067,18.208754243757102,0.0,5.316788604006331,9.473725907600098,10.425537840136055,0.0,25.45837640148652,14.015264786470146,0.4257823129251712,0.19213661081716804,2.880479261148903,2.6322940287226,0.617491969009826,2.935970122616948,0.4444444444444444,24.0,2.0,6.0,2.0,1.0,3.0,0.0,1.0,0.0,1.0,3.0,2.0,6.0,2.0,6.0,1.0,2.0,0.0,1.0,1.0,0.0,0.0,3.2159821151179755,4.0,1.3160999999999996,85.28100000000003,0.0,0.0,0.0,0.0,0.0,0.0,0.0,1.0,0.0,0.0,2.0,2.0,0.0,0.0,0.0,0.0,1.0,0.0,0.0,0.0,0.0,0.0,0.0,0.0,0.0,0.0,1.0,0.0,0.0,0.0,0.0,0.0,0.0,0.0,1.0,0.0,1.0,0.0,0.0,0.0,0.0,2.0,0.0,0.0,0.0,0.0,0.0,0.0,0.0,0.0,0.0,2.0,2.0,0.0,0.0,2.0,0.0,0.0,0.0,0.0,0.0,0.0,0.0,0.0,0.0,1.0,1.0,0.0,0.0,1.0,0.0,0.0,0.0,0.0,0.0,0.0,0.0,0.0,0.0,0.0,0.0,0.0,0.0,0.0,0.0
O=C(OC)[C@H](NC[C@]12C(=O)C[C@@]3([C@@H](C(=O)OC)c4c(C)cccc4[C@H]3CC1)C2)CO,54.0,Low,24.0,2-27,Table2,13.377085774124463,13.377085774124463,0.1235350529100534,-0.8695627572016462,0.6806535917230208,32.333333333333336,415.4860000000002,386.2540000000002,415.199487648,162.0,0.0,0.32475739911698637,-0.4685306216662471,0.4685306216662471,0.32475739911698637,1.3,2.066666666666667,2.7333333333333334,16.528729541924914,9.600957811009003,2.679163069486589,-2.4291229096995837,2.7117144075317827,-2.4868810930210468,5.927964307859294,-0.14617024886067506,3.1485947172869744,1.6977612336877055,897.6795646151883,21.6814337969452,17.695197350076313,17.695197350076313,14.330500100779858,10.459458266204845,10.459458266204845,9.054690176394066,9.054690176394066,7.743120984226239,7.743120984226239,6.422456282285404,6.422456282285404,-2.2499999999999996,6446180.936595968,21.00004957366647,7.463267587113741,2.8229633896712563,175.67367829860075,19.897041906447136,11.8250857755129,0.0,0.0,0.0,11.938610575903699,14.383611552215466,0.0,0.0,0.0,18.19910120538483,48.794462589721036,23.795558967632143,26.744383093229377,28.963864854656265,17.72185552226864,0.0,5.316788604006331,10.82998093879356,50.484676612865414,27.37123345298056,34.88945568047582,0.0,0.0,5.316788604006331,0.0,0.0,0.0,56.24145719923786,23.85733745981556,17.75371813848418,54.20945305911782,18.19910120538483,0.0,0.0,0.0,101.93,35.36591506656768,19.490138947056174,0.0,24.215212686390757,19.26246486877803,17.547724606320003,19.78304657425206,0.0,19.056471336613843,11.383155672467941,9.473725907600098,9.93605060701584,0.0,38.20909951627958,12.569354674064044,2.1105934387899135,-1.0266731871556911,5.246735030725381,2.393041934366339,1.889397793514406,2.6724001924001923,0.6086956521739131,30.0,2.0,7.0,3.0,0.0,3.0,0.0,1.0,0.0,1.0,5.0,2.0,7.0,2.0,7.0,0.0,6.0,2.0,0.0,2.0,1.0,0.0,5.224299643697557,4.0,1.6018199999999998,107.91050000000006,0.0,1.0,1.0,0.0,0.0,0.0,0.0,0.0,0.0,0.0,3.0,3.0,0.0,0.0,0.0,0.0,1.0,0.0,0.0,0.0,0.0,0.0,0.0,0.0,0.0,0.0,0.0,0.0,0.0,0.0,1.0,0.0,0.0,0.0,1.0,0.0,3.0,0.0,0.0,0.0,2.0,2.0,0.0,0.0,0.0,0.0,0.0,0.0,0.0,0.0,0.0,1.0,1.0,0.0,0.0,2.0,0.0,0.0,0.0,0.0,0.0,0.0,0.0,0.0,0.0,0.0,0.0,0.0,0.0,0.0,0.0,0.0,0.0,0.0,0.0,0.0,0.0,0.0,0.0,0.0,0.0,0.0,0.0,0.0,0.0
O=C(OC)[C@H](NC[C@]12C(=O)C[C@@]3([C@@H](C(=O)OC)c4c(C)cccc4[C@H]3CC1)C2)C,16.0,Low,4.0,2-28,Table2,13.351256692491809,13.351256692491809,0.19361625514403236,-0.5406741307634162,0.7668505042076064,33.03448275862069,399.4870000000002,370.25500000000017,399.204573028,156.0,0.0,0.322062474715746,-0.4685306216662471,0.4685306216662471,0.322062474715746,1.2758620689655173,2.0344827586206895,2.7241379310344827,16.52796550869174,9.600980900629645,2.6788112671763056,-2.4287428624782974,2.711680959979655,-2.464101434526117,5.927847809851701,-0.14615066495914947,3.1233690506280523,1.7088838481232522,880.0192117203285,20.974327015758654,17.54087697338981,17.54087697338981,13.792495298319073,10.31233247891377,10.31233247891377,9.041217969284773,9.041217969284773,7.689368970054558,7.689368970054558,6.347782046430309,6.347782046430309,-2.2099999999999995,3844117.6927509815,20.07864454673821,6.939534426900209,2.7548425828546472,170.87944454640476,14.790514511606428,11.8250857755129,0.0,0.0,0.0,11.938610575903699,14.383611552215466,0.0,0.0,0.0,18.19910120538483,55.718199789411656,23.795558967632143,20.13750112871646,23.85733745981556,17.72185552226864,0.0,5.316788604006331,10.82998093879356,57.408413812556034,20.764351488467643,34.88945568047582,0.0,0.0,5.316788604006331,0.0,0.0,0.0,44.52804783988424,23.85733745981556,17.75371813848418,61.13319025880844,18.19910120538483,0.0,0.0,0.0,81.7,22.78972781410291,14.383611552215466,0.0,23.639761568430032,19.386399651764595,23.968546229246012,19.78304657425206,6.923737199690624,19.056471336613843,11.383155672467941,9.473725907600098,10.020461764040633,0.0,38.09875597183701,3.207459451373142,2.3916862114323347,-0.6000870928414226,5.715602493229207,2.6691544627110106,4.209809888333969,2.7871568498841226,0.6086956521739131,29.0,1.0,6.0,3.0,0.0,3.0,0.0,1.0,0.0,1.0,5.0,2.0,6.0,1.0,6.0,0.0,5.0,2.0,0.0,2.0,1.0,0.0,4.80470500267524,4.0,2.6294200000000005,106.49870000000006,0.0,0.0,0.0,0.0,0.0,0.0,0.0,0.0,0.0,0.0,3.0,3.0,0.0,0.0,0.0,0.0,1.0,0.0,0.0,0.0,0.0,0.0,0.0,0.0,0.0,0.0,0.0,0.0,0.0,0.0,1.0,0.0,0.0,0.0,1.0,0.0,3.0,0.0,0.0,0.0,2.0,2.0,0.0,0.0,0.0,0.0,0.0,0.0,0.0,0.0,0.0,1.0,1.0,0.0,0.0,2.0,0.0,0.0,0.0,0.0,0.0,0.0,0.0,0.0,0.0,0.0,0.0,0.0,0.0,0.0,0.0,0.0,0.0,0.0,0.0,0.0,0.0,0.0,0.0,0.0,0.0,0.0,0.0,0.0,0.0
O(C)c1c2O[C@@H]3C(=O)C(OC)=C[C@@H]4[C@H]5N(C)CC[C@@]34c2c(cc1)C5,407.0,High,6.0,2-29,Table2,12.990791288737716,12.990791288737716,0.038744331065759585,-0.4962962962962967,0.8271213472666143,35.875,327.38000000000005,306.21200000000005,327.147058152,126.0,0.0,0.23780875016842787,-0.49319359520279227,0.49319359520279227,0.23780875016842787,1.2916666666666667,2.125,2.875,16.534317800487553,9.530635954690041,2.656087945931873,-2.5506534166796166,2.619865530323074,-2.6436771694362253,6.008624362566746,-0.13196438570020103,2.941975985413712,1.8196569255680686,785.8166211990697,16.63746372257519,14.16562871605281,14.16562871605281,11.612557423565887,8.487741552734214,8.487741552734214,7.296483751142552,7.296483751142552,6.5113676171949395,6.5113676171949395,5.423839682394024,5.423839682394024,-2.01,571349.3882232554,14.342919057126924,4.5384038250130505,1.4304358013875011,140.7247144191195,19.110498592250625,0.0,23.362154925972288,5.783244946364939,0.0,0.0,4.794537184071822,0.0,0.0,0.0,6.06636706846161,44.13991030143427,17.523198367006348,19.634585551951847,19.005126045471968,5.783244946364939,0.0,4.899909730850478,5.917906046161393,30.402440932145062,27.812023471144833,35.09482209880727,0.0,11.49902366656781,9.473725907600098,0.0,11.49902366656781,0.0,50.640985365256505,21.36721223019466,5.917906046161393,17.54772460632,23.967919115413277,0.0,0.0,0.0,48.00000000000001,6.103966387748303,4.794537184071822,0.0,17.116141461923114,11.801005700804136,30.885423318332403,11.126902983393991,14.219595082555067,6.06636706846161,24.089968888823158,14.210588861400147,17.191408493953137,0.0,15.405194397203324,0.0,2.233722127739985,2.12646872637944,4.482315759637188,3.4429700491307633,0.972769746787604,5.395150699168557,0.5263157894736842,24.0,0.0,5.0,2.0,2.0,4.0,0.0,1.0,0.0,1.0,4.0,2.0,5.0,0.0,5.0,2.0,2.0,0.0,1.0,1.0,1.0,0.0,2.7122482796132252,5.0,1.6833999999999998,87.41600000000005,0.0,0.0,0.0,0.0,0.0,0.0,0.0,0.0,0.0,0.0,1.0,1.0,0.0,0.0,0.0,1.0,0.0,0.0,0.0,1.0,1.0,0.0,0.0,0.0,0.0,0.0,0.0,0.0,0.0,0.0,0.0,0.0,0.0,0.0,1.0,0.0,0.0,0.0,0.0,0.0,0.0,3.0,0.0,0.0,0.0,0.0,0.0,0.0,0.0,0.0,0.0,1.0,1.0,0.0,0.0,2.0,0.0,0.0,0.0,0.0,0.0,0.0,0.0,0.0,0.0,0.0,0.0,0.0,0.0,1.0,0.0,0.0,0.0,0.0,0.0,0.0,0.0,0.0,0.0,0.0,0.0,0.0,0.0,0.0,0.0
O(C)c1c(O)c2c(cc1)C[C@@H]1N(C)CC[C@]32[C@@H]1C=C(OC)C(=O)C3,218.0,Low,10.0,2-32,Table2,12.612387644872763,12.612387644872763,0.020484221466364527,-0.3586342592592593,0.8994421523150168,31.791666666666668,329.3960000000001,306.21200000000005,329.162708216,128.0,0.0,0.19743041487735843,-0.5040427859948662,0.5040427859948662,0.19743041487735843,1.2916666666666667,2.0833333333333335,2.7916666666666665,16.47647319248764,9.532185523676093,2.56049961171221,-2.5613448979991893,2.570925362481525,-2.598224481305732,5.9576023352834175,-0.1224283282654291,2.57035908997729,1.9709864397110854,741.127490127954,17.06011345338556,14.334350533085827,14.334350533085827,11.513204324956778,8.401278456853667,8.401278456853667,7.169550167497999,7.169550167497999,6.205120750193197,6.205120750193197,5.031532672221934,5.031532672221934,-2.0100000000000002,339426.199267861,15.513778779218766,5.244875922031269,1.8759421903542708,141.41123409533785,19.480163033291284,0.0,23.041433484588925,0.0,0.0,0.0,4.794537184071822,0.0,0.0,0.0,6.06636706846161,44.13991030143427,29.359010459329138,14.219595082555067,19.374790486512627,5.783244946364939,0.0,4.899909730850478,5.917906046161393,30.71929616732277,27.812023471144833,35.09482209880727,0.0,11.49902366656781,4.736862953800049,0.0,11.49902366656781,0.0,49.643546372348915,21.36721223019466,5.917906046161393,23.968546229246012,23.967919115413277,0.0,0.0,0.0,59.00000000000001,0.0,9.901064578912528,0.0,22.865653295207018,23.97133915701405,30.51330263515859,0.0,14.219595082555067,18.208754243757102,11.947581713527669,9.473725907600098,10.648486394557823,0.0,14.980158100277148,10.85363748740237,1.6822174981103557,1.320907396909382,4.1780255574452,4.081886337868481,0.9173530801209373,5.253994813974972,0.5263157894736842,24.0,1.0,5.0,2.0,1.0,3.0,0.0,1.0,0.0,1.0,3.0,2.0,5.0,1.0,5.0,1.0,2.0,0.0,1.0,1.0,0.0,0.0,3.3903268657851733,4.0,2.0181,89.28180000000005,0.0,0.0,0.0,0.0,0.0,0.0,0.0,1.0,0.0,0.0,1.0,1.0,0.0,0.0,0.0,1.0,0.0,0.0,0.0,1.0,1.0,0.0,0.0,0.0,0.0,0.0,1.0,0.0,0.0,0.0,0.0,0.0,0.0,0.0,1.0,0.0,1.0,0.0,0.0,0.0,0.0,2.0,0.0,0.0,0.0,0.0,0.0,0.0,0.0,0.0,0.0,1.0,1.0,0.0,0.0,2.0,0.0,0.0,0.0,0.0,0.0,0.0,0.0,0.0,0.0,1.0,1.0,0.0,0.0,1.0,0.0,0.0,0.0,0.0,0.0,0.0,0.0,0.0,0.0,0.0,0.0,0.0,0.0,0.0,0.0
O(C)C=1C(=O)C[C@@]23[C@@H]([C@@H](N(C)CC2)C=C2C3=C(O)C(=O)C=C2)C=1,213.0,Low,38.0,2-33,Table2,12.485767668178381,12.485767668178381,0.022314814814814454,-0.5090509259259259,0.7977368612103427,36.26086956521739,313.353,294.201,313.131408088,120.0,0.0,0.21996608098745785,-0.5039017500145334,0.5039017500145334,0.21996608098745785,1.3043478260869565,2.0869565217391304,2.8260869565217392,16.472598624865956,9.528004206995895,2.564506121922462,-2.5566512760743283,2.5789163378565743,-2.571189813758472,6.058341543481745,-0.12383847788640999,2.529743230434185,1.9853243430528191,742.1205453243394,16.353006672199015,13.204594021088907,13.204594021088907,10.975199522495991,7.853236953260813,7.853236953260813,6.781316779135597,6.781316779135597,5.748619015852246,5.748619015852246,4.613247592957236,4.613247592957236,-2.14,199303.29066652682,14.452131805467632,4.677965649418091,1.7679449107724234,134.15218708171176,9.843390348640755,0.0,17.30157468967729,5.783244946364939,0.0,0.0,14.48898409899412,0.0,0.0,0.0,12.152040213667762,37.7383947552528,29.368663497701412,7.109797541277533,19.4324647167844,11.566489892729878,0.0,4.899909730850478,11.332896515558172,18.88348407499998,20.7022259298673,46.96861923078641,0.0,0.0,0.0,0.0,0.0,0.0,48.316993777436316,14.325937321943691,11.332896515558172,12.841643245852019,46.96861923078641,0.0,0.0,0.0,66.84,5.41499046939678,14.69560176298435,0.0,35.70622326262142,11.332269401725444,18.53868255890785,13.185817648111414,6.076020106833881,6.076020106833881,18.02360182036155,4.736862953800049,5.2464398305618545,0.0,26.733467183169562,10.454887487402369,1.0150878684807263,-0.2262148578567218,0.13092781557067235,8.166591789493575,0.8224870086923659,3.572992541152263,0.4444444444444444,23.0,1.0,5.0,3.0,1.0,4.0,0.0,0.0,0.0,0.0,3.0,2.0,5.0,1.0,5.0,1.0,1.0,0.0,1.0,1.0,0.0,0.0,2.939416354210445,4.0,1.6871999999999998,83.55880000000002,0.0,1.0,1.0,0.0,0.0,0.0,0.0,0.0,0.0,0.0,2.0,2.0,0.0,0.0,0.0,1.0,0.0,0.0,0.0,1.0,1.0,0.0,0.0,0.0,0.0,0.0,5.0,0.0,0.0,0.0,0.0,0.0,0.0,0.0,0.0,0.0,1.0,0.0,0.0,0.0,0.0,1.0,0.0,0.0,0.0,0.0,0.0,0.0,0.0,0.0,0.0,2.0,1.0,0.0,0.0,1.0,0.0,0.0,0.0,0.0,0.0,0.0,0.0,0.0,0.0,0.0,0.0,0.0,0.0,1.0,0.0,0.0,0.0,0.0,0.0,0.0,0.0,0.0,0.0,0.0,0.0,0.0,0.0,0.0,0.0
O(C)c1c(O)c2c(cc1)C[C@@H]1N(C)CC[C@]32[C@@H]1C=C(OC)/C(=N/O)/C3,204.0,Low,26.0,2-35,Table2,10.935270140463594,10.935270140463594,0.19185752078609197,-0.29863425925925924,0.6359244715499449,32.6,344.41100000000006,320.21900000000005,344.173607248,134.0,0.0,0.1612982934867336,-0.5040427916258234,0.5040427916258234,0.1612982934867336,1.28,2.08,2.76,16.478553350898533,9.531052679214893,2.55721351100469,-2.565050299742098,2.572620037363104,-2.598436703724712,5.999900424828587,0.051990530466037556,2.6299610896568586,1.9802304667160975,772.9327520896012,17.76722023457211,14.82052943362188,14.82052943362188,12.051209127417563,8.620761109371715,8.620761109371715,7.293067809468034,7.293067809468034,6.342320623297366,6.342320623297366,5.135683549658402,5.135683549658402,-2.2100000000000004,589976.5412816334,16.268821771756578,5.66055218156775,2.0972181827220973,146.89330673282817,24.687416058068575,11.470849874426879,11.49902366656781,0.0,0.0,0.0,0.0,0.0,0.0,0.0,11.22207979521215,44.13991030143427,29.359010459329138,14.219595082555067,19.787506327218093,5.711685002770702,0.0,4.899909730850478,11.073618772911933,30.71929616732277,27.812023471144833,35.09482209880727,0.0,11.49902366656781,4.736862953800049,0.0,11.49902366656781,0.0,54.779239453531964,16.57267504612284,5.917906046161393,23.968546229246012,29.123631842163817,0.0,0.0,0.0,74.52000000000001,0.0,10.313780419617995,0.0,17.08240834884208,29.683024159784754,30.51330263515859,0.0,14.219595082555067,6.06636706846161,29.245681615573698,9.473725907600098,10.83012219702696,0.0,2.3869031084656083,23.9455504377677,2.3435256046863193,1.5410047136138416,4.226148510330058,4.38140093537415,0.9366274565381708,5.325383702863862,0.5263157894736842,25.0,2.0,6.0,2.0,1.0,3.0,0.0,1.0,0.0,1.0,3.0,2.0,6.0,2.0,6.0,1.0,2.0,0.0,1.0,1.0,0.0,0.0,3.6836205828661446,4.0,2.2792000000000003,93.49630000000005,0.0,0.0,0.0,0.0,0.0,0.0,0.0,1.0,0.0,0.0,0.0,0.0,0.0,0.0,0.0,2.0,0.0,0.0,0.0,1.0,1.0,0.0,0.0,0.0,0.0,0.0,1.0,0.0,0.0,0.0,0.0,0.0,0.0,0.0,1.0,0.0,1.0,0.0,0.0,0.0,0.0,2.0,0.0,0.0,0.0,0.0,0.0,0.0,0.0,0.0,0.0,0.0,0.0,0.0,0.0,2.0,0.0,0.0,0.0,0.0,0.0,0.0,0.0,1.0,0.0,1.0,1.0,0.0,0.0,1.0,0.0,0.0,0.0,0.0,0.0,0.0,0.0,0.0,0.0,0.0,0.0,0.0,0.0,0.0,0.0
O(C)c1c(O)c2c(cc1)C=CC=1[C@]32C[C@@](O)(N(C)CC3)C(=O)C=1,134.0,Low,65.0,2-37,Table2,12.41938460569413,12.41938460569413,0.0986130007558581,-1.5141700916477703,0.8237883201898207,32.130434782608695,313.35300000000007,294.201,313.131408088,120.0,0.0,0.20227606941746556,-0.5040271271936604,0.5040271271936604,0.20227606941746556,1.3043478260869565,2.0869565217391304,2.8260869565217392,16.47420737712058,9.578063474294412,2.5719416972124405,-2.535476867979178,2.563709226189728,-2.632765861581098,6.001561435078508,-0.1676584801016718,2.5310799845439416,2.015359504110198,781.4714189005399,16.405412915006313,13.166209056935374,13.166209056935374,10.920504622625403,7.7101359817098265,7.7101359817098265,6.624970299763055,6.624970299763055,5.601611966745724,5.601611966745724,4.24337640336847,4.24337640336847,-2.11,191587.5683500691,14.480238222101054,4.460367331922628,1.6619367786748447,134.03737747144612,14.94991774348146,0.0,17.224009260538065,5.783244946364939,0.0,0.0,9.694446914922299,0.0,0.0,0.0,18.218407282129373,36.74743680266496,23.94401998993236,7.109797541277533,19.74445492755328,11.85926505319882,0.0,4.899909730850478,0.0,23.981619309219052,20.7022259298673,40.98478186405424,0.0,11.49902366656781,4.736862953800049,0.0,11.49902366656781,0.0,47.32342099073438,10.209527653468601,0.0,23.968546229246012,29.85787888066025,0.0,6.076020106833881,0.0,70.0,11.139976063367033,15.007591973753232,0.0,17.953578402574852,12.29426823919648,23.12082913638927,13.185817648111414,18.013948781989278,18.218407282129373,0.0,4.736862953800049,5.2591127330561855,0.0,14.11688106261023,21.63991299760645,0.4445151880196532,0.2170887135718491,3.6415676177878558,6.331688397581255,0.572926351095994,3.2763069386705297,0.3888888888888889,23.0,2.0,5.0,2.0,1.0,3.0,0.0,1.0,0.0,1.0,2.0,2.0,5.0,2.0,5.0,1.0,1.0,0.0,1.0,1.0,1.0,0.0,2.8081383271442144,4.0,1.5886999999999998,85.27460000000004,0.0,1.0,0.0,0.0,0.0,0.0,0.0,1.0,0.0,0.0,1.0,1.0,0.0,0.0,0.0,1.0,0.0,0.0,0.0,1.0,1.0,0.0,0.0,0.0,0.0,0.0,2.0,0.0,0.0,0.0,0.0,0.0,0.0,0.0,1.0,0.0,2.0,0.0,0.0,0.0,0.0,1.0,0.0,0.0,0.0,0.0,0.0,0.0,0.0,0.0,0.0,1.0,0.0,0.0,0.0,1.0,0.0,0.0,0.0,0.0,0.0,0.0,0.0,0.0,0.0,1.0,1.0,0.0,0.0,1.0,0.0,0.0,0.0,0.0,0.0,0.0,0.0,0.0,0.0,0.0,0.0,0.0,0.0,0.0,0.0
O(C)c1c(O)c2c(C(=O)[C@@H]3N(C)CC[C@]42[C@@H]3C=C(OC)/C(=N/O)/C4)cc1,107.0,Low,39.0,2-38,Table2,13.243814877802974,13.243814877802974,0.001935468631896864,-0.5390509259259257,0.6199174263595397,31.884615384615383,358.39400000000006,336.2180000000001,358.152871804,138.0,0.0,0.1805173311499614,-0.5040335073267861,0.5040335073267861,0.1805173311499614,1.3076923076923077,2.076923076923077,2.730769230769231,16.478613645036223,9.527744645180185,2.5871907432485255,-2.554523363658468,2.5722543716741013,-2.623067806857339,6.073410054146086,0.040670227048769485,2.65296820340953,2.0412145537071065,846.5763892872272,18.637463722575184,15.021670942899197,15.021670942899197,12.478729482346129,8.601758708141322,8.601758708141322,7.219120826425747,7.219120826425747,6.1953998803748,6.1953998803748,4.97928572674252,4.97928572674252,-2.54,892981.1383630376,16.90315725786409,5.737321771797525,1.974005246842152,151.05482883287192,19.787506327218093,11.470849874426879,17.28226861293275,0.0,0.0,0.0,9.694446914922299,0.0,0.0,0.0,5.15571272675054,38.22200425527287,28.880621121878175,20.26143591170303,24.582043511289918,11.494929949135642,0.0,4.899909730850478,11.073618772911933,24.29847454439676,27.812023471144833,35.09482209880727,0.0,11.49902366656781,4.736862953800049,0.0,11.49902366656781,0.0,60.562484399896896,10.15185342319683,5.917906046161393,28.763083413317833,29.123631842163817,0.0,0.0,0.0,91.59,5.41499046939678,15.10831760368982,0.0,23.4925036549582,41.31284271994336,6.4208216229260096,14.219595082555067,12.13273413692322,13.12369208951107,10.055622457601018,9.473725907600098,10.678005794910558,0.0,15.299699467750063,23.830254787100028,1.0035246598639467,0.618151350046193,3.0134170288485755,2.9821551398337114,0.706210789871504,4.951914315108759,0.47368421052631576,26.0,2.0,7.0,2.0,1.0,3.0,0.0,1.0,0.0,1.0,3.0,2.0,7.0,2.0,7.0,1.0,2.0,0.0,1.0,1.0,0.0,0.0,3.7299558518331155,4.0,1.9194,94.12280000000003,0.0,0.0,0.0,0.0,0.0,0.0,0.0,1.0,0.0,0.0,1.0,1.0,0.0,0.0,0.0,2.0,0.0,0.0,0.0,1.0,1.0,0.0,0.0,0.0,0.0,0.0,1.0,0.0,0.0,0.0,0.0,0.0,0.0,0.0,1.0,0.0,1.0,0.0,0.0,0.0,0.0,2.0,0.0,0.0,0.0,0.0,0.0,0.0,0.0,0.0,0.0,1.0,1.0,0.0,0.0,2.0,0.0,0.0,0.0,0.0,0.0,0.0,0.0,1.0,0.0,1.0,1.0,0.0,0.0,1.0,0.0,0.0,0.0,0.0,0.0,0.0,0.0,0.0,0.0,0.0,0.0,0.0,0.0,0.0,0.0
O(C)[C@H]1[C@@H]2N(C)CC[C@@]3([C@@H]2C=C(OC)C(=O)C3)C=2C(=O)C(OC)=CC(=O)C1=2,3.0,Low,0.0,2-40,Table2,13.251054028092717,13.251054028092717,0.02136403481145588,-0.7307175925925926,0.6770531068064479,36.0,373.40500000000014,350.2210000000001,373.15253745599995,144.0,0.0,0.22427835632858595,-0.49335571377805776,0.49335571377805776,0.22427835632858595,1.1111111111111112,1.8148148148148149,2.4444444444444446,16.482134484089517,9.507928469933413,2.622218228312705,-2.5844036764529363,2.5842513217372343,-2.647109076842452,6.233289129450433,-0.1325902290010427,2.653167169543226,2.004075836878859,837.4100006917271,19.507707210578268,15.90477502779091,15.90477502779091,12.889413084869089,9.006743953964607,9.006743953964607,7.589182763339246,7.589182763339246,6.541552071683401,6.541552071683401,5.35552298272292,5.35552298272292,-2.25,1270676.0461749982,18.1291088385683,6.138190131394151,2.2445498133326676,157.16605314955072,14.210588861400147,6.103966387748303,23.08481963604223,5.783244946364939,0.0,0.0,19.28352128306594,0.0,0.0,0.0,0.0,26.089270118349653,48.127585675882095,14.219595082555067,28.59420041361561,17.34973483909482,0.0,4.899909730850478,11.332896515558172,24.98745046274828,34.92182101242237,34.81657901711865,0.0,0.0,0.0,0.0,0.0,0.0,69.31727279926392,28.59420041361561,11.332896515558172,12.841643245852019,34.81657901711865,0.0,0.0,0.0,82.14000000000001,11.518956857145081,14.383611552215466,0.0,41.48946820898635,29.870951960633292,0.0,20.295615189388947,7.109797541277533,13.12369208951107,4.899909730850478,14.210588861400147,16.21744842844545,0.0,41.0498864638448,0.0,0.0386989795918371,-0.5706480694129485,-0.15741213151927447,3.2548511904761908,0.7031174414210127,6.380724363819603,0.55,27.0,0.0,7.0,3.0,1.0,4.0,0.0,0.0,0.0,0.0,4.0,2.0,7.0,0.0,7.0,1.0,3.0,0.0,1.0,1.0,0.0,0.0,4.121478406069275,4.0,0.8034999999999999,94.60300000000005,0.0,0.0,0.0,0.0,0.0,0.0,0.0,0.0,0.0,0.0,3.0,3.0,0.0,0.0,0.0,1.0,0.0,0.0,0.0,1.0,1.0,0.0,0.0,0.0,0.0,0.0,3.0,0.0,0.0,0.0,0.0,0.0,0.0,0.0,0.0,0.0,0.0,0.0,0.0,0.0,0.0,3.0,0.0,0.0,0.0,0.0,0.0,0.0,0.0,0.0,0.0,3.0,2.0,0.0,0.0,3.0,0.0,0.0,0.0,0.0,0.0,0.0,0.0,0.0,0.0,0.0,0.0,0.0,0.0,1.0,0.0,0.0,0.0,0.0,0.0,0.0,0.0,0.0,0.0,0.0,0.0,0.0,0.0,0.0,0.0
O=C([O-])[C@H]1c2c(C)cccc2[C@@H]2[C@@]31CC(=O)[C@](C)(C3)CC2,138.0,Low,7.0,2-42,Table2,12.505745464852609,12.505745464852609,0.2035416666666663,-1.0074074074074064,0.7925456204311004,40.0,283.34700000000004,264.19499999999994,283.13396804791006,110.0,0.0,0.13889005592157183,-0.5494739996108878,0.5494739996108878,0.13889005592157183,1.380952380952381,2.142857142857143,2.857142857142857,16.36689114587451,9.607285307211278,2.6490692618844145,-2.4261772684926703,2.7079711546107537,-2.4131845695343412,5.9140713063159085,-0.31077203523367625,2.787762906294566,1.9770615810376515,677.0410539190319,14.991199352633217,12.43992334208591,12.43992334208591,9.889299871438157,7.725780287956385,7.725780287956385,7.491675493966367,7.491675493966367,6.39347999855082,6.39347999855082,5.536448508216538,5.536448508216538,-1.64,76919.95411047967,13.052902928498053,3.7602344291118337,1.3946058768826148,123.91049298395214,9.901064578912528,5.783244946364939,0.0,0.0,0.0,0.0,4.794537184071822,0.0,0.0,0.0,25.122838405075456,54.20945305911782,23.723023426436033,0.0,14.69560176298435,11.75255023431679,0.0,0.0,10.82998093879356,51.366572983408076,0.0,34.88945568047582,0.0,0.0,5.106527394840706,0.0,0.0,0.0,11.75255023431679,9.589074368143644,17.753718138484185,61.13319025880844,18.19910120538483,0.0,0.0,0.0,57.199999999999996,17.302201803510023,14.69560176298435,0.0,17.116141461923114,12.841643245852019,29.531997720943007,0.0,0.0,25.980208536304467,6.06636706846161,0.0,0.0,0.0,24.448391439909297,11.942645975056688,2.3530187074829945,-1.172861866969009,6.0336928382464095,2.9078103741496593,3.9873025321239606,0.0,0.5555555555555556,21.0,0.0,3.0,3.0,0.0,3.0,0.0,1.0,0.0,1.0,4.0,2.0,3.0,0.0,3.0,0.0,1.0,2.0,0.0,2.0,1.0,0.0,2.337236904361574,4.0,2.0751199999999996,75.68300000000004,1.0,0.0,0.0,0.0,0.0,0.0,0.0,0.0,1.0,1.0,2.0,2.0,0.0,0.0,0.0,0.0,0.0,0.0,0.0,0.0,0.0,0.0,0.0,0.0,0.0,0.0,0.0,0.0,0.0,0.0,1.0,0.0,0.0,0.0,1.0,0.0,3.0,0.0,0.0,0.0,0.0,0.0,0.0,0.0,0.0,0.0,0.0,0.0,0.0,0.0,0.0,1.0,1.0,0.0,0.0,0.0,0.0,0.0,0.0,0.0,0.0,0.0,0.0,0.0,0.0,0.0,0.0,0.0,0.0,0.0,0.0,0.0,0.0,0.0,0.0,0.0,0.0,0.0,0.0,0.0,0.0,0.0,0.0,0.0,0.0
O=C([O-])[C@H]1[C@@H]2[C@@](C(=O)[O-])(C)[C@@H](O)C=CC2=C2[C@]31CC(=C)[C@@](O)(C3)CC2,104.0,Low,20.0,2-43,Table2,12.153887471655327,12.153887471655327,0.20821050642479233,-1.767907690854119,0.60889126133143,47.64,344.36300000000017,324.2030000000001,344.12708551982,134.0,0.0,0.08658154644290268,-0.549806006301727,0.549806006301727,0.08658154644290268,1.36,2.04,2.64,16.375744963845047,9.588575806498897,2.669156611126855,-2.481109142462803,2.7029791191475185,-2.5803771218841955,5.812506445448794,-0.32979356855129344,2.904519435052962,1.9792398515540002,778.783822678312,18.36144284063629,13.949705604736238,13.949705604736238,11.576692480268512,8.505226810146661,8.505226810146661,8.227206787324416,8.227206787324416,7.208929674116602,7.208929674116602,5.901254895451866,5.901254895451866,-1.9199999999999995,394779.37709296355,16.54317136512477,4.620780526620371,1.7135505869049195,144.7160545851704,30.015183947506465,0.0,0.0,0.0,0.0,0.0,0.0,0.0,0.0,0.0,31.227817627026152,36.82949555184257,28.6350983190682,17.67432248668384,30.015183947506465,11.938610575903699,0.0,0.0,22.665793031116348,44.31204089012665,0.0,35.45028948747406,0.0,0.0,10.213054789681411,0.0,0.0,0.0,33.8566825643171,9.589074368143644,22.665793031116348,32.60702369139466,35.45028948747406,0.0,0.0,0.0,120.72,46.30942080575203,30.015183947506465,0.0,6.4208216229260096,30.408673928916564,5.573104530069267,12.999757306524504,6.076020106833881,0.0,6.578935683598497,0.0,0.0,0.0,24.079428106890905,45.24238827475435,-1.683900581065758,-4.9406646825396825,0.0,3.1117840608465612,5.274298154446964,0.0,0.5789473684210527,25.0,2.0,6.0,4.0,0.0,4.0,0.0,0.0,0.0,0.0,6.0,2.0,6.0,2.0,6.0,0.0,2.0,2.0,0.0,2.0,1.0,0.0,3.0576945637004913,4.0,-1.1728999999999992,82.26460000000002,2.0,2.0,1.0,0.0,0.0,0.0,0.0,0.0,2.0,2.0,2.0,2.0,0.0,0.0,0.0,0.0,0.0,0.0,0.0,0.0,0.0,0.0,0.0,0.0,0.0,0.0,3.0,0.0,0.0,0.0,0.0,0.0,0.0,0.0,0.0,0.0,2.0,0.0,0.0,0.0,0.0,0.0,0.0,0.0,0.0,0.0,0.0,0.0,0.0,0.0,0.0,0.0,0.0,0.0,0.0,0.0,0.0,0.0,0.0,0.0,0.0,0.0,0.0,0.0,0.0,0.0,0.0,0.0,0.0,0.0,0.0,0.0,0.0,0.0,0.0,0.0,0.0,0.0,0.0,0.0,0.0,0.0,0.0,0.0,0.0
O=C([O-])CC[C@@]1(C)C(=O)CC[C@@H]2[C@@H]1C(=O)C[C@]1(C)C(=O)CC[C@@H]21,103.0,Low,27.0,2-44,Table2,12.86027872260015,12.86027872260015,0.012706916099773036,-1.1895468658142272,0.7759036241241632,43.21739130434783,319.37700000000007,296.19300000000004,319.15509741591,126.0,0.0,0.13901271641794855,-0.5501712691302819,0.5501712691302819,0.13901271641794855,1.1304347826086956,1.7826086956521738,2.4347826086956523,16.36525669116651,9.484847271632974,2.6212852492126113,-2.5256825364853044,2.5992561292314047,-2.5632995760911474,5.98963214929908,-0.30586133214114747,2.7586442007133725,1.9617656390732103,594.2193651755866,16.991199352633217,13.723039728194028,13.723039728194028,10.698048408297106,8.491129721098133,8.491129721098133,8.021753395035407,8.021753395035407,6.847699484133562,6.847699484133562,5.565789087178253,5.565789087178253,-1.5200000000000002,129573.5181075071,16.3417287103599,5.248530564788362,2.272275475901733,135.3660956643553,9.901064578912528,17.34973483909482,0.0,0.0,0.0,0.0,14.383611552215466,0.0,0.0,0.0,13.847474399381248,37.51909858402683,41.979657141684825,0.0,24.28467613112799,23.319040127046666,0.0,0.0,28.583699077277743,58.79322575986332,0.0,0.0,0.0,0.0,5.106527394840706,0.0,0.0,0.0,23.319040127046666,19.178148736287287,28.583699077277743,58.79322575986332,0.0,0.0,0.0,0.0,91.34,22.717192272906804,24.28467613112799,0.0,48.44801180019562,19.26246486877803,6.4208216229260096,0.0,6.923737199690624,6.923737199690624,0.0,0.0,0.0,0.0,48.53601962081128,10.857012471655327,-1.4990686807130258,-1.3292499553833885,0.0,2.4605952118501717,3.641357998446292,0.0,0.7777777777777778,23.0,0.0,5.0,3.0,0.0,3.0,0.0,0.0,0.0,0.0,5.0,0.0,5.0,0.0,5.0,0.0,3.0,3.0,0.0,3.0,0.0,0.0,3.7291331572958013,3.0,1.0762999999999996,79.03100000000005,1.0,0.0,0.0,0.0,0.0,0.0,0.0,0.0,1.0,1.0,4.0,4.0,0.0,0.0,0.0,0.0,0.0,0.0,0.0,0.0,0.0,0.0,0.0,0.0,0.0,0.0,0.0,0.0,0.0,0.0,0.0,0.0,0.0,0.0,0.0,0.0,3.0,0.0,0.0,0.0,0.0,0.0,0.0,0.0,0.0,0.0,0.0,0.0,0.0,0.0,0.0,3.0,3.0,0.0,0.0,0.0,0.0,0.0,0.0,0.0,0.0,0.0,0.0,0.0,0.0,0.0,0.0,0.0,0.0,0.0,0.0,0.0,0.0,0.0,0.0,0.0,0.0,0.0,0.0,0.0,0.0,0.0,0.0,0.0,0.0
O=C([O-])CO[C@H]1[C@H]2OC[C@H](N=[N+]=[N-])[C@H]2OC1,89.0,Low,1.0,2-45,Table2,10.230676043182807,10.230676043182807,0.23617252456538163,-1.2842197866801046,0.3328830739677449,36.75,228.18399999999997,218.10399999999998,228.06259399991,88.0,0.0,0.11250243084755411,-0.5476233264653644,0.5476233264653644,0.11250243084755411,1.5,2.25,2.9375,16.618500421865573,10.094363903087789,2.4739864886627756,-2.162678583622525,2.2989920613592045,-2.3600426454155587,5.650485578591162,-0.31055124370703036,2.788092600505911,1.9216978624301835,329.6354720233997,11.543605595440512,8.313603659137337,8.313603659137337,7.71954535281284,4.809629336703011,4.809629336703011,3.5896227101890648,3.5896227101890648,2.597058539067058,2.597058539067058,1.9273158196333195,1.9273158196333195,-1.34,6401.460610761572,11.154544837698932,4.6666067632998525,2.09545546141226,90.71229708108254,24.111653440312676,12.207932775496605,0.0,0.0,0.0,0.0,0.0,0.0,0.0,0.0,5.114250125629398,5.531128998785252,4.911711647252464,37.93575839838687,24.111653440312676,5.969305287951849,0.0,0.0,5.114250125629398,24.353739992392867,19.820645893538753,10.442840646037716,0.0,0.0,5.106527394840706,0.0,0.0,0.0,50.14369117388347,19.005126045471968,0.0,0.0,5.114250125629398,0.0,10.442840646037716,0.0,116.58000000000001,18.68015364021307,9.901064578912528,0.0,31.4635375336704,0.0,0.0,0.0,0.0,0.0,10.02596177288186,19.7417178601854,15.775473592214665,0.0,12.92810184838143,13.772985818944964,8.318682478386211,-1.2842197866801046,-0.3689323507180653,-1.1534287603930475,0.011337159863945345,0.0,0.875,16.0,0.0,8.0,0.0,2.0,2.0,0.0,0.0,0.0,0.0,4.0,0.0,6.0,0.0,8.0,2.0,4.0,0.0,2.0,2.0,0.0,0.0,3.2533671488210807,2.0,-1.4019999999999986,47.16100000000002,1.0,0.0,0.0,0.0,0.0,0.0,0.0,0.0,1.0,1.0,1.0,1.0,0.0,0.0,0.0,3.0,0.0,0.0,0.0,0.0,0.0,0.0,0.0,0.0,0.0,0.0,0.0,0.0,0.0,0.0,0.0,1.0,0.0,0.0,0.0,0.0,1.0,0.0,0.0,0.0,0.0,3.0,0.0,0.0,0.0,0.0,0.0,0.0,0.0,0.0,0.0,0.0,0.0,0.0,0.0,0.0,0.0,0.0,0.0,0.0,0.0,0.0,0.0,0.0,0.0,0.0,0.0,0.0,0.0,0.0,0.0,0.0,0.0,0.0,0.0,0.0,0.0,0.0,0.0,0.0,0.0,0.0,0.0,0.0,0.0
O=C([O-])[C@H]1c2c(C)cccc2[C@@H]2[C@@]31CC(=O)[C@](CO)(C3)CC2,84.0,Low,13.0,2-46,Table2,12.576995464852608,12.576995464852608,0.03630479969765754,-1.0819538926681773,0.885133960574121,38.72727272727273,299.34600000000006,280.194,299.12888266791003,116.0,0.0,0.14146390596824204,-0.549473999555067,0.549473999555067,0.14146390596824204,1.4545454545454546,2.227272727272727,2.909090909090909,16.36696977244875,9.603963314660437,2.6621800450619686,-2.4314089790374824,2.708069907333913,-2.4249756900169066,5.918472645085869,-0.3108302349641755,2.8863741973472594,1.951003397796403,694.3276134851743,15.698306133819765,12.594243718772416,12.594243718772416,10.449960043217978,7.895561444566497,7.895561444566497,7.369459291084874,7.369459291084874,6.489473753541108,6.489473753541108,5.595021637198167,5.595021637198167,-1.68,139377.23724150445,13.947001756455784,4.19402526573313,1.4150323066503419,128.70472673614816,15.007591973753234,5.783244946364939,0.0,0.0,0.0,0.0,4.794537184071822,0.0,0.0,0.0,18.19910120538483,54.20945305911782,18.308032957039252,12.021872433909698,19.802129157825057,11.75255023431679,0.0,0.0,10.82998093879356,44.442835783717456,6.606881964512918,34.88945568047582,0.0,0.0,5.106527394840706,0.0,0.0,0.0,23.465959593670412,9.589074368143644,17.753718138484185,54.20945305911782,18.19910120538483,0.0,0.0,0.0,77.42999999999999,22.717192272906804,19.802129157825057,0.0,24.72885457996526,12.841643245852019,23.111176098016998,0.0,0.0,25.122838405075452,0.0,0.0,0.0,0.0,24.54547052154195,21.736258030990175,1.5848937074829945,-1.681945389266817,5.898256487780297,2.1589214852607705,1.7581451562106323,0.0,0.5555555555555556,22.0,1.0,4.0,3.0,0.0,3.0,0.0,1.0,0.0,1.0,4.0,2.0,4.0,1.0,4.0,0.0,2.0,2.0,0.0,2.0,1.0,0.0,2.658821715809086,4.0,1.0475199999999993,77.09480000000003,1.0,1.0,1.0,0.0,0.0,0.0,0.0,0.0,1.0,1.0,2.0,2.0,0.0,0.0,0.0,0.0,0.0,0.0,0.0,0.0,0.0,0.0,0.0,0.0,0.0,0.0,0.0,0.0,0.0,0.0,1.0,0.0,0.0,0.0,1.0,0.0,3.0,0.0,0.0,0.0,0.0,0.0,0.0,0.0,0.0,0.0,0.0,0.0,0.0,0.0,0.0,1.0,1.0,0.0,0.0,0.0,0.0,0.0,0.0,0.0,0.0,0.0,0.0,0.0,0.0,0.0,0.0,0.0,0.0,0.0,0.0,0.0,0.0,0.0,0.0,0.0,0.0,0.0,0.0,0.0,0.0,0.0,0.0,0.0,0.0
O=C(O[C@@H]1[C@@]2(C)C(=O)O[C@]3([C@@H]2[C@H](C(=O)[O-])[C@@]24[C@H]3CC[C@@](O)(C(=C)C2)C4)C=C1)C,81.0,Low,3.0,2-47,Table2,13.017130062673218,13.017130062673218,0.2567332766439918,-1.3201530612244894,0.534177325616074,52.82142857142857,387.40800000000024,364.22400000000016,387.14492665591,150.0,0.0,0.31680124389796055,-0.549827771518656,0.549827771518656,0.31680124389796055,1.4285714285714286,2.142857142857143,2.7857142857142856,16.579520121793905,9.606453010193146,2.823372908971572,-2.44935458924245,2.7697603745176074,-2.5363202949532853,5.864006639475607,-0.3179584578492244,3.003242055352405,1.7293321966790676,875.9798784545209,20.275656403009386,15.896338859353634,15.896338859353634,13.010979444905745,9.727147785551026,9.727147785551026,9.502408054581938,9.502408054581938,8.370984125030684,8.370984125030684,7.43952186773966,7.43952186773966,-2.1499999999999995,1897589.482948251,17.915323827400545,4.874518742095422,1.689585575605079,161.92985574728417,24.481317881353327,17.12000766812877,0.0,0.0,0.0,11.938610575903699,9.589074368143644,0.0,0.0,0.0,6.578935683598497,55.747158904528476,30.646760626126653,5.601050810983688,34.07039224949697,17.90791586385555,0.0,0.0,28.583699077277743,56.83682890080097,0.0,24.304080427335524,0.0,0.0,5.106527394840706,0.0,0.0,0.0,40.32051126841193,23.85733745981556,28.583699077277743,39.53076089108528,24.304080427335524,0.0,0.0,0.0,112.96000000000002,57.87977690468756,24.596666341896878,0.0,12.338727669087403,24.835569398847294,0.0,6.923737199690624,19.075777413358384,0.0,6.578935683598497,9.473725907600098,11.347833797871,0.0,37.11659954068098,23.489371840180823,-3.634095752498529,-4.3510501963130945,0.0,4.131002430293105,6.900338339785715,0.0,0.6666666666666666,28.0,1.0,7.0,4.0,1.0,5.0,0.0,0.0,0.0,0.0,8.0,4.0,7.0,1.0,7.0,1.0,2.0,3.0,1.0,4.0,1.0,0.0,3.1188779202633086,5.0,0.26319999999999966,92.09180000000003,1.0,1.0,0.0,0.0,0.0,0.0,0.0,0.0,1.0,1.0,3.0,3.0,0.0,0.0,0.0,0.0,0.0,0.0,0.0,0.0,0.0,0.0,0.0,0.0,0.0,0.0,0.0,0.0,0.0,0.0,0.0,0.0,0.0,0.0,0.0,0.0,1.0,0.0,0.0,0.0,2.0,2.0,0.0,0.0,0.0,0.0,0.0,0.0,0.0,0.0,0.0,0.0,0.0,0.0,0.0,0.0,0.0,0.0,0.0,0.0,0.0,0.0,0.0,0.0,0.0,0.0,0.0,0.0,0.0,0.0,0.0,0.0,0.0,0.0,0.0,0.0,0.0,0.0,0.0,0.0,0.0,0.0,0.0,0.0,0.0
O=C(NCc1occc1)[C@H]1[C@@H]2[C@@](C(=O)[O-])(C)[C@@H](O)[C@H](O)C=C2[C@H]2[C@]31CC(=C)[C@@](O)(C3)CC2,72.0,Low,3.0,2-48,Table2,13.693727324263037,13.693727324263037,0.13221844293272866,-1.8707166477702186,0.48213248714971363,44.5625,442.4880000000003,414.26400000000024,442.18712581590995,172.0,0.0,0.22422614883810602,-0.5494375940485243,0.5494375940485243,0.22422614883810602,1.375,2.125,2.78125,16.37720663874968,9.594986367264772,2.7194432592459066,-2.479080765056328,2.7266219685725335,-2.6047979447117755,5.84688185577126,-0.3277406464610104,3.388219173593143,1.6339545743289772,1015.5476819539078,23.05167728494828,17.913427058181245,17.913427058181245,15.043018975457299,11.043621711797579,11.043621711797579,10.237871043850475,10.237871043850475,8.763401635480852,8.763401635480852,7.249126812267674,7.249126812267674,-2.4199999999999995,17993114.203832168,21.42699335696076,6.79086132480579,2.599375684656351,185.17188538550013,34.95458630449432,5.760247418874442,0.0,5.907179729351506,0.0,0.0,4.794537184071822,0.0,0.0,0.0,25.15179752019227,54.722021674254705,11.332896515558172,42.50411432214516,34.43233488455981,11.876485017303356,0.0,5.316788604006331,28.58369907727774,56.96076368378753,0.0,47.957309402007624,0.0,0.0,10.423315998847038,0.0,0.0,0.0,45.00505078830576,16.133830774056218,28.58369907727774,38.3672711102691,46.61421292018653,0.0,0.0,0.0,143.06,46.44408190554848,30.015183947506465,0.0,18.369842181425476,42.58974297071701,0.0,19.26292030216356,12.13273413692322,0.0,11.895724287604828,4.417150937053347,5.305505632993683,0.0,26.094234147394545,47.76135907980808,-2.387576858675567,-3.2387592776308063,3.4355202442292088,1.7163295094272275,5.563387522453629,0.0,0.5833333333333334,32.0,4.0,8.0,4.0,0.0,4.0,1.0,0.0,1.0,1.0,8.0,2.0,7.0,4.0,8.0,1.0,4.0,3.0,0.0,3.0,1.0,0.0,4.547116890457982,5.0,0.03729999999999967,109.22610000000005,1.0,3.0,2.0,0.0,0.0,0.0,0.0,0.0,1.0,1.0,2.0,2.0,0.0,0.0,0.0,0.0,1.0,0.0,0.0,0.0,0.0,0.0,0.0,0.0,0.0,0.0,1.0,1.0,0.0,0.0,0.0,0.0,0.0,0.0,0.0,0.0,3.0,0.0,0.0,0.0,0.0,0.0,1.0,0.0,0.0,0.0,0.0,0.0,0.0,0.0,0.0,0.0,0.0,0.0,0.0,0.0,0.0,0.0,0.0,0.0,0.0,0.0,0.0,0.0,0.0,0.0,0.0,0.0,0.0,0.0,0.0,0.0,0.0,0.0,0.0,0.0,0.0,0.0,0.0,0.0,0.0,0.0,0.0,0.0,0.0
O=C([O-])[C@H]1[C@@H]2[C@@]3(C)[C@@H](O)[C@H](OC3=O)C=C2[C@H]2[C@]31CC(=C)[C@@](O)(C3)CC2,70.0,Low,4.0,2-49,Table2,12.538966561161502,12.538966561161502,0.05208333333333415,-1.2841113945578226,0.498778354795283,55.48,345.37100000000015,324.2030000000001,345.13436197191,134.0,0.0,0.31542707189098335,-0.5498182329169239,0.5498182329169239,0.31542707189098335,1.48,2.2,2.88,16.56586106307773,9.607464335514857,2.7387177156177804,-2.4358841514691623,2.733925368199846,-2.52615964430334,5.847295254159076,-0.31784708276757756,2.964765591973486,1.746558940771216,769.8760069846132,17.938793109825916,14.027055873925864,14.027055873925864,11.649172125339947,8.872974239602392,8.872974239602392,8.851613244239264,8.851613244239264,7.94223914268984,7.94223914268984,6.838152657581918,6.838152657581918,-1.6599999999999997,542756.6721569941,15.583685278823818,4.179012870169989,1.4682522453803242,144.7191379411363,24.85098232239399,17.622923244893386,0.0,0.0,0.0,5.969305287951849,4.794537184071822,0.0,0.0,0.0,12.152040213667764,55.58904484385599,17.805117380274638,5.601050810983688,29.64551950646581,11.938610575903699,0.0,0.0,28.58369907727774,50.41600727787497,0.0,23.801164850570917,0.0,0.0,5.106527394840706,0.0,0.0,0.0,39.9606489520654,14.325937321943691,28.58369907727774,32.60702369139466,23.801164850570917,0.0,0.0,0.0,106.89,52.413387193500334,24.90865655266576,0.0,5.917906046161393,31.256391021773304,5.573104530069267,0.0,12.999757306524504,0.0,6.578935683598497,4.736862953800049,5.317035895376669,0.0,24.791221379755605,33.761758196334085,-1.4248146967120165,-3.416312830687832,0.0,1.9394373582766433,5.6150080309901735,0.0,0.6842105263157895,25.0,2.0,6.0,4.0,1.0,5.0,0.0,0.0,0.0,0.0,8.0,4.0,6.0,2.0,6.0,1.0,1.0,3.0,1.0,4.0,1.0,0.0,2.6049768537953333,5.0,-0.3076000000000001,82.54460000000002,1.0,2.0,1.0,0.0,0.0,0.0,0.0,0.0,1.0,1.0,2.0,2.0,0.0,0.0,0.0,0.0,0.0,0.0,0.0,0.0,0.0,0.0,0.0,0.0,0.0,0.0,1.0,0.0,0.0,0.0,0.0,0.0,0.0,0.0,0.0,0.0,6.0,0.0,0.0,0.0,1.0,1.0,0.0,0.0,0.0,0.0,0.0,0.0,0.0,0.0,0.0,0.0,0.0,0.0,0.0,0.0,0.0,0.0,0.0,0.0,0.0,0.0,0.0,0.0,0.0,0.0,0.0,0.0,0.0,0.0,0.0,0.0,0.0,0.0,0.0,0.0,0.0,0.0,0.0,0.0,0.0,0.0,0.0,0.0,0.0
O=C(NC1CC1)[C@H]1[C@@H]2[C@@](C(=O)[O-])(C)[C@@H](O)[C@H](O)C=C2[C@H]2[C@]31CC(=C)[C@@](O)(C3)CC2,63.0,Low,2.0,2-50,Table2,13.4906179138322,13.4906179138322,0.10256658373225824,-1.8023941798941792,0.4669208436587665,50.55172413793103,402.4670000000003,374.24300000000017,402.19221119591,158.0,0.0,0.22406611921261624,-0.549437594048525,0.549437594048525,0.22406611921261624,1.2758620689655173,1.9655172413793103,2.586206896551724,16.376860172962374,9.594926832098846,2.720725934059066,-2.479381243233876,2.7271059120304493,-2.6057869989073517,5.851071099705888,-0.32773673143081816,3.3670580649044384,1.6997186594752542,848.2405532797396,20.930356941388638,16.55758501052468,16.55758501052468,13.543018975457299,10.546518439244645,10.546518439244645,10.223565421993559,10.223565421993559,8.670183814397166,8.670183814397166,7.070409221585521,7.070409221585521,-1.6999999999999997,4391283.45766772,19.274604211536303,5.709487568212881,2.292812946145817,169.04451499062327,30.53743536744097,0.0,0.0,5.907179729351506,0.0,0.0,4.794537184071822,0.0,0.0,0.0,25.15179752019227,55.4309307831835,17.374737344706134,29.696194920593534,30.015183947506465,11.876485017303356,0.0,5.316788604006331,28.58369907727774,69.29949135287494,0.0,23.801164850570917,0.0,0.0,10.423315998847038,0.0,0.0,0.0,51.04689161745372,9.589074368143644,28.58369907727774,45.448666937246685,23.801164850570917,0.0,0.0,0.0,129.92000000000002,46.44408190554848,30.015183947506465,0.0,17.86692660466086,31.256391021773304,18.414747775921285,6.923737199690624,6.076020106833881,0.0,11.895724287604828,0.0,0.0,0.0,25.796043123267825,47.626476744247086,-2.0805619331065737,-3.3397250566893435,0.10256658373225824,2.346710207231041,5.465156997984378,0.0,0.7272727272727273,29.0,4.0,7.0,5.0,0.0,5.0,1.0,0.0,0.0,0.0,8.0,2.0,6.0,4.0,7.0,0.0,3.0,4.0,0.0,4.0,1.0,0.0,3.794762521654833,5.0,-0.5934999999999988,99.83610000000003,1.0,3.0,2.0,0.0,0.0,0.0,0.0,0.0,1.0,1.0,2.0,2.0,0.0,0.0,0.0,0.0,1.0,0.0,0.0,0.0,0.0,0.0,0.0,0.0,0.0,0.0,1.0,1.0,0.0,0.0,0.0,0.0,0.0,0.0,0.0,0.0,3.0,0.0,0.0,0.0,0.0,0.0,0.0,0.0,0.0,0.0,0.0,0.0,0.0,0.0,0.0,0.0,0.0,0.0,0.0,0.0,0.0,0.0,0.0,0.0,0.0,0.0,0.0,0.0,0.0,0.0,0.0,0.0,0.0,0.0,0.0,0.0,0.0,0.0,0.0,0.0,0.0,0.0,0.0,0.0,0.0,0.0,0.0,0.0,0.0
O=C(NCc1sccc1)[C@H]1[C@@H]2[C@@](C(=O)[O-])(C)[C@@H](O)[C@H](O)C=C2[C@H]2[C@]31CC(=C)[C@@](O)(C3)CC2,61.0,Low,13.0,2-51,Table2,13.740023620559334,13.740023620559334,0.17561316347526756,-1.8446749811035517,0.48657051522841555,44.5625,458.5560000000003,430.3320000000003,458.16428219590995,172.0,0.0,0.22414454057408761,-0.5494375940485243,0.5494375940485243,0.22414454057408761,1.375,2.125,2.78125,32.13347431127091,9.594997283812424,2.7193704538161714,-2.4791840902624194,2.7266720425017015,-2.604770870307799,7.094349464779761,-0.32773917577999256,3.388219173593143,1.6339545743289772,1019.6893914039841,23.05167728494828,17.913427058181245,18.729923639108968,15.043018975457299,11.043621711797579,11.923274523052472,10.237871043850475,11.27011622621223,8.763401635480852,9.639789000172463,7.249126812267674,7.89369107477384,-2.0,17993114.203832168,21.825259515570934,6.997845490920283,2.6967895362663494,190.0179193918348,30.53743536744097,0.0,0.0,5.907179729351506,0.0,0.0,4.794537184071822,0.0,0.0,11.336785877934737,31.21816458865388,54.035717376259015,16.210043709259473,36.24095132650611,30.015183947506465,23.21327089523809,0.0,5.316788604006331,28.58369907727774,56.96076368378753,0.0,46.19110895166134,0.0,0.0,10.423315998847038,0.0,0.0,11.336785877934737,45.00505078830576,16.133830774056218,28.58369907727774,37.48417088509596,41.313961757960044,0.0,0.0,0.0,129.92000000000002,46.44408190554848,30.015183947506465,0.0,11.8250857755129,43.37425195775515,4.877147193701299,18.26052307762536,6.076020106833881,17.512796907389134,11.895724287604828,0.0,0.0,1.5138149141339525,27.12840767714595,49.846836109367224,-2.260327656525571,-3.599708810993535,3.8058906145995794,0.3626049796130061,5.7858155059927245,0.0,0.5833333333333334,32.0,4.0,7.0,4.0,0.0,4.0,1.0,0.0,1.0,1.0,8.0,2.0,7.0,4.0,8.0,1.0,4.0,3.0,0.0,3.0,1.0,0.0,4.772806059037595,5.0,0.5057999999999994,114.83710000000004,1.0,3.0,2.0,0.0,0.0,0.0,0.0,0.0,1.0,1.0,2.0,2.0,0.0,0.0,0.0,0.0,1.0,0.0,0.0,0.0,0.0,0.0,0.0,0.0,0.0,0.0,1.0,1.0,0.0,0.0,0.0,0.0,0.0,0.0,0.0,0.0,3.0,0.0,0.0,0.0,0.0,0.0,0.0,0.0,0.0,0.0,0.0,0.0,0.0,0.0,0.0,0.0,0.0,0.0,0.0,0.0,0.0,0.0,0.0,0.0,0.0,0.0,0.0,0.0,0.0,0.0,0.0,0.0,0.0,0.0,0.0,0.0,0.0,0.0,0.0,0.0,0.0,0.0,0.0,0.0,0.0,0.0,1.0,0.0,0.0
O=C([O-])[C@H]1c2c(C)cccc2[C@@H]2[C@]31CC(=C)[C@@](O)(C3)CC2,56.0,Low,8.0,2-52,Table2,11.942645975056688,11.942645975056688,0.2035416666666663,-1.0074074074074064,0.799306309651484,40.0,283.34700000000004,264.19499999999994,283.13396804791006,110.0,0.0,0.08601103718161425,-0.5494740036537731,0.5494740036537731,0.08601103718161425,1.4761904761904763,2.238095238095238,2.9523809523809526,16.367066718653966,9.62958700525244,2.639973150347535,-2.4254062636134948,2.707039464910436,-2.4321328940403633,5.796800125804607,-0.3108535563871579,2.787762906294566,1.9770615810376515,677.0410539190319,14.991199352633217,12.185995428308553,12.185995428308553,9.889299871438157,7.598816331067707,7.598816331067707,7.14297693305491,7.14297693305491,6.19533240778309,6.19533240778309,5.387999898403193,5.387999898403193,-1.6099999999999999,76919.95411047967,13.080763099474359,3.773502734205184,1.4005963358011364,123.85360160392014,15.007591973753234,0.0,0.0,0.0,0.0,0.0,0.0,0.0,0.0,0.0,24.77803688898333,66.20337921211309,11.887211334113243,5.601050810983688,15.007591973753234,5.969305287951849,0.0,0.0,5.41499046939678,50.04388659470115,0.0,47.04149589414358,0.0,0.0,5.106527394840706,0.0,0.0,0.0,16.676883493776245,4.794537184071822,12.338727669087405,54.20945305911782,30.3511414190526,0.0,0.0,0.0,60.36,22.90325261449371,15.007591973753234,0.0,5.917906046161393,19.26246486877803,28.684280628086267,0.0,0.0,19.056471336613843,12.645302752060108,0.0,0.0,0.0,11.942645975056688,22.709698601662886,2.604601284958429,-1.4244444444444444,6.0336928382464095,2.6233659297052148,6.010439814814815,0.0,0.5,21.0,1.0,3.0,3.0,0.0,3.0,0.0,1.0,0.0,1.0,4.0,2.0,3.0,1.0,3.0,0.0,1.0,2.0,0.0,2.0,1.0,0.0,2.350490253397941,4.0,1.7870199999999996,76.65880000000003,1.0,1.0,0.0,0.0,0.0,0.0,0.0,0.0,1.0,1.0,1.0,1.0,0.0,0.0,0.0,0.0,0.0,0.0,0.0,0.0,0.0,0.0,0.0,0.0,0.0,0.0,0.0,0.0,0.0,0.0,1.0,0.0,0.0,0.0,1.0,0.0,3.0,0.0,0.0,0.0,0.0,0.0,0.0,0.0,0.0,0.0,0.0,0.0,0.0,0.0,0.0,0.0,0.0,0.0,0.0,0.0,0.0,0.0,0.0,0.0,0.0,0.0,0.0,0.0,0.0,0.0,0.0,0.0,0.0,0.0,0.0,0.0,0.0,0.0,0.0,0.0,0.0,0.0,0.0,0.0,0.0,0.0,0.0,0.0,0.0
O=C(NCCc1cc2OCOc2cc1)[C@H]1[C@@H]2[C@@](C(=O)[O-])(C)[C@@H](O)[C@H](O)C=C2[C@H]2[C@]31CC(=C)[C@@](O)(C3)CC2,56.0,Low,2.0,2-53,Table2,13.972942859242464,13.972942859242464,0.17369238654481167,-1.878017049163558,0.4112536999457013,41.13513513513514,510.5630000000004,478.30700000000036,510.2133405639099,198.0,0.0,0.23080035698708395,-0.5494375940485341,0.5494375940485341,0.23080035698708395,1.2432432432432432,2.0,2.7567567567567566,16.69683026903619,9.5949587805611,2.719473301327507,-2.479291270521834,2.7267960220278393,-2.605505616104155,5.847638397140987,-0.32773928653378487,3.4733231314585313,1.3379124614222628,1226.5340433174324,26.327698166887174,20.735888911018197,20.735888911018197,17.509345470646082,12.872085936274722,12.872085936274722,11.669344518520589,11.669344518520589,9.89633696493269,9.89633696493269,8.088224281427529,8.088224281427529,-2.88,251740628.85857663,24.456369453122058,8.057728268809347,3.264727353739542,214.32869965570103,40.01116127504107,0.0,11.49902366656781,12.700122035451333,0.0,0.0,4.794537184071822,0.0,0.0,0.0,31.21816458865388,66.7062947888777,17.877652921470748,29.696194920593534,39.488909855106556,11.876485017303356,0.0,5.316788604006331,28.58369907727774,56.83682890080097,13.337698712012402,47.563717547652736,0.0,11.49902366656781,19.897041906447136,0.0,11.49902366656781,0.0,58.342749500318156,16.00989599106965,28.58369907727774,38.17047518309165,42.00026605595574,0.0,0.0,0.0,148.38,46.44408190554848,30.015183947506465,0.0,18.618028081612728,61.29409724724897,5.563451491696996,12.999757306524504,0.0,18.19910120538483,11.895724287604828,9.473725907600098,10.776178328903832,0.0,26.513786500058167,48.36504753307112,-1.4477460585261617,-2.418052533439231,5.594291543017227,0.7388889853708539,5.960939034877526,0.0,0.5714285714285714,37.0,4.0,9.0,4.0,1.0,5.0,1.0,1.0,0.0,1.0,8.0,2.0,8.0,4.0,9.0,1.0,5.0,3.0,0.0,3.0,1.0,0.0,5.3260210674288375,6.0,0.2154999999999998,127.95010000000005,1.0,3.0,2.0,0.0,0.0,0.0,0.0,0.0,1.0,1.0,2.0,2.0,0.0,0.0,0.0,0.0,1.0,0.0,0.0,0.0,0.0,0.0,0.0,0.0,0.0,0.0,1.0,1.0,0.0,0.0,0.0,0.0,0.0,0.0,1.0,0.0,4.0,0.0,0.0,0.0,0.0,2.0,0.0,0.0,0.0,0.0,0.0,0.0,0.0,0.0,0.0,0.0,0.0,0.0,0.0,0.0,0.0,0.0,0.0,0.0,0.0,0.0,0.0,0.0,0.0,0.0,0.0,0.0,0.0,0.0,0.0,0.0,0.0,0.0,0.0,0.0,0.0,0.0,0.0,0.0,0.0,0.0,0.0,0.0,0.0
O=C([O-])[C@H]1[C@@H]2[C@@](C(=O)[O-])(C)[C@@H](O)[C@H](O)C=C2[C@H]2[C@]31CC(=C)[C@@](O)(C3)CC2,55.0,Low,3.0,2-54,Table2,12.19645124716553,12.19645124716553,0.17192932728647037,-1.9698752834467115,0.47687426422336315,52.23076923076923,362.37800000000027,340.2020000000001,362.13765020382,142.0,0.0,0.09916513672060612,-0.5498182627794943,0.5498182627794943,0.09916513672060612,1.3076923076923077,1.9615384615384615,2.5384615384615383,16.379823124938397,9.598417056345104,2.7060961744194354,-2.4868050458356565,2.7246961337167956,-2.6074148019394805,5.796657867423562,-0.3324629312629685,2.920097897035835,1.9622646139176045,756.9865958228268,19.23168632863937,14.474269469425824,14.474269469425824,11.98737608279147,8.895470868954037,8.895470868954037,8.759738984065569,8.759738984065569,7.717915331404219,7.717915331404219,6.51010800165789,6.51010800165789,-1.6999999999999997,579575.1904078785,17.70079700519261,4.9667395376550125,1.784325645624673,150.19989136955067,35.12171134234717,0.0,0.0,0.0,0.0,0.0,0.0,0.0,0.0,0.0,25.15179752019227,42.58928753733147,23.220107849671418,23.778288874432143,35.12171134234717,11.938610575903699,0.0,0.0,28.58369907727774,50.41600727787497,0.0,23.801164850570917,0.0,0.0,10.213054789681411,0.0,0.0,0.0,45.0671763469061,9.589074368143644,28.58369907727774,32.60702369139466,23.801164850570917,0.0,0.0,0.0,140.95,52.413387193500334,35.12171134234717,0.0,18.75954929201341,23.987852305990554,0.0,12.999757306524504,0.0,0.0,6.578935683598497,0.0,0.0,0.0,24.18569558610481,55.7024219340514,-2.9606306689342388,-5.591461167800454,0.0,-0.40870346749811026,5.156011117409927,0.0,0.6842105263157895,26.0,3.0,7.0,4.0,0.0,4.0,0.0,0.0,0.0,0.0,8.0,2.0,7.0,3.0,7.0,0.0,2.0,3.0,0.0,3.0,1.0,0.0,3.3813557051421372,4.0,-2.1221999999999976,83.67840000000001,2.0,3.0,2.0,0.0,0.0,0.0,0.0,0.0,2.0,2.0,2.0,2.0,0.0,0.0,0.0,0.0,0.0,0.0,0.0,0.0,0.0,0.0,0.0,0.0,0.0,0.0,1.0,0.0,0.0,0.0,0.0,0.0,0.0,0.0,0.0,0.0,3.0,0.0,0.0,0.0,0.0,0.0,0.0,0.0,0.0,0.0,0.0,0.0,0.0,0.0,0.0,0.0,0.0,0.0,0.0,0.0,0.0,0.0,0.0,0.0,0.0,0.0,0.0,0.0,0.0,0.0,0.0,0.0,0.0,0.0,0.0,0.0,0.0,0.0,0.0,0.0,0.0,0.0,0.0,0.0,0.0,0.0,0.0,0.0,0.0
O=C([O-])[C@@H](NC(=O)CC[C@@]1(C)C(=O)CC[C@@H]2[C@@H]1C(=O)C[C@]1(C)C(=O)CC[C@@H]21)CC(=O)[O-],45.0,Low,1.0,2-56,Table2,13.152960538656336,13.152960538656336,0.03476497543461843,-1.7451731478161994,0.5182076703640072,35.806451612903224,433.4570000000003,406.2410000000002,433.17476398381996,170.0,0.0,0.22006057767807394,-0.5500748976964397,0.5500748976964397,0.22006057767807394,1.064516129032258,1.7096774193548387,2.3225806451612905,16.375338343362788,9.484687169779578,2.62265960393845,-2.525037674704352,2.599720515815677,-2.565505771284188,5.991758559417787,-0.31701552061330734,2.9607915794690567,1.7540750063545685,850.44896504736,23.137463722575188,17.73224164996179,17.73224164996179,14.396425711054771,10.69265410704069,10.69265410704069,9.665012894264871,9.665012894264871,7.861164514260136,7.861164514260136,6.203712705098627,6.203712705098627,-2.5800000000000005,4678210.578306401,23.090883761461818,8.16363364345537,4.016250571559213,179.49300425783332,25.118917761831383,17.34973483909482,0.0,5.907179729351506,0.0,0.0,19.178148736287287,0.0,0.0,0.0,13.847474399381248,31.098276961100815,54.82130038753686,12.011146117099809,38.98027789411234,35.19552514435002,0.0,5.316788604006331,28.583699077277743,71.2558882119373,0.0,0.0,0.0,0.0,15.529843393687743,0.0,0.0,0.0,41.23736597349798,28.76722310443093,28.583699077277743,65.21404738278933,0.0,0.0,0.0,0.0,160.56999999999996,47.056339742284116,38.98027789411234,0.0,54.868833423121636,19.26246486877803,0.0,0.0,6.923737199690624,6.923737199690624,5.316788604006331,0.0,0.0,0.0,72.50996027018417,23.79911675438258,-1.764751549572145,-4.912578941510773,-1.7345986476546529,0.9144656776319895,3.521719769872173,0.0,0.7272727272727273,31.0,1.0,9.0,3.0,0.0,3.0,1.0,0.0,0.0,0.0,6.0,0.0,8.0,1.0,9.0,0.0,7.0,3.0,0.0,3.0,0.0,0.0,6.080823081683451,3.0,-1.2988999999999984,100.58570000000006,2.0,0.0,0.0,0.0,0.0,0.0,0.0,0.0,2.0,2.0,6.0,6.0,0.0,0.0,0.0,0.0,1.0,0.0,0.0,0.0,0.0,0.0,0.0,0.0,0.0,0.0,0.0,1.0,0.0,0.0,0.0,0.0,0.0,0.0,0.0,0.0,3.0,0.0,0.0,0.0,0.0,0.0,0.0,0.0,0.0,0.0,0.0,0.0,0.0,0.0,0.0,3.0,3.0,0.0,0.0,0.0,0.0,0.0,0.0,0.0,0.0,0.0,0.0,0.0,0.0,0.0,0.0,0.0,0.0,0.0,0.0,0.0,0.0,0.0,0.0,0.0,0.0,0.0,0.0,0.0,0.0,0.0,0.0,0.0,0.0
O=C([O-])[C@@]1(C)[C@H]2[C@@](C)([C@@H]3C(C=C(C(C)C)CC3)=CC2)CCC1,34.0,Low,5.0,2-57,Table2,11.830907703391018,11.830907703391018,0.12119331065759664,-0.8384296527252875,0.7764641608629207,41.31818181818182,301.4500000000001,272.21799999999996,301.21730374791,122.0,0.0,0.047606401680498414,-0.5495569108192813,0.5495569108192813,0.047606401680498414,1.3181818181818181,2.0454545454545454,2.6818181818181817,16.368066387166447,9.466280713738296,2.5422856864168506,-2.58379469080257,2.613671790816276,-2.559501891004346,5.726395113659043,-0.3255362832371554,2.459138721643191,1.9987472404856337,541.9104984355639,16.12095586463014,14.445888613995145,14.445888613995145,10.287364805774146,8.90775494877303,8.90775494877303,8.521922737638018,8.521922737638018,7.04601888681874,7.04601888681874,5.588916793478432,5.588916793478432,-1.05,80295.79753909347,15.830857789738989,5.24725829990057,2.1777408177222792,134.23220752864867,9.901064578912528,0.0,0.0,0.0,0.0,0.0,0.0,0.0,0.0,0.0,51.84091516542553,60.84592125258028,11.384295757348628,0.0,9.901064578912528,5.969305287951849,0.0,0.0,28.583699077277736,66.21987853631857,0.0,23.2982492738063,0.0,0.0,5.106527394840706,0.0,0.0,0.0,5.969305287951849,4.794537184071822,28.583699077277736,66.21987853631857,23.2982492738063,0.0,0.0,0.0,40.129999999999995,11.384295757348628,9.901064578912528,0.0,11.332896515558172,11.835812092322787,25.683286491704038,18.414747775921285,5.573104530069267,6.923737199690624,32.923251812739636,0.0,0.0,0.0,11.830907703391018,11.830907703391018,2.5065455850550107,0.5379090949651458,0.0,10.967316809439826,8.82641310375798,0.0,0.75,22.0,0.0,2.0,3.0,0.0,3.0,0.0,0.0,0.0,0.0,4.0,0.0,2.0,0.0,2.0,0.0,2.0,1.0,0.0,1.0,0.0,0.0,3.775845451443341,3.0,3.871500000000003,86.90700000000005,1.0,0.0,0.0,0.0,0.0,0.0,0.0,0.0,1.0,1.0,1.0,1.0,0.0,0.0,0.0,0.0,0.0,0.0,0.0,0.0,0.0,0.0,0.0,0.0,0.0,0.0,4.0,0.0,0.0,0.0,0.0,0.0,0.0,0.0,0.0,0.0,3.0,0.0,0.0,0.0,0.0,0.0,0.0,0.0,0.0,0.0,0.0,0.0,0.0,0.0,0.0,0.0,0.0,0.0,0.0,0.0,0.0,0.0,0.0,0.0,0.0,0.0,0.0,0.0,0.0,0.0,0.0,0.0,0.0,0.0,0.0,0.0,0.0,0.0,0.0,0.0,0.0,0.0,0.0,0.0,0.0,0.0,0.0,0.0,0.0
O=C(NCc1c(OC)cc(OC)cc1)[C@H]1[C@@H]2[C@@](C(=O)[O-])(C)[C@@H](O)[C@H](O)C=C2[C@H]2[C@]31CC(=C)[C@@](O)(C3)CC2,17.0,Low,0.0,2-58,Table2,14.070750031494079,14.070750031494079,0.11849584278155723,-1.905318633536977,0.40202233824397476,39.891891891891895,512.5790000000004,478.30700000000036,512.22899062791,200.0,0.0,0.224119838832692,-0.5494375940485244,0.5494375940485244,0.224119838832692,1.2432432432432432,1.972972972972973,2.6216216216216215,16.47628044081782,9.594935573212206,2.719594899002983,-2.479297216856934,2.726936014864479,-2.604828512380513,5.848230292550311,-0.3277409171394533,3.250889680076711,1.5709988708060327,1194.622273454803,26.91348460451408,21.321675348645105,21.321675348645105,17.423559033019178,12.611232248012824,12.611232248012824,11.336284847135015,11.336284847135015,9.693762814279921,9.693762814279921,7.8419750470023315,7.8419750470023315,-2.88,160812413.23318034,25.756324898784307,8.576447252381847,3.471698329647241,215.33453080923024,40.01116127504107,11.49902366656781,0.0,5.907179729351506,0.0,0.0,4.794537184071822,0.0,0.0,0.0,25.15179752019227,54.722021674254705,29.507471481629356,43.915790003148594,39.488909855106556,11.876485017303356,0.0,5.316788604006331,28.58369907727774,56.96076368378753,14.219595082555067,47.563717547652736,0.0,11.49902366656781,19.897041906447136,0.0,11.49902366656781,0.0,59.22464587086082,16.133830774056218,28.58369907727774,38.17047518309165,42.00026605595574,0.0,0.0,0.0,148.38,46.44408190554848,30.015183947506465,0.0,24.790663804351485,47.471149087181374,0.0,20.109554847802038,25.30889874666236,0.0,11.895724287604828,9.473725907600098,10.692573465217679,0.0,26.63649533030612,48.40210928017335,-1.8147910144692676,-2.8034471796902256,5.242130576512565,0.08404343631515843,5.582185087995146,3.0620343509728083,0.5714285714285714,37.0,4.0,9.0,4.0,0.0,4.0,1.0,1.0,0.0,1.0,8.0,2.0,8.0,4.0,9.0,0.0,6.0,3.0,0.0,3.0,1.0,0.0,5.970209781341427,5.0,0.46150000000000074,130.06410000000002,1.0,3.0,2.0,0.0,0.0,0.0,0.0,0.0,1.0,1.0,2.0,2.0,0.0,0.0,0.0,0.0,1.0,0.0,0.0,0.0,0.0,0.0,0.0,0.0,0.0,0.0,1.0,1.0,0.0,0.0,0.0,0.0,0.0,0.0,1.0,0.0,3.0,0.0,0.0,0.0,0.0,2.0,0.0,0.0,0.0,0.0,0.0,0.0,0.0,0.0,0.0,0.0,0.0,0.0,0.0,2.0,0.0,0.0,0.0,0.0,0.0,0.0,0.0,0.0,0.0,0.0,0.0,0.0,0.0,0.0,0.0,0.0,0.0,0.0,0.0,0.0,0.0,0.0,0.0,0.0,0.0,0.0,0.0,0.0,0.0
O=C(NCCCCO)[C@H]1[C@@H]2[C@@](C(=O)[O-])(C)[C@@H](O)[C@H](O)C=C2[C@H]2[C@]31CC(=C)[C@@](O)(C3)CC2,17.0,Low,1.0,2-59,Table2,13.540848922902494,13.540848922902494,0.01439846276358736,-1.8564144384605687,0.2662009120240828,45.645161290322584,434.50900000000036,402.2530000000002,434.21842594390995,172.0,0.0,0.22385158217684553,-0.5494375940485341,0.5494375940485341,0.22385158217684553,1.3225806451612903,2.032258064516129,2.6774193548387095,16.376938623491665,9.59497057943,2.7191759433330147,-2.4792875245813986,2.726443465553129,-2.605320330985237,5.846969461935363,-0.32773852465484343,3.0881636107930768,1.8215716591889208,839.7816225883247,22.767220234572104,17.841661899208106,17.841661899208106,14.525380885252256,11.111127880332216,11.111127880332216,10.162444434681014,10.162444434681014,8.630571936113123,8.630571936113123,7.11012283621141,7.11012283621141,-1.7399999999999998,7094898.399452943,22.453803139325597,7.403235016115617,2.9512633528691503,181.20952201074513,35.643962762281674,0.0,0.0,5.907179729351506,0.0,0.0,4.794537184071822,0.0,0.0,0.0,25.15179752019227,55.4309307831835,24.484534885983667,29.696194920593534,35.12171134234717,11.876485017303356,0.0,5.316788604006331,28.58369907727774,63.25765052372698,13.151638370425493,23.801164850570917,0.0,0.0,10.423315998847038,0.0,0.0,0.0,63.26321655357195,9.589074368143644,28.58369907727774,45.448666937246685,23.801164850570917,0.0,0.0,0.0,150.15,46.44408190554848,30.015183947506465,0.0,18.43196774002582,56.215895203607175,0.0,12.999757306524504,0.0,0.0,11.895724287604828,5.106527394840706,0.0,0.0,25.883167721002543,56.58162460309218,-2.3310888718881575,-3.6868033446798796,0.0,1.3703730742628655,5.766060151543782,0.0,0.7391304347826086,31.0,5.0,8.0,4.0,0.0,4.0,1.0,0.0,0.0,0.0,8.0,2.0,7.0,5.0,8.0,0.0,6.0,3.0,0.0,3.0,1.0,0.0,5.362283278903936,4.0,-0.983399999999998,108.00090000000003,1.0,4.0,3.0,0.0,0.0,0.0,0.0,0.0,1.0,1.0,2.0,2.0,0.0,0.0,0.0,0.0,1.0,0.0,0.0,0.0,0.0,0.0,0.0,0.0,0.0,0.0,1.0,1.0,0.0,0.0,0.0,0.0,0.0,0.0,0.0,0.0,3.0,0.0,0.0,0.0,0.0,0.0,0.0,0.0,0.0,0.0,0.0,0.0,0.0,0.0,0.0,0.0,0.0,0.0,0.0,0.0,0.0,0.0,0.0,0.0,0.0,0.0,0.0,0.0,0.0,0.0,0.0,0.0,0.0,0.0,0.0,0.0,0.0,0.0,0.0,0.0,0.0,0.0,0.0,0.0,0.0,0.0,0.0,1.0,0.0
O=C([O-])CCNC(=O)CC[C@@]1(C)C(=O)CC[C@@H]2[C@@H]1C(=O)C[C@]1(C)C(=O)CC[C@@H]21,17.0,Low,1.0,2-60,Table2,13.09756959215428,13.09756959215428,0.011631944444444597,-1.2365518676237641,0.7082839654204505,37.357142857142854,390.4560000000002,362.23200000000014,390.19221119591,154.0,0.0,0.21954087105171588,-0.550100526727081,0.550100526727081,0.21954087105171588,1.0714285714285714,1.75,2.4285714285714284,16.365376827528774,9.484701587882627,2.6223484690553702,-2.524909619506664,2.599575255121925,-2.5630753286268173,5.990670438686994,-0.30499311316946187,2.9036969157539976,1.739123119690279,730.407452117604,20.689869965382485,16.545501581030987,16.545501581030987,13.091895258414459,10.152360647516613,10.152360647516613,9.121706425542051,9.121706425542051,7.521930340398233,7.521930340398233,5.969627855090856,5.969627855090856,-2.0500000000000003,1347483.7833309686,20.678300280657066,7.409072195236855,3.3956543610498517,164.17230629119695,15.217853182918859,17.34973483909482,0.0,5.907179729351506,0.0,0.0,19.178148736287287,0.0,0.0,0.0,13.847474399381248,31.098276961100815,61.36605679344942,0.0,29.079213315199812,29.22621985639817,0.0,5.316788604006331,28.583699077277743,65.21404738278933,6.544756405912575,0.0,0.0,0.0,10.423315998847038,0.0,0.0,0.0,35.77097626231075,23.97268592035911,28.583699077277743,65.21404738278933,0.0,0.0,0.0,0.0,120.43999999999997,22.717192272906804,29.079213315199812,0.0,67.32076955838572,19.26246486877803,6.4208216229260096,0.0,6.923737199690624,6.923737199690624,5.316788604006331,0.0,0.0,0.0,60.86432461348931,12.962026165808114,-1.4995523072259873,-1.7055134615269616,0.0,2.534533966262931,3.677514356525935,0.0,0.7619047619047619,28.0,1.0,7.0,3.0,0.0,3.0,1.0,0.0,0.0,0.0,5.0,0.0,6.0,1.0,7.0,0.0,6.0,3.0,0.0,3.0,0.0,0.0,5.4716792733633834,3.0,0.5825999999999991,96.65770000000003,1.0,0.0,0.0,0.0,0.0,0.0,0.0,0.0,1.0,1.0,5.0,5.0,0.0,0.0,0.0,0.0,1.0,0.0,0.0,0.0,0.0,0.0,0.0,0.0,0.0,0.0,0.0,1.0,0.0,0.0,0.0,0.0,0.0,0.0,0.0,0.0,3.0,0.0,0.0,0.0,0.0,0.0,0.0,0.0,0.0,0.0,0.0,0.0,0.0,0.0,0.0,3.0,3.0,0.0,0.0,0.0,0.0,0.0,0.0,0.0,0.0,0.0,0.0,0.0,0.0,0.0,0.0,0.0,0.0,0.0,0.0,0.0,0.0,0.0,0.0,0.0,0.0,0.0,0.0,0.0,0.0,0.0,0.0,0.0,0.0
O=C([O-])[C@H]1[C@@H]2[C@@]3(C)[C@@H](O)C=C[C@@]2(OC3=O)[C@H]2[C@]31CC(=C)[C@@](O)(C3)CC2,15.0,Low,10.0,2-61,Table2,12.666941098198539,12.666941098198539,0.2204166666666676,-1.3118891723356003,0.498778354795283,58.04,345.37100000000015,324.2030000000001,345.13436197191,134.0,0.0,0.31564461813219735,-0.5498277781129612,0.5498277781129612,0.31564461813219735,1.48,2.2,2.88,16.567966165856912,9.60737802116261,2.8181571615402894,-2.4491935598251113,2.7677495394399614,-2.5274906292574797,5.857906838890401,-0.3179611564554645,2.9469042758241732,1.7841261782741376,771.8760069846132,17.991199352633213,14.027055873925864,14.027055873925864,11.617132594788393,8.841396124438807,8.841396124438807,8.917212050274836,8.917212050274836,8.108919091527898,8.108919091527898,7.114366223757131,7.114366223757131,-1.6600000000000001,508594.42134739074,15.583685278823818,4.014630470685709,1.3632118123229282,144.7191379411363,24.85098232239399,11.016041280380467,0.0,0.0,0.0,5.969305287951849,4.794537184071822,0.0,0.0,0.0,12.654955790432378,49.671138797694596,23.72302342643603,11.70501719873199,29.64551950646581,11.938610575903699,0.0,0.0,28.58369907727774,49.913091701110346,0.0,24.304080427335528,0.0,0.0,5.106527394840706,0.0,0.0,0.0,39.45773337530078,14.325937321943691,28.58369907727774,32.60702369139466,24.304080427335528,0.0,0.0,0.0,106.89,51.91047161673572,24.90865655266576,0.0,5.917906046161393,31.256391021773304,0.0,0.0,19.075777413358384,0.0,6.578935683598497,4.736862953800049,5.8455494142101285,0.0,24.94805079207609,33.69826928224994,-3.492297571806499,-3.672283635676493,0.0,3.9095358560090707,5.596509196271101,0.0,0.6842105263157895,25.0,2.0,6.0,4.0,1.0,5.0,0.0,0.0,0.0,0.0,8.0,4.0,6.0,2.0,6.0,1.0,1.0,3.0,1.0,4.0,1.0,0.0,2.5025095106376973,5.0,-0.3076000000000001,82.54460000000002,1.0,2.0,1.0,0.0,0.0,0.0,0.0,0.0,1.0,1.0,2.0,2.0,0.0,0.0,0.0,0.0,0.0,0.0,0.0,0.0,0.0,0.0,0.0,0.0,0.0,0.0,0.0,0.0,0.0,0.0,0.0,0.0,0.0,0.0,0.0,0.0,1.0,0.0,0.0,0.0,1.0,1.0,0.0,0.0,0.0,0.0,0.0,0.0,0.0,0.0,0.0,0.0,0.0,0.0,0.0,0.0,0.0,0.0,0.0,0.0,0.0,0.0,0.0,0.0,0.0,0.0,0.0,0.0,0.0,0.0,0.0,0.0,0.0,0.0,0.0,0.0,0.0,0.0,0.0,0.0,0.0,0.0,0.0,0.0,0.0
O(CC=C)[C@H]1[C@H]2OC[C@@H](OCC=C)[C@H]2OC1,139.0,Low,10.0,2-62,Table2,5.652630385487528,5.652630385487528,0.0003065948601661539,-0.0048469387755105675,0.6312410796704242,37.25,226.27199999999993,208.12799999999996,226.120509056,90.0,0.0,0.11477530192091648,-0.36978775948988013,0.36978775948988013,0.11477530192091648,0.9375,1.375,1.75,16.64149523338111,10.107303672799048,2.481486789451061,-2.1589446796409084,2.2986630745597547,-2.33685428569908,4.960254937750325,-0.04016823391449249,2.8558182135134667,1.8463147959542405,227.40331533468296,11.380468888623982,9.339735464112493,9.339735464112493,7.863703305156274,5.546999322744494,5.546999322744494,3.9168182170347996,3.9168182170347996,2.8188508976691544,2.8188508976691544,2.098206037375822,2.098206037375822,-0.68,7702.141721845819,11.79517781622453,5.589552851395162,2.351785500912917,95.81692683279277,18.947451815200196,24.41586555099321,0.0,0.0,0.0,0.0,0.0,0.0,0.0,13.157871367196995,12.152040213667762,0.0,0.0,26.427527858051672,18.947451815200196,0.0,0.0,0.0,0.0,24.41586555099321,26.427527858051672,25.309911580864757,0.0,0.0,0.0,0.0,0.0,0.0,50.84339340904488,18.947451815200196,0.0,0.0,25.309911580864757,0.0,0.0,0.0,36.92,0.0,0.0,0.0,24.41586555099321,26.427527858051672,0.0,0.0,12.152040213667762,0.0,13.157871367196995,18.947451815200196,22.45537336230789,0.0,0.0,0.0,0.0,0.0,0.0,3.4511838168845737,9.426776154140873,0.0,0.6666666666666666,16.0,0.0,4.0,0.0,2.0,2.0,0.0,0.0,0.0,0.0,4.0,0.0,4.0,0.0,4.0,2.0,6.0,0.0,2.0,2.0,0.0,0.0,4.120610612211924,2.0,0.9263999999999999,59.35400000000004,0.0,0.0,0.0,0.0,0.0,0.0,0.0,0.0,0.0,0.0,0.0,0.0,0.0,0.0,0.0,0.0,0.0,0.0,0.0,0.0,0.0,0.0,0.0,0.0,0.0,0.0,0.0,0.0,0.0,0.0,0.0,0.0,0.0,0.0,0.0,0.0,1.0,0.0,0.0,0.0,0.0,4.0,0.0,0.0,0.0,0.0,0.0,0.0,0.0,0.0,0.0,0.0,0.0,0.0,0.0,0.0,0.0,0.0,0.0,0.0,0.0,0.0,0.0,0.0,0.0,0.0,0.0,0.0,0.0,0.0,0.0,0.0,0.0,0.0,0.0,0.0,0.0,0.0,0.0,0.0,0.0,0.0,0.0,0.0,0.0
O=C(OC)[C@@H](NC(=O)CC[C@@]1(C)C(=O)CC[C@@H]2[C@@H]1C(=O)C[C@]1(C)C(=O)CC[C@@H]21)Cc1[nH]cnc1,118.0,Low,16.0,2-63,Table2,13.335835040805314,13.335835040805314,0.004448500716989656,-0.9499550815696645,0.5803051298124764,33.73529411764706,471.55400000000026,438.29000000000025,471.23693577600005,184.0,0.0,0.32826717591415544,-0.4674760228633221,0.4674760228633221,0.32826717591415544,1.2058823529411764,1.9411764705882353,2.6176470588235294,16.525189535989966,9.484686414313611,2.622927849892365,-2.52498656354116,2.5998666829549575,-2.564165004628272,5.991600285637903,-0.15985800115392534,3.411403261705208,1.4684152624076785,1004.2992534900644,24.672997628507918,20.017659202913272,20.017659202913272,16.09622655606403,12.03640215572464,12.03640215572464,10.57397463493918,10.57397463493918,8.670448656178676,8.670448656178676,6.795535504699469,6.795535504699469,-2.8400000000000003,40436836.58720089,24.289825754542615,9.074786826939247,4.09335374511314,198.34246249092922,15.037630078753587,23.391575668242776,0.0,5.907179729351506,0.0,5.969305287951849,19.178148736287287,9.77851570501903,0.0,0.0,13.847474399381248,31.098276961100815,60.74276666604655,13.437117616042075,28.709548874159154,29.22621985639817,0.0,15.284745645900749,28.583699077277743,71.2558882119373,7.109797541277533,18.218091641226078,0.0,0.0,5.316788604006331,0.0,0.0,0.0,52.345815268718084,35.13037049708517,28.583699077277743,64.48715375471178,12.524163646377618,0.0,0.0,0.0,135.28999999999996,28.75903310205476,23.97268592035911,0.0,60.77601315247314,24.95639286362649,6.4208216229260096,13.437117616042075,13.1205807713037,6.923737199690624,15.284745645900749,4.736862953800049,4.822073266187953,0.0,70.86255659735826,2.707568042827783,-0.8878582169867435,-1.1747189146771677,-0.8869597587657656,5.917791805967015,3.716400186087721,1.2564803253342838,0.68,34.0,2.0,9.0,3.0,0.0,3.0,1.0,0.0,1.0,1.0,6.0,0.0,7.0,2.0,9.0,1.0,7.0,3.0,0.0,3.0,0.0,0.0,6.483087964293324,4.0,1.949999999999999,120.26240000000004,0.0,0.0,0.0,0.0,0.0,2.0,1.0,0.0,0.0,0.0,5.0,5.0,0.0,0.0,0.0,1.0,2.0,0.0,0.0,0.0,0.0,1.0,0.0,0.0,0.0,0.0,0.0,1.0,0.0,0.0,0.0,0.0,0.0,0.0,0.0,0.0,3.0,0.0,0.0,0.0,1.0,1.0,0.0,0.0,0.0,0.0,0.0,1.0,0.0,0.0,0.0,3.0,3.0,0.0,0.0,1.0,0.0,0.0,0.0,0.0,0.0,0.0,0.0,0.0,0.0,0.0,0.0,0.0,0.0,0.0,0.0,0.0,0.0,0.0,0.0,0.0,0.0,0.0,0.0,0.0,0.0,0.0,0.0,0.0,0.0
O=C(NCC#N)[C@H]1[C@@H]2[C@@]3(C)[C@@H](O)[C@H](OC3=O)C=C2[C@H]2[C@]31CC(=C)[C@@](O)(C3)CC2,97.0,Low,12.0,2-64,Table2,13.303782596371882,13.303782596371882,0.026560846560846008,-1.2107847930838997,0.3639978172128626,50.357142857142854,384.4320000000003,360.2400000000001,384.16852186799997,148.0,0.0,0.31542959339127513,-0.4547949396022873,0.4547949396022873,0.31542959339127513,1.5357142857142858,2.2857142857142856,3.0,16.56576759292658,9.603698294450586,2.7500424294590564,-2.422804476352709,2.735486255188819,-2.5206115915482523,5.874527892199683,-0.1513134816595937,3.083303270455874,1.6977241271115204,889.7170566681881,20.06011345338556,15.773127960148507,15.773127960148507,13.18717692780073,9.849563673306987,9.849563673306987,9.408495694223237,9.408495694223237,8.312450458246216,8.312450458246216,7.116419824539887,7.116419824539887,-2.17,2500309.2047748067,17.896633259495168,5.2488285445721505,1.8103416474695857,162.59723028281024,20.26670634748779,24.167679650805958,0.0,5.907179729351506,0.0,5.969305287951849,9.589074368143644,0.0,5.261891554738487,0.0,12.152040213667764,55.58904484385599,5.917906046161393,17.588178169937358,24.538992111625106,11.876485017303356,5.261891554738487,5.316788604006331,28.58369907727774,50.41600727787497,6.544756405912575,23.801164850570917,0.0,6.069221312792274,5.316788604006331,0.0,0.0,0.0,46.44327979937763,14.325937321943691,39.9148119448085,32.60702369139466,23.801164850570917,0.0,0.0,0.0,119.65000000000002,46.44408190554848,19.802129157825057,0.0,18.369842181425476,25.683286491704038,11.146209060138535,0.0,6.923737199690624,12.145241419626155,11.895724287604828,9.998754508538536,5.427468309082893,0.0,26.086078947782816,33.52918876501218,-1.0083772806962281,-1.8974593463928795,1.929329714138742,2.358234310699588,5.658869913706223,0.0,0.6666666666666666,28.0,3.0,7.0,4.0,1.0,5.0,1.0,0.0,0.0,0.0,8.0,4.0,6.0,3.0,7.0,1.0,2.0,3.0,1.0,4.0,1.0,0.0,3.3548699822920556,5.0,0.5822799999999988,96.16030000000003,0.0,2.0,1.0,0.0,0.0,0.0,0.0,0.0,0.0,0.0,2.0,2.0,0.0,0.0,0.0,1.0,1.0,0.0,0.0,0.0,0.0,0.0,0.0,0.0,0.0,0.0,1.0,1.0,0.0,0.0,0.0,0.0,0.0,0.0,0.0,0.0,6.0,0.0,0.0,0.0,1.0,1.0,0.0,0.0,0.0,0.0,0.0,0.0,0.0,0.0,0.0,0.0,0.0,0.0,0.0,0.0,0.0,1.0,0.0,0.0,0.0,0.0,0.0,0.0,0.0,0.0,0.0,0.0,0.0,0.0,0.0,0.0,0.0,0.0,0.0,0.0,0.0,0.0,0.0,0.0,0.0,0.0,0.0,0.0,0.0
O=C(OC)[C@@H](NC(=O)[C@H]1[C@@H]2[C@@]3(C)[C@@H](O)[C@H](OC3=O)C=C2[C@H]2[C@]31CC(=C)[C@@](O)(C3)CC2)CO,96.0,Low,8.0,2-65,Table2,13.766795634920634,13.766795634920634,0.08583036764088403,-1.3285096608087676,0.33665719617443,46.65625,447.4840000000003,418.25200000000024,447.189316888,174.0,0.0,0.3302810515532586,-0.46741986475979336,0.46741986475979336,0.3302810515532586,1.4375,2.15625,2.8125,16.566252036221528,9.603259543937465,2.751424633312817,-2.42612886611757,2.735893442962177,-2.548509745611772,5.899652328132557,-0.1536034440471933,3.1936977188899762,1.6375358295304514,959.6430570541135,23.21481399176481,18.166974810265852,18.166974810265852,15.029712182901827,11.037173000968513,11.037173000968513,10.299485770476059,10.299485770476059,8.955540513756471,8.955540513756471,7.462683803569219,7.462683803569219,-2.23,15287818.993320579,21.607097773972914,6.647936864651834,2.4153938224944334,185.00383591188137,30.110096696128544,17.622923244893386,6.041840829147961,5.907179729351506,0.0,11.938610575903699,9.589074368143644,4.794537184071822,0.0,0.0,12.152040213667764,55.58904484385599,5.917906046161393,25.235636362935534,39.17691964433767,17.845790305255207,0.0,5.316788604006331,28.58369907727774,56.457848107022926,13.716679505790452,23.801164850570917,0.0,0.0,5.316788604006331,0.0,0.0,0.0,70.73287641119602,23.85733745981556,28.58369907727774,32.60702369139466,23.801164850570917,0.0,0.0,0.0,142.39000000000001,70.96928971651272,29.703193736737582,0.0,5.917906046161393,31.256391021773304,12.6829020713468,0.0,12.999757306524504,0.0,16.632587241404877,4.736862953800049,10.12491168014752,0.0,38.74354574354484,34.39428337695654,-1.5358062615478278,-3.4192764366549118,-1.2573549697656843,1.7887990648253993,5.079852591116796,1.1643785447106605,0.6956521739130435,32.0,4.0,9.0,4.0,1.0,5.0,1.0,0.0,0.0,0.0,9.0,4.0,8.0,4.0,9.0,1.0,4.0,3.0,1.0,4.0,1.0,0.0,4.488831932179098,5.0,-0.4073999999999995,108.57010000000004,0.0,3.0,2.0,0.0,0.0,0.0,0.0,0.0,0.0,0.0,3.0,3.0,0.0,0.0,0.0,0.0,1.0,0.0,0.0,0.0,0.0,0.0,0.0,0.0,0.0,0.0,1.0,1.0,0.0,0.0,0.0,0.0,0.0,0.0,0.0,0.0,6.0,0.0,0.0,0.0,2.0,2.0,0.0,0.0,0.0,0.0,0.0,0.0,0.0,0.0,0.0,0.0,0.0,0.0,0.0,1.0,0.0,0.0,0.0,0.0,0.0,0.0,0.0,0.0,0.0,0.0,0.0,0.0,0.0,0.0,0.0,0.0,0.0,0.0,0.0,0.0,0.0,0.0,0.0,0.0,0.0,0.0,0.0,0.0,0.0
Clc1c(F)ccc(CNC(=O)[C@H]2[C@@H]3[C@@]4(C)[C@@H](O)[C@H](OC4=O)C=C3[C@H]3[C@]42CC(=C)[C@@](O)(C4)CC3)c1,93.0,Low,26.0,2-66,Table2,13.914126826656588,13.914126826656588,0.0029022262409714727,-1.2459629342886012,0.4496782116412965,43.794117647058826,487.9550000000004,460.7390000000003,487.15617886399997,180.0,0.0,0.31542959338082527,-0.4547949396023006,0.4547949396023006,0.31542959338082527,1.411764705882353,2.176470588235294,2.911764705882353,35.4956924661493,9.603596682214922,2.750278186817227,-2.423983266890041,2.7359544420190605,-2.5193636097198855,6.30322274950992,-0.15138118743528833,3.225232033219476,1.4165776665723098,1183.7222192500512,24.20637782332753,18.813894118235876,19.56982306425433,16.009345470646085,11.741955220278818,12.119919693288045,10.99884293031151,11.406043057052115,9.421529808860786,9.71117627052535,7.828548388537206,8.031688221187991,-2.2199999999999998,51549199.65968614,22.257053721834424,6.925886650805348,2.63351039576876,201.3656043228168,20.26670634748779,23.44014408593928,0.0,5.907179729351506,0.0,5.969305287951849,9.589074368143644,4.39041504767482,0.0,0.0,29.81934717236189,73.2852304724762,12.462662452073968,16.54159017088641,28.92940715929992,23.47742490753587,0.0,5.316788604006331,28.58369907727774,56.96076368378753,0.0,58.403571702439955,0.0,0.0,5.316788604006331,4.39041504767482,0.0,11.600939890232516,39.898523393465055,20.870693727856267,34.40091991832363,38.17047518309165,42.00026605595574,5.022633313741326,0.0,0.0,95.86,52.261302746594374,24.19254420549988,0.0,23.3924754951668,31.246737983401033,11.146209060138535,12.13273413692322,12.990104268152233,6.076020106833881,11.895724287604828,16.337802844032566,19.066808996838915,5.901092358541552,26.93329229861574,25.248306512118326,-0.48158102644987677,-2.484295633330026,4.285644317995283,2.241510756338706,5.983665863775824,0.0,0.5384615384615384,34.0,3.0,6.0,4.0,1.0,5.0,1.0,1.0,0.0,1.0,8.0,4.0,5.0,3.0,8.0,1.0,3.0,3.0,1.0,4.0,1.0,0.0,4.533818566420898,6.0,3.051400000000001,120.79430000000004,0.0,2.0,1.0,0.0,0.0,0.0,0.0,0.0,0.0,0.0,2.0,2.0,0.0,0.0,0.0,0.0,1.0,0.0,0.0,0.0,0.0,0.0,0.0,0.0,0.0,0.0,1.0,1.0,0.0,0.0,0.0,0.0,0.0,0.0,1.0,0.0,6.0,0.0,0.0,0.0,1.0,1.0,0.0,0.0,2.0,0.0,0.0,0.0,0.0,0.0,0.0,0.0,0.0,0.0,0.0,0.0,0.0,0.0,0.0,0.0,0.0,0.0,0.0,0.0,0.0,0.0,0.0,0.0,0.0,0.0,0.0,0.0,0.0,0.0,0.0,0.0,0.0,0.0,0.0,0.0,0.0,0.0,0.0,0.0,0.0
O=C1[C@]2(C)[C@H]([C@H]3[C@H](C(=O)C2)[C@]2(C)C(=CC(=O)CC2)CC3)CC1,92.0,Low,37.0,2-67,Table2,12.999167611489039,12.999167611489039,0.03201388888888812,-0.40246641943814576,0.6896763188469792,47.63636363636363,300.3980000000001,276.20599999999996,300.17254462799997,118.0,0.0,0.15519771462436477,-0.29931797619693623,0.29931797619693623,0.15519771462436477,1.0,1.7727272727272727,2.5454545454545454,16.145347677180876,9.468657586595556,2.615917960259963,-2.5518234169460956,2.626663043493445,-2.545316181517906,5.964270296560634,-0.1494964756913611,2.7463930794085396,1.7719840088155427,616.1698355860838,15.698306133819765,13.483893416455928,13.483893416455928,10.35984445084558,8.660231699823896,8.660231699823896,8.362457409747728,8.362457409747728,7.364045519359116,7.364045519359116,6.162301388865406,6.162301388865406,-1.25,121544.37212230432,14.349113573407202,4.39435742257031,1.6547110519773813,131.07984774079864,0.0,11.566489892729878,5.783244946364939,0.0,0.0,0.0,14.383611552215466,0.0,0.0,0.0,19.420578929450514,49.010109160257485,30.5953613843362,0.0,14.383611552215466,17.34973483909482,0.0,0.0,28.58369907727774,58.79322575986333,0.0,11.64912463690315,0.0,0.0,0.0,0.0,0.0,0.0,17.34973483909482,14.383611552215466,28.58369907727774,58.79322575986333,11.64912463690315,0.0,0.0,0.0,51.21,5.41499046939678,14.383611552215466,0.0,22.899386408288052,36.88152190746575,25.683286491704038,5.573104530069267,0.0,12.999757306524504,6.923737199690624,0.0,0.0,0.0,37.119152021919874,0.0,0.6597713923532378,1.5439435442386835,0.0,7.122927820819685,4.220871887335181,0.0,0.7368421052631579,22.0,0.0,3.0,4.0,0.0,4.0,0.0,0.0,0.0,0.0,5.0,0.0,3.0,0.0,3.0,0.0,0.0,3.0,0.0,3.0,0.0,0.0,2.8661424426639233,4.0,3.2664000000000017,82.10700000000004,0.0,0.0,0.0,0.0,0.0,0.0,0.0,0.0,0.0,0.0,3.0,3.0,0.0,0.0,0.0,0.0,0.0,0.0,0.0,0.0,0.0,0.0,0.0,0.0,0.0,0.0,1.0,0.0,0.0,0.0,0.0,0.0,0.0,0.0,0.0,0.0,5.0,0.0,0.0,0.0,0.0,0.0,0.0,0.0,0.0,0.0,0.0,0.0,0.0,0.0,0.0,3.0,2.0,0.0,0.0,0.0,0.0,0.0,0.0,0.0,0.0,0.0,0.0,0.0,0.0,0.0,0.0,0.0,0.0,0.0,0.0,0.0,0.0,0.0,0.0,0.0,0.0,0.0,0.0,0.0,0.0,0.0,0.0,0.0,0.0
O=C(N1CCOCC1)[C@H]1[C@@H]2[C@@]3(C)[C@@H](O)[C@H](OC3=O)C=C2[C@H]2[C@]31CC(=C)[C@@](O)(C3)CC2,91.0,Low,18.0,2-68,Table2,14.032532596371883,14.032532596371883,0.015949074074074643,-1.1433606150793647,0.48591187515202555,51.36666666666667,415.48600000000033,386.2540000000002,415.199487648,162.0,0.0,0.31542959448322744,-0.4547949395993779,0.4547949395993779,0.31542959448322744,1.3333333333333333,2.066666666666667,2.8,16.565926765778222,9.602068319220303,2.7532369100796945,-2.443964515491134,2.7380754961405147,-2.5422397820664786,5.875280400212005,-0.15579460125790628,3.1647490552075013,1.530554924498308,892.1242180823101,21.05167728494828,17.302696594172012,17.302696594172012,14.221651770411379,11.10226269334374,11.10226269334374,10.470235913461853,10.470235913461853,9.277115032439086,9.277115032439086,7.836282083628362,7.836282083628362,-1.6999999999999997,9604456.38672105,19.020558396234076,5.751285143864845,2.0195529104369285,175.2522203927077,24.586690428131988,17.622923244893386,0.0,5.907179729351506,0.0,5.969305287951849,9.589074368143644,0.0,0.0,0.0,12.152040213667764,55.58904484385599,19.007418857986544,24.732720786170916,29.275855065425148,11.876485017303356,0.0,4.899909730850478,28.58369907727774,50.41600727787497,26.303276740850986,23.801164850570917,0.0,0.0,0.0,0.0,0.0,0.0,71.10170986516653,19.06280027574374,28.58369907727774,32.60702369139466,23.801164850570917,0.0,0.0,0.0,96.3,46.44408190554848,19.802129157825057,0.0,11.8250857755129,45.565741609629015,17.567030683064544,0.0,6.923737199690624,10.975929837684358,6.578935683598497,9.473725907600098,10.978931773326615,0.0,28.863214325081884,22.26705723261527,-0.6425942985218769,-1.196532318174184,0.0,2.800758692365836,8.012497926639792,0.0,0.7391304347826086,30.0,2.0,7.0,4.0,2.0,6.0,1.0,0.0,0.0,0.0,8.0,4.0,6.0,2.0,7.0,2.0,1.0,3.0,2.0,5.0,1.0,0.0,3.646421831075826,6.0,0.8012999999999992,104.93660000000004,0.0,2.0,1.0,0.0,0.0,0.0,0.0,0.0,0.0,0.0,2.0,2.0,0.0,0.0,0.0,1.0,0.0,0.0,0.0,0.0,0.0,0.0,0.0,0.0,0.0,0.0,1.0,1.0,0.0,0.0,0.0,0.0,0.0,0.0,0.0,0.0,6.0,0.0,0.0,0.0,1.0,2.0,0.0,0.0,0.0,0.0,0.0,0.0,0.0,0.0,0.0,0.0,0.0,0.0,0.0,0.0,1.0,0.0,0.0,0.0,0.0,0.0,0.0,0.0,0.0,0.0,0.0,0.0,0.0,0.0,0.0,0.0,0.0,0.0,0.0,0.0,0.0,0.0,0.0,0.0,0.0,0.0,0.0,0.0,0.0
O=C1[C@]2(CI)C[C@@]3(C1)[C@@H](C(OC)=O)C([C@@]4(C=C5)[C@]3([H])CC2)[C@](C)(C(O4)=O)[C@H]5O,89.0,Low,9.0,2-69,Table2,13.088610021415974,13.088610021415974,0.10078703703703762,-1.1961121740362812,0.2774135230354362,54.51851851851852,486.3020000000003,463.11800000000034,486.0539364559999,146.0,0.0,0.31564840072703504,-0.4687661942100342,0.4687661942100342,0.31564840072703504,1.4444444444444444,2.185185185185185,2.8518518518518516,126.91270413372789,9.59655087393307,2.837070771873864,-2.4467347078399713,2.772820453513947,-2.5050426685708342,14.10877135143174,-0.1627926484818597,3.0934569508476137,1.7617957372845328,808.2936494116552,19.40541291500631,15.366055041898997,17.523553333075316,12.715797569029,9.497423004297048,11.023004676386213,9.323335291484529,10.086126127529111,8.557378708545539,10.017523272155989,7.413803372807278,8.490277391022,-0.96,1603057.233041791,18.092966218145,5.143943863193265,1.714901602901989,170.7221210339194,14.580253302440804,16.79928622674541,0.0,0.0,0.0,11.938610575903699,14.383611552215466,0.0,0.0,0.0,28.666890733901937,37.67721264469931,28.099176586939983,19.13166997518723,28.963864854656265,40.31272614933669,0.0,0.0,33.99868954667451,44.31204089012665,11.537349943571943,12.152040213667762,0.0,0.0,0.0,0.0,0.0,22.590870627068057,46.07075005941327,23.85733745981556,33.99868954667451,32.60702369139466,12.152040213667762,0.0,0.0,0.0,89.90000000000002,46.309420805752026,19.490138947056174,0.0,17.116141461923114,12.841643245852019,17.26919564814643,7.109797541277533,12.999757306524504,6.076020106833881,22.590870627068057,9.473725907600098,11.931660131645252,2.2817117646132528,39.02903019494835,10.682871908856136,-3.070565188019652,-1.8596941662467459,0.0,4.9083760854959255,1.6966069066515495,1.3533356953892668,0.75,27.0,1.0,6.0,4.0,1.0,5.0,0.0,0.0,0.0,0.0,8.0,4.0,6.0,1.0,7.0,1.0,2.0,3.0,1.0,4.0,1.0,1.0,3.44700750165889,5.0,1.8187000000000002,101.79080000000003,0.0,1.0,1.0,0.0,0.0,0.0,0.0,0.0,0.0,0.0,3.0,3.0,0.0,0.0,0.0,0.0,0.0,0.0,0.0,0.0,0.0,0.0,0.0,0.0,0.0,1.0,0.0,0.0,0.0,0.0,0.0,0.0,0.0,0.0,0.0,0.0,1.0,0.0,0.0,0.0,2.0,2.0,0.0,0.0,1.0,0.0,0.0,0.0,0.0,0.0,0.0,1.0,1.0,0.0,0.0,1.0,0.0,0.0,0.0,0.0,0.0,0.0,0.0,0.0,0.0,0.0,0.0,0.0,0.0,0.0,0.0,0.0,0.0,0.0,0.0,0.0,0.0,0.0,0.0,0.0,0.0,0.0,0.0,0.0,0.0
O=C(OC)CNC(=O)CC[C@@]1(C)C(=O)CC[C@@H]2[C@@H]1C(=O)C[C@]1(C)C(=O)CC[C@@H]21,85.0,Low,20.0,2-70,Table2,13.11547363255832,13.11547363255832,0.009704698109730403,-0.8932808956916101,0.7138693016996888,37.25,391.4640000000002,362.23200000000014,391.199487648,154.0,0.0,0.3246294582052014,-0.46769812853305204,0.46769812853305204,0.3246294582052014,1.1071428571428572,1.7857142857142858,2.4642857142857144,16.52401962397103,9.484702439144757,2.6224239481829743,-2.5248805167623027,2.5995755754477763,-2.5631634833780264,5.9910927964195295,-0.15980479771364992,2.948468506823048,1.7568943171877058,730.407452117604,20.689869965382485,16.83839479984444,16.83839479984444,13.129900060875244,10.060608937980476,10.060608937980476,9.00260726607062,9.00260726607062,7.528203010742766,7.528203010742766,5.9085683576403465,5.9085683576403465,-2.0500000000000003,1467968.757834525,20.678300280657066,7.409072195236855,3.2869135071437356,164.4916177685078,10.05365155780638,23.89449124500739,0.0,5.907179729351506,0.0,5.969305287951849,23.97268592035911,0.0,0.0,0.0,13.847474399381248,31.098276961100815,42.431173476659,7.109797541277533,28.709548874159154,29.22621985639817,0.0,5.316788604006331,28.583699077277743,58.79322575986332,13.65455394719011,0.0,0.0,0.0,5.316788604006331,0.0,0.0,0.0,42.880773803588276,28.709548874159154,28.583699077277743,58.79322575986332,0.0,0.0,0.0,0.0,106.60999999999999,22.717192272906804,23.97268592035911,0.0,60.899947935459714,19.26246486877803,6.4208216229260096,7.109797541277533,6.923737199690624,6.923737199690624,10.05365155780638,0.0,4.494960643361045,0.0,61.681891516719205,2.4827069317166717,-1.479157181770558,-0.9536617540242565,0.0,2.8642140521235735,3.49974564416664,1.2426334810410111,0.7619047619047619,28.0,1.0,7.0,3.0,0.0,3.0,1.0,0.0,0.0,0.0,5.0,0.0,6.0,1.0,7.0,0.0,5.0,3.0,0.0,3.0,0.0,0.0,5.4716792733633834,3.0,1.6155999999999993,99.04970000000004,0.0,0.0,0.0,0.0,0.0,0.0,0.0,0.0,0.0,0.0,5.0,5.0,0.0,0.0,0.0,0.0,1.0,0.0,0.0,0.0,0.0,0.0,0.0,0.0,0.0,0.0,0.0,1.0,0.0,0.0,0.0,0.0,0.0,0.0,0.0,0.0,3.0,0.0,0.0,0.0,1.0,1.0,0.0,0.0,0.0,0.0,0.0,0.0,0.0,0.0,0.0,3.0,3.0,0.0,0.0,1.0,0.0,0.0,0.0,0.0,0.0,0.0,0.0,0.0,0.0,0.0,0.0,0.0,0.0,0.0,0.0,0.0,0.0,0.0,0.0,0.0,0.0,0.0,0.0,0.0,0.0,0.0,0.0,0.0,0.0
O=C(NCCO)[C@H]1[C@@H]2[C@@]3(C)[C@@H](O)[C@H](OC3=O)C=C2[C@H]2[C@]31CC(=C)[C@@](O)(C3)CC2,83.0,Low,5.0,2-71,Table2,13.34378259637188,13.34378259637188,0.04696900982615215,-1.1903766298185938,0.4004663327205245,50.714285714285715,389.44800000000026,362.23200000000014,389.183837584,152.0,0.0,0.3154295933756444,-0.4547949396023072,0.4547949396023072,0.3154295933756444,1.4642857142857142,2.2142857142857144,2.9285714285714284,16.5657918950358,9.60368800547328,2.7499677510726275,-2.423635492130189,2.735495530785502,-2.522522834162837,5.873678142674983,-0.1513776059357059,3.083303270455874,1.6845902352661426,821.7134484562737,20.06011345338556,15.980234741335055,15.980234741335055,13.18717692780073,10.088631250980573,10.088631250980573,9.547211913668162,9.547211913668162,8.381808567968678,8.381808567968678,7.168877445049628,7.168877445049628,-1.6999999999999997,2500309.2047748067,18.336292738184707,5.461723254207051,1.901201344883692,162.99888435353756,25.373233742328495,17.622923244893386,0.0,5.907179729351506,0.0,5.969305287951849,9.589074368143644,0.0,0.0,0.0,12.152040213667764,55.58904484385599,12.462662452073968,18.125838821658,29.64551950646581,11.876485017303356,0.0,5.316788604006331,28.58369907727774,50.41600727787497,13.151638370425493,23.801164850570917,0.0,0.0,5.316788604006331,0.0,0.0,0.0,58.15668915873125,14.325937321943691,28.58369907727774,32.60702369139466,23.801164850570917,0.0,0.0,0.0,116.09000000000002,46.44408190554848,24.90865655266576,0.0,24.97672414593839,25.683286491704038,11.146209060138535,0.0,6.923737199690624,6.076020106833881,11.895724287604828,4.736862953800049,5.4398139880952385,0.0,26.13842462679516,33.91499123414798,-0.9085331763878383,-1.7311484053497956,0.0,2.470616995254892,5.759168070777693,0.0,0.7142857142857143,28.0,4.0,7.0,4.0,1.0,5.0,1.0,0.0,0.0,0.0,8.0,4.0,6.0,4.0,7.0,1.0,3.0,3.0,1.0,4.0,1.0,0.0,3.576705587288975,5.0,0.05099999999999949,97.63310000000003,0.0,3.0,2.0,0.0,0.0,0.0,0.0,0.0,0.0,0.0,2.0,2.0,0.0,0.0,0.0,0.0,1.0,0.0,0.0,0.0,0.0,0.0,0.0,0.0,0.0,0.0,1.0,1.0,0.0,0.0,0.0,0.0,0.0,0.0,0.0,0.0,6.0,0.0,0.0,0.0,1.0,1.0,0.0,0.0,0.0,0.0,0.0,0.0,0.0,0.0,0.0,0.0,0.0,0.0,0.0,0.0,0.0,0.0,0.0,0.0,0.0,0.0,0.0,0.0,0.0,0.0,0.0,0.0,0.0,0.0,0.0,0.0,0.0,0.0,0.0,0.0,0.0,0.0,0.0,0.0,0.0,0.0,0.0,0.0,0.0
O=C(NCCO)[C@H]1[C@@H]2[C@@]3(C)[C@@H](O)C=C[C@@]2(OC3=O)[C@H]2[C@]31CC(=C)[C@@](O)(C3)CC2,80.0,Low,3.0,2-72,Table2,13.372637471655327,13.372637471655327,0.11599702380952381,-1.2181544075963715,0.4004663327205245,53.0,389.44800000000026,362.23200000000014,389.183837584,152.0,0.0,0.3156471771637853,-0.4536216290804239,0.4536216290804239,0.3156471771637853,1.4642857142857142,2.2142857142857144,2.9285714285714284,16.56769736211787,9.603692007361804,2.828074561311818,-2.4428628579496867,2.769169143610953,-2.5239995786980387,5.88291519678866,-0.16040352039926004,3.0678912528223816,1.713384455077465,823.7134484562738,20.112519696192855,15.980234741335055,15.980234741335055,13.15513739724918,10.057053135816988,10.057053135816988,9.612810719703734,9.612810719703734,8.548488516806737,8.548488516806737,7.445091011224841,7.445091011224841,-1.7000000000000002,2346421.402678648,18.336292738184707,5.258703082484716,1.7713179522778206,162.99888435353753,25.373233742328495,11.016041280380467,0.0,5.907179729351506,0.0,5.969305287951849,9.589074368143644,0.0,0.0,0.0,12.654955790432378,49.671138797694596,18.380568498235363,24.2298052094063,29.64551950646581,11.876485017303356,0.0,5.316788604006331,28.58369907727774,49.913091701110346,13.151638370425493,24.304080427335528,0.0,0.0,5.316788604006331,0.0,0.0,0.0,57.65377358196663,14.325937321943691,28.58369907727774,32.60702369139466,24.304080427335528,0.0,0.0,0.0,116.09000000000002,45.941166328783865,24.90865655266576,0.0,24.97672414593839,25.683286491704038,5.573104530069267,0.0,19.075777413358384,0.0,11.895724287604828,4.736862953800049,6.011751543209877,0.0,26.295254039115648,33.82404700228857,-3.002603943583605,-1.9871192103384574,0.0,4.466029278995549,5.725974623645754,0.0,0.7142857142857143,28.0,4.0,7.0,4.0,1.0,5.0,1.0,0.0,0.0,0.0,8.0,4.0,6.0,4.0,7.0,1.0,3.0,3.0,1.0,4.0,1.0,0.0,3.4437542551297864,5.0,0.05099999999999949,97.63310000000003,0.0,3.0,2.0,0.0,0.0,0.0,0.0,0.0,0.0,0.0,2.0,2.0,0.0,0.0,0.0,0.0,1.0,0.0,0.0,0.0,0.0,0.0,0.0,0.0,0.0,0.0,0.0,1.0,0.0,0.0,0.0,0.0,0.0,0.0,0.0,0.0,1.0,0.0,0.0,0.0,1.0,1.0,0.0,0.0,0.0,0.0,0.0,0.0,0.0,0.0,0.0,0.0,0.0,0.0,0.0,0.0,0.0,0.0,0.0,0.0,0.0,0.0,0.0,0.0,0.0,0.0,0.0,0.0,0.0,0.0,0.0,0.0,0.0,0.0,0.0,0.0,0.0,0.0,0.0,0.0,0.0,0.0,0.0,0.0,0.0
O=C1NCC[C@]2(C)[C@H]3C(=O)C=C(C)[C@@H](CCC#N)[C@@H]3CCC2=C1,80.0,Low,3.0,2-73,Table2,12.838199089821114,12.838199089821114,0.02945687831555377,-0.2348678429705211,0.8520100196155783,36.65217391304348,312.41300000000007,288.221,312.183778008,122.0,0.0,0.24345424563223217,-0.35252217766059907,0.35252217766059907,0.24345424563223217,1.391304347826087,2.1739130434782608,2.9130434782608696,16.148986831306434,9.519108175128789,2.51978015129255,-2.5056820686263617,2.5566407910262288,-2.4794247619843874,5.9537339370728795,-0.1268195744427285,2.6350248936142937,2.003585900606231,640.2452785000078,16.61251969619286,13.893102209495101,13.893102209495101,10.969380905582563,8.549957840345021,8.549957840345021,7.402276539404899,7.402276539404899,6.189338657966167,6.189338657966167,5.033503822540083,5.033503822540083,-1.8900000000000001,156027.72902558316,15.984994218945344,5.957606103647397,2.6266376537970486,137.17699562717658,5.316788604006331,0.0,5.783244946364939,5.907179729351506,0.0,0.0,9.589074368143644,0.0,5.261891554738487,0.0,18.06994625982916,50.518855890551336,30.374494651230638,6.069221312792274,9.589074368143644,11.690424675716445,5.261891554738487,5.316788604006331,23.16870860788096,45.95158251401131,6.544756405912575,23.2982492738063,0.0,6.069221312792274,5.316788604006331,0.0,0.0,0.0,18.23518108162902,9.589074368143644,34.49982147541172,45.95158251401131,23.2982492738063,0.0,0.0,0.0,69.96000000000001,0.0,9.589074368143644,0.0,23.02332119127462,24.80139012116137,36.82949555184257,0.0,12.152040213667762,6.923737199690624,18.309747116489227,5.261891554738487,0.0,0.0,24.697281231758595,11.850004704699195,2.028501761043925,0.7525711829089357,2.245723513349325,7.533950354833291,4.808633918073403,0.0,0.631578947368421,23.0,1.0,4.0,2.0,1.0,3.0,1.0,0.0,0.0,0.0,4.0,0.0,3.0,1.0,4.0,1.0,2.0,1.0,0.0,1.0,0.0,0.0,4.1405347445894405,3.0,2.9141800000000018,87.13170000000004,0.0,0.0,0.0,0.0,0.0,0.0,0.0,0.0,0.0,0.0,2.0,2.0,0.0,0.0,0.0,1.0,1.0,0.0,0.0,0.0,0.0,0.0,0.0,0.0,0.0,0.0,3.0,1.0,0.0,0.0,0.0,0.0,0.0,0.0,0.0,0.0,3.0,0.0,0.0,0.0,0.0,0.0,0.0,0.0,0.0,0.0,0.0,0.0,0.0,0.0,0.0,1.0,0.0,0.0,0.0,0.0,0.0,1.0,0.0,0.0,0.0,0.0,0.0,0.0,0.0,0.0,0.0,0.0,0.0,0.0,0.0,0.0,0.0,0.0,0.0,0.0,0.0,0.0,0.0,0.0,0.0,0.0,0.0,0.0,0.0
Clc1cc(CNC(=O)[C@H]2[C@@H]3[C@@]4(C)[C@@H](O)[C@H](OC4=O)C=C3[C@H]3[C@]42CC(=C)[C@@](O)(C4)CC3)ccc1,75.0,Low,0.0,2-74,Table2,13.9212641723356,13.9212641723356,0.04886085915847782,-1.1935111436549923,0.4670288797833248,44.72727272727273,469.9650000000004,441.7410000000003,469.16560067599994,174.0,0.0,0.31542959338082527,-0.4547949396023006,0.4547949396023006,0.31542959338082527,1.393939393939394,2.1818181818181817,2.9393939393939394,35.49569206358405,9.603597112892464,2.7502220684854923,-2.423981621371133,2.7358962980747297,-2.5193505776635354,6.30157704640067,-0.15138045986316545,3.204168542876184,1.4332105286015155,1131.433931805753,23.33613433532445,18.513279914416277,19.26920886043473,15.598661868123123,11.636306317107541,12.014270790116768,10.880302315608624,11.31673809608061,9.326546262307948,9.561643365095685,7.825880700775074,8.038765751336323,-2.1499999999999995,34616744.31576117,21.387770697291717,6.70988080392198,2.6286101502386097,197.20006891989058,20.26670634748779,17.622923244893386,0.0,5.907179729351506,0.0,5.969305287951849,9.589074368143644,0.0,0.0,0.0,35.8857142408235,73.2852304724762,17.485295765815295,11.518956857145081,24.538992111625106,23.47742490753587,0.0,5.316788604006331,28.58369907727774,56.96076368378753,0.0,58.65271792985567,0.0,0.0,5.316788604006331,0.0,0.0,11.600939890232516,39.898523393465055,20.870693727856267,28.58369907727774,38.17047518309165,48.06663312441736,5.022633313741326,0.0,0.0,95.86,46.44408190554848,19.802129157825057,0.0,11.8250857755129,30.829854588431928,23.130482174761543,0.0,12.990104268152233,24.27512131221871,11.895724287604828,16.337802844032566,5.5264774237990775,6.107110877060071,26.944031989243253,25.99070153061225,0.0011106419172961512,-1.6256351151231516,7.326510378708927,2.5403991358302327,6.217070915729826,0.0,0.5384615384615384,33.0,3.0,6.0,4.0,1.0,5.0,1.0,1.0,0.0,1.0,8.0,4.0,5.0,3.0,7.0,1.0,3.0,3.0,1.0,4.0,1.0,0.0,4.3487694557709915,6.0,2.912300000000001,120.83630000000002,0.0,2.0,1.0,0.0,0.0,0.0,0.0,0.0,0.0,0.0,2.0,2.0,0.0,0.0,0.0,0.0,1.0,0.0,0.0,0.0,0.0,0.0,0.0,0.0,0.0,0.0,1.0,1.0,0.0,0.0,0.0,0.0,0.0,0.0,1.0,0.0,6.0,0.0,0.0,0.0,1.0,1.0,0.0,0.0,1.0,0.0,0.0,0.0,0.0,0.0,0.0,0.0,0.0,0.0,0.0,0.0,0.0,0.0,0.0,0.0,0.0,0.0,0.0,0.0,0.0,0.0,0.0,0.0,0.0,0.0,0.0,0.0,0.0,0.0,0.0,0.0,0.0,0.0,0.0,0.0,0.0,0.0,0.0,0.0,0.0
O=C(N1CCC(O)CC1)[C@H]1[C@@H]2[C@@]3(C)[C@@H](O)[C@H](OC3=O)C=C2[C@H]2[C@]31CC(=C)[C@@](O)(C3)CC2,69.0,Low,3.0,2-75,Table2,14.113125944822373,14.113125944822373,0.01775462962962915,-1.1681484237213398,0.4228356369521267,50.774193548387096,429.5130000000003,398.2650000000002,429.215137712,168.0,0.0,0.315429594483035,-0.454794939599378,0.454794939599378,0.315429594483035,1.2580645161290323,1.967741935483871,2.6774193548387095,16.565809911347845,9.601669062368892,2.75339542988475,-2.447028639906687,2.7383847488466477,-2.5394755134626976,5.875374783701437,-0.15478813091840432,3.164136091874224,1.5028450498078918,921.0303087134429,21.921920772951356,17.919012168397728,17.919012168397728,14.615498620528731,11.599607894829,11.599607894829,11.089037253220607,11.089037253220607,9.730511781967401,9.730511781967401,8.138789466026727,8.138789466026727,-1.6999999999999997,13575801.841452563,19.945836343700332,5.997943119417375,2.2487161813647276,181.29785102979343,24.956354869172642,17.622923244893386,0.0,5.907179729351506,0.0,5.969305287951849,9.589074368143644,0.0,0.0,0.0,12.152040213667764,68.430688089708,19.007418857986544,17.622923244893386,29.64551950646581,11.876485017303356,0.0,4.899909730850478,28.58369907727774,69.36161691147528,13.08951281182515,23.801164850570917,0.0,0.0,0.0,0.0,0.0,0.0,69.09843971872968,14.325937321943691,28.58369907727774,45.448666937246685,23.801164850570917,0.0,0.0,0.0,107.30000000000003,46.44408190554848,24.90865655266576,0.0,17.929052163261204,45.19362092645521,17.567030683064544,0.0,6.923737199690624,10.975929837684358,6.578935683598497,4.736862953800049,5.531964937394456,0.0,28.949155469675624,32.2415381408915,-0.7543623367556886,-1.3343312757201655,0.0,3.3733661408587006,6.909335590322242,0.0,0.75,31.0,3.0,7.0,4.0,2.0,6.0,1.0,0.0,0.0,0.0,8.0,4.0,6.0,3.0,7.0,2.0,1.0,3.0,2.0,5.0,1.0,0.0,3.859161027700723,6.0,0.925799999999999,109.35840000000005,0.0,3.0,2.0,0.0,0.0,0.0,0.0,0.0,0.0,0.0,2.0,2.0,0.0,0.0,0.0,1.0,0.0,0.0,0.0,0.0,1.0,0.0,0.0,0.0,0.0,0.0,1.0,1.0,0.0,0.0,0.0,0.0,0.0,0.0,0.0,0.0,6.0,0.0,0.0,0.0,1.0,1.0,0.0,0.0,0.0,0.0,0.0,0.0,0.0,0.0,0.0,0.0,0.0,0.0,0.0,0.0,0.0,0.0,0.0,0.0,0.0,0.0,0.0,0.0,0.0,0.0,0.0,0.0,0.0,1.0,0.0,0.0,0.0,0.0,0.0,0.0,0.0,0.0,0.0,0.0,0.0,0.0,0.0,0.0,0.0
O[C@@]12C(=C)C[C@]3([C@@H](CC#N)c4c(C)cccc4[C@H]3CC1)C2,65.0,Low,13.0,2-76,Table2,10.88392715419501,10.88392715419501,0.035972222222222294,-0.680403439153439,0.7909709889930993,39.76190476190476,279.38300000000004,258.215,279.162314292,108.0,0.0,0.08599891837278575,-0.3855040610981246,0.3855040610981246,0.08599891837278575,1.4761904761904763,2.2857142857142856,3.0476190476190474,16.284943254918232,9.623823321100629,2.634475473430456,-2.4183195160509823,2.71454442938608,-2.3755989883965243,5.511297565194884,0.006583082310067058,2.810261485398255,1.9359298991272935,685.2970360197141,14.828062645816686,12.523819224067333,12.523819224067333,10.01662107137598,7.887301384816145,7.887301384816145,7.305752523435466,7.305752523435466,6.433896749698866,6.433896749698866,5.597665163336578,5.597665163336578,-1.5899999999999999,88916.67339800078,13.099339538729064,3.9872724716634376,1.4531034641945821,125.65536754754567,5.106527394840706,0.0,0.0,0.0,0.0,0.0,0.0,0.0,5.261891554738487,0.0,24.778036888983326,66.20337921211309,12.338727669087403,11.670272123775963,5.106527394840706,0.0,5.261891554738487,0.0,5.41499046939678,56.46470821762715,0.0,47.04149589414358,0.0,6.069221312792274,0.0,0.0,0.0,0.0,10.707578205824394,0.0,23.669840536618164,60.63027468204382,30.351141419052592,0.0,0.0,0.0,44.019999999999996,5.601050810983688,10.368418949579192,0.0,11.332896515558172,12.338727669087403,31.256391021773304,16.690354475090988,0.0,0.0,37.77099540146622,0.0,0.0,0.0,0.0,20.236093868102795,4.486102135298565,0.7500462962962959,8.952011526832955,4.078492772108843,6.330586734693878,0.0,0.5263157894736842,21.0,1.0,2.0,3.0,0.0,3.0,0.0,1.0,0.0,1.0,4.0,2.0,2.0,1.0,2.0,0.0,1.0,2.0,0.0,2.0,1.0,0.0,2.487173139987944,4.0,3.9508000000000028,81.88180000000006,0.0,1.0,0.0,0.0,0.0,0.0,0.0,0.0,0.0,0.0,0.0,0.0,0.0,0.0,0.0,1.0,0.0,0.0,0.0,0.0,0.0,0.0,0.0,0.0,0.0,0.0,0.0,0.0,0.0,0.0,1.0,0.0,0.0,0.0,1.0,0.0,3.0,0.0,0.0,0.0,0.0,0.0,0.0,0.0,0.0,0.0,0.0,0.0,0.0,0.0,0.0,0.0,0.0,0.0,0.0,0.0,0.0,1.0,0.0,0.0,0.0,0.0,0.0,0.0,0.0,0.0,0.0,0.0,0.0,0.0,0.0,0.0,0.0,0.0,0.0,0.0,0.0,0.0,0.0,0.0,0.0,0.0,0.0,0.0,0.0
O=C1NCC[C@]2(C)[C@H]3[C@H](O)C=C(C)[C@@H](CCC#N)[C@@H]3CCC2=C1,61.0,Low,3.0,2-77,Table2,11.881509863025915,11.881509863025915,0.000210544209011454,-0.45811318972033255,0.7697180964222797,39.82608695652174,314.4290000000001,288.221,314.199428072,124.0,0.0,0.2434540468743071,-0.3887027551216914,0.3887027551216914,0.2434540468743071,1.5217391304347827,2.3043478260869565,3.0434782608695654,16.266894737570183,9.51472230236098,2.517586410482197,-2.5340044387017615,2.5676990588123156,-2.4965910774665026,5.884009176940812,-0.11593098291785774,2.6350248936142937,1.9855826886878758,600.9810954132554,16.61251969619286,14.009417783720822,14.009417783720822,10.969380905582563,8.693348982337293,8.693348982337293,7.560941720874292,7.560941720874292,6.396874347489104,6.396874347489104,5.270453652566919,5.270453652566919,-1.6,156027.72902558316,16.26456278763971,6.126706884994732,2.718972033257747,137.80970727932882,10.423315998847038,0.0,0.0,5.907179729351506,0.0,0.0,4.794537184071822,0.0,5.261891554738487,0.0,24.14596636666304,49.85782625311424,24.959504181833857,12.173187700540577,9.901064578912528,5.907179729351506,5.261891554738487,5.316788604006331,23.16870860788096,52.05554890175961,6.544756405912575,23.2982492738063,0.0,6.069221312792274,5.316788604006331,0.0,0.0,0.0,23.66242991785309,4.794537184071822,34.49982147541172,45.95158251401131,23.2982492738063,0.0,0.0,0.0,73.12,6.103966387748303,9.901064578912528,0.0,17.24007624490968,24.80139012116137,25.683286491704038,11.146209060138535,6.076020106833881,6.076020106833881,25.23348431617985,5.261891554738487,0.0,0.0,11.881509863025915,22.70310506058229,2.288409168451332,0.9257972789028884,2.2681512344377603,7.544949032081969,4.97141169585118,0.0,0.6842105263157895,23.0,2.0,4.0,2.0,1.0,3.0,1.0,0.0,0.0,0.0,5.0,0.0,3.0,2.0,4.0,1.0,2.0,1.0,0.0,1.0,0.0,0.0,4.332530817933102,3.0,2.7059800000000003,88.13150000000003,0.0,1.0,1.0,0.0,0.0,0.0,0.0,0.0,0.0,0.0,1.0,1.0,0.0,0.0,0.0,1.0,1.0,0.0,0.0,0.0,0.0,0.0,0.0,0.0,0.0,0.0,2.0,1.0,0.0,0.0,0.0,0.0,0.0,0.0,0.0,0.0,3.0,0.0,0.0,0.0,0.0,0.0,0.0,0.0,0.0,0.0,0.0,0.0,0.0,0.0,0.0,0.0,0.0,0.0,0.0,0.0,0.0,1.0,0.0,0.0,0.0,0.0,0.0,0.0,0.0,0.0,0.0,0.0,0.0,0.0,0.0,0.0,0.0,0.0,0.0,0.0,0.0,0.0,0.0,0.0,0.0,0.0,0.0,0.0,0.0
O=C1[C@@H]2[C@]3(C)C(=CNC(=O)CC3)CC[C@H]2[C@H](CCC#N)C(C)=C1,59.0,Low,11.0,2-78,Table2,12.838199089821114,12.838199089821114,0.04230238094370509,-0.2348678429705211,0.8504939744354681,36.65217391304348,312.413,288.221,312.183778008,122.0,0.0,0.22343738069937571,-0.3327027956024281,0.3327027956024281,0.22343738069937571,1.391304347826087,2.1739130434782608,2.9130434782608696,16.149225097335762,9.518851556527148,2.5207658188417077,-2.504954319047992,2.5610780135427107,-2.475187875938546,5.946693547054361,-0.12810893792256003,2.6546798019332076,1.9861884246778063,640.2452785000079,16.61251969619286,13.893102209495101,13.893102209495101,10.969380905582563,8.549957840345021,8.549957840345021,7.428762976504546,7.428762976504546,6.21923194693343,6.21923194693343,4.991837155873415,4.991837155873415,-1.8900000000000001,160074.5373767705,15.984994218945344,5.957606103647397,2.6266376537970486,137.1769956271766,5.316788604006331,0.0,5.783244946364939,5.907179729351506,0.0,0.0,9.589074368143644,0.0,5.261891554738487,0.0,12.496841729759891,56.091960420620595,30.37449465123064,6.069221312792274,9.589074368143644,11.690424675716445,5.261891554738487,5.316788604006331,23.16870860788096,52.372404136937305,0.0,23.422184056792865,0.0,6.069221312792274,5.316788604006331,0.0,0.0,0.0,11.690424675716445,9.589074368143644,34.49982147541172,52.372404136937305,23.422184056792865,0.0,0.0,0.0,69.96000000000001,0.0,9.589074368143644,0.0,23.02332119127462,24.677455338174806,31.256391021773304,5.573104530069267,6.076020106833881,13.123692089511072,18.309747116489227,5.261891554738487,0.0,0.0,24.617581685273336,11.80718063062512,2.1079925017846657,0.8243304421681941,2.2457235133493247,8.127636658058286,4.186221235407743,0.0,0.631578947368421,23.0,1.0,4.0,2.0,1.0,3.0,1.0,0.0,0.0,0.0,4.0,0.0,3.0,1.0,4.0,1.0,2.0,1.0,0.0,1.0,0.0,0.0,4.1405347445894405,3.0,3.2617800000000017,86.88170000000004,0.0,0.0,0.0,0.0,0.0,0.0,0.0,0.0,0.0,0.0,2.0,2.0,0.0,0.0,0.0,1.0,1.0,0.0,0.0,0.0,0.0,0.0,0.0,0.0,0.0,0.0,3.0,1.0,0.0,0.0,0.0,0.0,0.0,0.0,0.0,0.0,3.0,0.0,0.0,0.0,0.0,0.0,0.0,0.0,0.0,0.0,0.0,0.0,0.0,0.0,0.0,1.0,0.0,0.0,0.0,0.0,0.0,1.0,0.0,0.0,0.0,0.0,0.0,0.0,0.0,0.0,0.0,0.0,0.0,0.0,0.0,0.0,0.0,0.0,0.0,0.0,0.0,0.0,0.0,0.0,0.0,0.0,0.0,0.0,0.0
O=C(NCCc1cc2OCOc2cc1)[C@H]1[C@@H]2[C@@]3(C)[C@@H](O)[C@H](OC3=O)C=C2[C@H]2[C@]31CC(=C)[C@@](O)(C3)CC2,55.0,Low,7.0,2-79,Table2,14.028746430671035,14.028746430671035,0.05135157708119409,-1.1922531602746695,0.4344294565875447,43.083333333333336,493.5560000000004,462.30800000000033,493.2100523319999,190.0,0.0,0.3154295933755606,-0.45479493960230727,0.45479493960230727,0.3154295933755606,1.2777777777777777,2.0833333333333335,2.9166666666666665,16.696904548997235,9.603615961380713,2.7503007211315285,-2.4239868849287523,2.7359778661009218,-2.5219415149699103,5.874199195117966,-0.1513435130364874,3.49808796830928,1.2133303121916414,1240.2523023607457,25.034804948073724,20.28867531551824,20.28867531551824,17.17114151319456,12.849589306923077,12.849589306923077,11.761218778694284,11.761218778694284,10.120660776218312,10.120660776218312,8.416268937351559,8.416268937351559,-2.84,232911337.20731357,22.364605186965075,7.13378382843833,2.6634065071465605,208.84794622728666,29.74043225508789,17.622923244893386,11.49902366656781,12.700122035451333,0.0,5.969305287951849,9.589074368143644,0.0,0.0,0.0,18.218407282129377,79.7060520954022,12.462662452073968,11.518956857145081,34.0127180192252,11.876485017303356,0.0,5.316788604006331,28.58369907727774,56.83682890080097,13.337698712012402,47.563717547652736,0.0,11.49902366656781,14.790514511606428,0.0,11.49902366656781,0.0,53.23622210547745,20.7467589448697,28.58369907727774,38.17047518309165,42.00026605595574,0.0,0.0,0.0,114.32000000000001,46.44408190554848,19.802129157825057,0.0,18.618028081612728,37.97755473090052,28.879994008045447,0.0,6.923737199690624,24.27512131221871,11.895724287604828,14.210588861400147,16.390752809956368,0.0,27.11931229370896,25.56557598880635,0.15888258587236792,-0.15013871242101473,5.755672532851014,3.1752396876888187,6.5680361468704715,0.0,0.5714285714285714,36.0,3.0,8.0,4.0,2.0,6.0,1.0,1.0,0.0,1.0,8.0,4.0,7.0,3.0,8.0,2.0,4.0,3.0,1.0,4.0,1.0,0.0,4.431784967004984,7.0,2.0300999999999987,126.81630000000006,0.0,2.0,1.0,0.0,0.0,0.0,0.0,0.0,0.0,0.0,2.0,2.0,0.0,0.0,0.0,0.0,1.0,0.0,0.0,0.0,0.0,0.0,0.0,0.0,0.0,0.0,1.0,1.0,0.0,0.0,0.0,0.0,0.0,0.0,1.0,0.0,7.0,0.0,0.0,0.0,1.0,3.0,0.0,0.0,0.0,0.0,0.0,0.0,0.0,0.0,0.0,0.0,0.0,0.0,0.0,0.0,0.0,0.0,0.0,0.0,0.0,0.0,0.0,0.0,0.0,0.0,0.0,0.0,0.0,0.0,0.0,0.0,0.0,0.0,0.0,0.0,0.0,0.0,0.0,0.0,0.0,0.0,0.0,0.0,0.0
O=C(OC)[C@H]1[C@@H]2[C@@](C(=O)OC)(C)[C@@H](O)C=CC2=C2[C@]31CC(=C)[C@@](O)(C3)CC2,53.0,Low,10.0,2-80,Table2,13.004829931972788,13.004829931972788,0.3979376889644748,-1.3067271352985634,0.5642219343764331,44.77777777777778,374.4330000000003,348.22500000000014,374.172938552,146.0,0.0,0.3146495218982488,-0.46875131175896073,0.46875131175896073,0.3146495218982488,1.2962962962962963,2.0,2.6296296296296298,16.530228732366307,9.587821262748754,2.7007493330656573,-2.4420348818609066,2.707682478427396,-2.5278603363535854,5.84525795796162,-0.16847707483400945,3.032598685154257,1.9650535111829908,809.4894731970744,19.775656403009386,15.949705604736238,15.949705604736238,12.652702085190082,9.321723391074386,9.321723391074386,8.63545507778828,8.63545507778828,7.595509543596993,7.595509543596993,6.248135045108448,6.248135045108448,-1.9199999999999995,1202325.302907053,18.443625295249227,5.548801304536811,2.028213237269751,158.08456176858533,19.68678069728151,5.41499046939678,0.0,0.0,0.0,11.938610575903699,9.589074368143644,0.0,0.0,0.0,24.304080427335528,43.75323275153319,11.332896515558172,31.842518327448445,29.275855065425148,11.938610575903699,0.0,0.0,22.665793031116348,44.31204089012665,14.219595082555067,35.45028948747406,0.0,0.0,0.0,0.0,0.0,0.0,48.076277646872164,19.06280027574374,22.665793031116348,32.60702369139466,35.45028948747406,0.0,0.0,0.0,93.06000000000002,46.30942080575203,19.802129157825057,0.0,0.0,25.683286491704038,16.719313590207804,14.219595082555067,12.999757306524504,6.076020106833881,6.578935683598497,9.473725907600098,10.18278513951877,0.0,25.781313027525826,21.765138298374907,-0.20107608707062963,-2.2310293839758124,0.0,4.4355764991181665,5.730533824640967,2.620092015201142,0.6190476190476191,27.0,2.0,6.0,4.0,0.0,4.0,0.0,0.0,0.0,0.0,6.0,2.0,6.0,2.0,6.0,0.0,2.0,2.0,0.0,2.0,1.0,0.0,3.790370818469149,4.0,1.6733,96.28260000000003,0.0,2.0,1.0,0.0,0.0,0.0,0.0,0.0,0.0,0.0,2.0,2.0,0.0,0.0,0.0,0.0,0.0,0.0,0.0,0.0,0.0,0.0,0.0,0.0,0.0,0.0,3.0,0.0,0.0,0.0,0.0,0.0,0.0,0.0,0.0,0.0,2.0,0.0,0.0,0.0,2.0,2.0,0.0,0.0,0.0,0.0,0.0,0.0,0.0,0.0,0.0,0.0,0.0,0.0,0.0,2.0,0.0,0.0,0.0,0.0,0.0,0.0,0.0,0.0,0.0,0.0,0.0,0.0,0.0,0.0,0.0,0.0,0.0,0.0,0.0,0.0,0.0,0.0,0.0,0.0,0.0,0.0,0.0,0.0,0.0
O=C(NC1CC1)[C@H]1[C@@H]2[C@@]3(C)[C@@H](O)[C@H](OC3=O)[C@H]3O[C@@]23[C@H]2[C@@]31CC(=O)[C@](CO)(C3)CC2,53.0,Low,5.0,2-81,Table2,13.704657974300831,13.704657974300831,0.030005905139834255,-1.233306996409675,0.42494394507328176,59.3,417.4580000000003,390.2420000000002,417.178752204,162.0,0.0,0.3149808161138881,-0.4561594469092388,0.4561594469092388,0.3149808161138881,1.2666666666666666,2.033333333333333,2.7333333333333334,16.661900485574638,9.58516729435635,2.9162382329967556,-2.429084395280689,2.813185509721734,-2.5736233403541995,5.927737884363728,-0.15407430796509525,3.6009060921946934,1.4307343252052447,917.1621234003146,20.84457050376173,16.926867995952446,16.926867995952446,14.243472360366109,11.260593329019237,11.260593329019237,11.267260454673961,11.267260454673961,10.118097213064889,10.118097213064889,8.705294248276882,8.705294248276882,-1.51,15593774.24493441,18.099040014035435,4.939893740079545,1.6385460182732046,173.21220380259882,25.00356930128784,29.00721900224201,6.103966387748303,5.907179729351506,0.0,5.969305287951849,14.383611552215466,0.0,0.0,0.0,0.0,50.36074182987885,18.380568498235363,17.93977848007109,34.070392249496976,17.659729963668294,0.0,5.316788604006331,33.99868954667452,75.40345774062324,6.606881964512918,0.0,0.0,0.0,5.316788604006331,0.0,0.0,0.0,64.43445752123917,23.85733745981556,33.99868954667452,45.448666937246685,0.0,0.0,0.0,0.0,125.46,57.96303876269356,24.596666341896878,0.0,36.67787513846473,19.26246486877803,12.841643245852019,0.0,6.923737199690624,0.0,5.316788604006331,9.473725907600098,11.90733918335853,0.0,39.88380310689091,24.32367234084992,-3.363545445956159,-1.7541149113966579,0.14602841290837332,1.6806874632569073,1.5094631834215166,0.0,0.8636363636363636,30.0,3.0,8.0,5.0,2.0,7.0,1.0,0.0,0.0,0.0,10.0,4.0,7.0,3.0,8.0,2.0,3.0,5.0,2.0,7.0,2.0,0.0,2.980244482226095,7.0,-0.3071999999999997,98.65930000000004,0.0,2.0,2.0,0.0,0.0,0.0,0.0,0.0,0.0,0.0,3.0,3.0,0.0,0.0,0.0,0.0,1.0,0.0,0.0,0.0,0.0,0.0,0.0,0.0,0.0,0.0,0.0,1.0,0.0,0.0,0.0,0.0,0.0,0.0,0.0,0.0,5.0,0.0,0.0,1.0,1.0,2.0,0.0,0.0,0.0,0.0,0.0,0.0,0.0,0.0,0.0,1.0,1.0,0.0,0.0,0.0,0.0,0.0,0.0,0.0,0.0,0.0,0.0,0.0,0.0,0.0,0.0,0.0,0.0,0.0,0.0,0.0,0.0,0.0,0.0,0.0,0.0,0.0,0.0,0.0,0.0,0.0,0.0,0.0,0.0
O=C(NC1CC1)[C@H]1[C@@H]2[C@@]3(C)[C@@H](O)[C@H](OC3=O)[C@H]3O[C@@]23[C@H]2[C@@]31CC(=O)[C@](C=O)(C3)CC2,52.0,Low,3.0,2-82,Table2,13.678828892668179,13.678828892668179,0.08804965041572133,-1.259136078042328,0.2856126740267735,59.13333333333333,415.4420000000003,390.2420000000002,415.16310214,160.0,0.0,0.3149808161206744,-0.4561594469092029,0.4561594469092029,0.3149808161206744,1.2666666666666666,2.033333333333333,2.7333333333333334,16.661886349191924,9.585239243804711,2.9168676548266688,-2.4193734852359965,2.8119391248921914,-2.573620815282335,6.019957847365449,-0.1541653229330559,3.6009060921946934,1.4385062970059344,945.7705413782132,20.84457050376173,16.75814617891943,16.75814617891943,14.243472360366109,11.115189567399455,11.115189567399455,11.102806864327933,11.102806864327933,9.949467504259122,9.949467504259122,8.57557050225382,8.57557050225382,-1.8,15593774.24493441,17.837529496255254,4.826037778765728,1.5929442672171137,172.57949215044658,24.691579090518957,35.29337952537156,6.103966387748303,5.907179729351506,0.0,5.969305287951849,14.383611552215466,0.0,0.0,0.0,0.0,50.36074182987885,18.380568498235363,11.332896515558172,33.75840203872809,23.94589048679785,0.0,5.316788604006331,33.99868954667452,75.40345774062324,0.0,0.0,0.0,0.0,5.316788604006331,0.0,0.0,0.0,59.0072086850151,28.651874643887382,33.99868954667452,45.448666937246685,0.0,0.0,0.0,0.0,122.29999999999998,57.96303876269356,24.28467613112799,0.0,30.07099317395181,19.26246486877803,19.127803768981575,0.0,6.923737199690624,0.0,5.316788604006331,9.473725907600098,11.865337262219704,0.0,51.80275893382044,14.139707223167047,-3.7310326908541183,-2.0564783058285045,0.12587023389602758,1.9932816305534555,1.6938890463592844,0.0,0.8181818181818182,30.0,2.0,8.0,5.0,2.0,7.0,1.0,0.0,0.0,0.0,10.0,4.0,7.0,2.0,8.0,2.0,3.0,5.0,2.0,7.0,2.0,0.0,2.8694863742925287,7.0,-0.10060000000000002,97.63750000000005,0.0,1.0,1.0,0.0,0.0,0.0,0.0,0.0,0.0,0.0,4.0,4.0,0.0,0.0,0.0,0.0,1.0,0.0,0.0,0.0,0.0,0.0,0.0,1.0,0.0,0.0,0.0,1.0,0.0,0.0,0.0,0.0,0.0,0.0,0.0,0.0,5.0,0.0,0.0,1.0,1.0,2.0,0.0,0.0,0.0,0.0,0.0,0.0,0.0,0.0,0.0,1.0,1.0,0.0,0.0,0.0,0.0,0.0,0.0,0.0,0.0,0.0,0.0,0.0,0.0,0.0,0.0,0.0,0.0,0.0,0.0,0.0,0.0,0.0,0.0,0.0,0.0,0.0,0.0,0.0,0.0,0.0,0.0,0.0,0.0
O=C(NCC1CCCCC1)[C@H]1[C@@H]2[C@@]3(C)[C@@H](O)[C@H](OC3=O)[C@H]3O[C@@]23[C@H]2[C@@]31CC(=O)[C@](CO)(C3)CC2,50.0,Low,26.0,2-83,Table2,14.096890825774754,14.096890825774754,0.035430514734718255,-1.245918564184933,0.4125422488001098,54.794117647058826,473.56600000000043,438.2860000000003,473.2413524599999,186.0,0.0,0.3149808161089086,-0.45615944690924526,0.45615944690924526,0.3149808161089086,1.1764705882352942,1.9411764705882353,2.676470588235294,16.661909806241674,9.585062097854266,2.915948996356534,-2.430325348545627,2.8130157223951673,-2.5740496770467773,5.926588254820731,-0.15409409571191252,3.4016079791911253,1.316216333364487,978.1959467434542,23.67299762850792,19.75529512069863,19.75529512069863,16.24347236036611,13.233719875481556,13.233719875481556,12.733585878410707,12.733585878410707,11.484076835078154,11.484076835078154,9.932809907096143,9.932809907096143,-1.51,90617054.12307048,21.746992787145775,6.621781458796328,2.2528254883329133,198.67197226018524,25.00356930128784,29.00721900224201,6.103966387748303,5.907179729351506,0.0,5.969305287951849,14.383611552215466,0.0,0.0,0.0,19.26246486877803,56.27864787604024,18.883484074999977,17.93977848007109,34.070392249496976,17.659729963668294,0.0,5.316788604006331,39.91659559283591,88.6240817802533,13.151638370425493,0.0,0.0,0.0,5.316788604006331,0.0,0.0,0.0,64.93737309800379,23.85733745981556,39.91659559283591,64.71113180602472,0.0,0.0,0.0,0.0,125.46,57.96303876269356,24.596666341896878,0.0,30.636034309316766,31.725127320851996,12.841643245852019,19.26246486877803,6.923737199690624,0.0,5.316788604006331,9.473725907600098,12.04291245975612,0.0,40.61734745294021,24.679835353326308,-3.4150940745712113,-1.320220805270635,0.0,5.5990753569250415,2.1294775902275,0.0,0.8846153846153846,34.0,3.0,8.0,5.0,2.0,7.0,1.0,0.0,0.0,0.0,10.0,4.0,7.0,3.0,8.0,2.0,4.0,5.0,2.0,7.0,2.0,0.0,4.235406871249982,7.0,1.1106999999999991,117.07930000000006,0.0,2.0,2.0,0.0,0.0,0.0,0.0,0.0,0.0,0.0,3.0,3.0,0.0,0.0,0.0,0.0,1.0,0.0,0.0,0.0,0.0,0.0,0.0,0.0,0.0,0.0,0.0,1.0,0.0,0.0,0.0,0.0,0.0,0.0,0.0,0.0,5.0,0.0,0.0,1.0,1.0,2.0,0.0,0.0,0.0,0.0,0.0,0.0,0.0,0.0,0.0,1.0,1.0,0.0,0.0,0.0,0.0,0.0,0.0,0.0,0.0,0.0,0.0,0.0,0.0,0.0,0.0,0.0,0.0,0.0,0.0,0.0,0.0,0.0,0.0,0.0,0.0,0.0,0.0,0.0,0.0,0.0,0.0,0.0,0.0
O=C(OCC)CCNC(=O)[C@H]1[C@@H]2[C@@]3(C)[C@@H](O)[C@H](OC3=O)C=C2[C@H]2[C@]31CC(=C)[C@@](O)(C3)CC2,48.0,Low,3.0,2-84,Table2,13.683247433232552,13.683247433232552,0.010793215689499425,-1.230132075691464,0.4264412923302656,45.625,445.5120000000004,414.26400000000024,445.210052332,174.0,0.0,0.31542959337556087,-0.4659204519539098,0.4659204519539098,0.31542959337556087,1.40625,2.15625,2.875,16.56625364450798,9.60363884197121,2.7501776335157495,-2.4237875218064917,2.735660294641298,-2.521879804292063,5.876077648672273,-0.15134282715069705,3.1648635165095147,1.5334399282579056,942.6322191026704,23.05167728494828,18.556624507949365,18.556624507949365,15.081023777918082,11.52998708180223,11.52998708180223,10.378626285738548,10.378626285738548,8.90445451933787,8.90445451933787,7.510694239591645,7.510694239591645,-2.19,15563934.766453786,21.645027955603105,6.903918524091441,2.59242775548832,186.57454427408197,25.00356930128784,17.622923244893386,0.0,5.907179729351506,0.0,11.938610575903699,14.383611552215466,0.0,0.0,0.0,12.152040213667764,62.51278204354661,12.462662452073968,24.546660444584006,34.07039224949697,17.845790305255207,0.0,5.316788604006331,28.58369907727774,63.76056610049159,13.151638370425493,23.801164850570917,0.0,0.0,5.316788604006331,0.0,0.0,0.0,59.01946705184239,23.85733745981556,28.58369907727774,45.95158251401131,23.801164850570917,0.0,0.0,0.0,122.16000000000001,46.44408190554848,24.596666341896878,0.0,37.36685105681625,25.683286491704038,11.146209060138535,0.0,13.847474399381248,6.076020106833881,11.895724287604828,9.473725907600098,10.41874122413843,0.0,38.35016664073399,25.044284271033618,-1.0701794903312298,-2.296439868194243,0.0,2.353609098014188,7.9498181246052475,0.0,0.7083333333333334,32.0,3.0,8.0,4.0,1.0,5.0,1.0,0.0,0.0,0.0,8.0,4.0,7.0,3.0,8.0,1.0,5.0,3.0,1.0,4.0,1.0,0.0,4.669859670536418,5.0,1.0118999999999994,111.79730000000005,0.0,2.0,1.0,0.0,0.0,0.0,0.0,0.0,0.0,0.0,3.0,3.0,0.0,0.0,0.0,0.0,1.0,0.0,0.0,0.0,0.0,0.0,0.0,0.0,0.0,0.0,1.0,1.0,0.0,0.0,0.0,0.0,0.0,0.0,0.0,0.0,6.0,0.0,0.0,0.0,2.0,2.0,0.0,0.0,0.0,0.0,0.0,0.0,0.0,0.0,0.0,0.0,0.0,0.0,0.0,0.0,0.0,0.0,0.0,0.0,0.0,0.0,0.0,0.0,0.0,0.0,0.0,0.0,0.0,0.0,0.0,0.0,0.0,0.0,0.0,0.0,0.0,0.0,0.0,0.0,0.0,0.0,0.0,0.0,0.0
O=C(OCC=C)N[C@H]1[C@@H]2[C@@]3(C)[C@@H](O)C=C[C@@]2(OC3=O)[C@H]2[C@]31CC(=C)[C@@](O)(C3)CC2,46.0,Low,2.0,2-85,Table2,12.958283073272927,12.958283073272927,0.06613437736205507,-1.1812871236457543,0.49019646936248307,51.275862068965516,401.4590000000003,374.24300000000017,401.183837584,156.0,0.0,0.407194115248827,-0.453561876219328,0.453561876219328,0.407194115248827,1.5172413793103448,2.2758620689655173,3.0,16.569618292369604,9.626496182539753,2.8209669488629796,-2.445440757390815,2.7469880237807764,-2.5648374426509233,5.837898677112019,-0.15914119877778776,3.0851485538962797,1.6540581177876716,867.3638006166476,20.8196264773794,16.518619705488586,16.518619705488586,13.638300644843572,10.196567839961347,10.196567839961347,9.629650870967545,9.629650870967545,8.460617257300653,8.460617257300653,7.273884020621556,7.273884020621556,-2.12,3744102.3483744324,18.88005369271658,5.518357724195591,2.001008094178921,168.99353491306076,25.00356930128784,17.622923244893386,0.0,0.0,0.0,12.062545358890265,4.794537184071822,4.794537184071822,0.0,0.0,25.309911580864757,44.25614832829781,23.29264339086753,11.70501719873199,29.275855065425148,12.062545358890265,0.0,5.316788604006331,22.665793031116348,55.954932530258304,6.606881964512918,36.9590362177679,0.0,0.0,5.316788604006331,4.794537184071822,0.0,0.0,52.23039095194822,14.268263091671919,22.665793031116348,32.60702369139466,36.9590362177679,0.0,0.0,0.0,105.09000000000002,52.15834118270885,19.802129157825057,0.0,12.52478801067431,25.683286491704038,5.573104530069267,6.076020106833881,12.999757306524504,6.076020106833881,18.474659971203327,9.473725907600098,11.224472552910054,0.0,25.524855021496663,24.908791433259104,-2.8181057623666743,-0.9911546516754854,-0.5074626795162516,5.526296934853933,9.465640484371995,0.0,0.6363636363636364,29.0,3.0,7.0,4.0,1.0,5.0,1.0,0.0,0.0,0.0,8.0,4.0,6.0,3.0,7.0,1.0,3.0,3.0,1.0,4.0,1.0,0.0,3.5926513837389664,5.0,1.607099999999999,102.51630000000004,0.0,2.0,1.0,0.0,0.0,0.0,0.0,0.0,0.0,0.0,2.0,2.0,0.0,0.0,0.0,0.0,1.0,0.0,0.0,0.0,0.0,0.0,0.0,0.0,1.0,0.0,0.0,1.0,0.0,0.0,0.0,0.0,0.0,0.0,0.0,0.0,1.0,0.0,0.0,0.0,1.0,2.0,0.0,0.0,0.0,0.0,0.0,0.0,0.0,0.0,0.0,0.0,0.0,0.0,0.0,0.0,0.0,0.0,0.0,0.0,0.0,0.0,0.0,0.0,0.0,0.0,0.0,0.0,0.0,0.0,0.0,0.0,0.0,0.0,0.0,0.0,0.0,0.0,0.0,0.0,0.0,0.0,0.0,0.0,0.0
O=C(OCC)CCNC(=O)CC[C@@]1(C)C(=O)CC[C@@H]2[C@@H]1C(=O)C[C@]1(C)C(=O)CC[C@@H]21,46.0,Low,6.0,2-86,Table2,13.17992973048969,13.17992973048969,0.006730773344194807,-0.8695944717610034,0.6352236386472024,35.56666666666667,419.5180000000002,386.2540000000002,419.23078777599994,166.0,0.0,0.3070606591830942,-0.46592045195800846,0.46592045195800846,0.3070606591830942,1.0666666666666667,1.7666666666666666,2.466666666666667,16.531955402737847,9.484701556419022,2.6224440291442033,-2.52490348700051,2.5996431973411815,-2.5630441664028036,5.990740342354779,-0.15975918587433505,2.973216135420027,1.6570494178277437,760.792288235607,22.104083527755577,18.25260836221753,18.25260836221753,14.129900060875245,11.148142563297972,11.148142563297972,9.55471912743427,9.55471912743427,7.827255545410486,7.827255545410486,6.202784276454403,6.202784276454403,-2.0500000000000003,3759385.0262993844,22.631101780652784,8.595328164573074,3.950002445225422,177.221501997301,10.05365155780638,17.34973483909482,0.0,5.907179729351506,0.0,5.969305287951849,23.97268592035911,0.0,0.0,0.0,13.847474399381248,38.02201416079144,48.97592988257156,13.027703587438928,28.709548874159154,29.22621985639817,0.0,5.316788604006331,28.583699077277743,72.13778458247997,13.151638370425493,0.0,0.0,0.0,5.316788604006331,0.0,0.0,0.0,42.37785822682366,28.709548874159154,28.583699077277743,72.13778458247997,0.0,0.0,0.0,0.0,106.60999999999999,16.747886984954953,23.97268592035911,0.0,66.86925322341156,32.29016845621696,6.4208216229260096,0.0,6.923737199690624,13.847474399381248,5.316788604006331,4.736862953800049,4.833657725474658,0.0,62.24946493891746,2.6950406429789546,-1.448939562156033,-0.5852095894650033,0.0,3.1222340521285754,5.967085125454714,0.0,0.782608695652174,30.0,1.0,7.0,3.0,0.0,3.0,1.0,0.0,0.0,0.0,5.0,0.0,6.0,1.0,7.0,0.0,7.0,3.0,0.0,3.0,0.0,0.0,6.48405821768549,3.0,2.3958000000000004,108.28370000000005,0.0,0.0,0.0,0.0,0.0,0.0,0.0,0.0,0.0,0.0,5.0,5.0,0.0,0.0,0.0,0.0,1.0,0.0,0.0,0.0,0.0,0.0,0.0,0.0,0.0,0.0,0.0,1.0,0.0,0.0,0.0,0.0,0.0,0.0,0.0,0.0,3.0,0.0,0.0,0.0,1.0,1.0,0.0,0.0,0.0,0.0,0.0,0.0,0.0,0.0,0.0,3.0,3.0,0.0,0.0,0.0,0.0,0.0,0.0,0.0,0.0,0.0,0.0,0.0,0.0,0.0,0.0,0.0,0.0,0.0,0.0,0.0,0.0,0.0,0.0,0.0,0.0,0.0,0.0,0.0,0.0,0.0,0.0,0.0,0.0
O=C1[C@@H]2[C@]3(C)[C@]4(O[C@H]4C[C@H]2[C@H]2[C@@](C)(C4(OCCO4)CC2)C1)CC1(OCCO1)CC3,44.0,Low,10.0,2-87,Table2,13.820856796422273,13.820856796422273,0.07836215041572192,-0.5413731138690547,0.5786568757438199,56.13793103448276,404.5030000000004,372.2470000000002,404.21988874399995,160.0,0.0,0.1739770580946108,-0.36520768510696955,0.36520768510696955,0.1739770580946108,0.896551724137931,1.6206896551724137,2.3793103448275863,16.74606495950676,9.438207593282161,2.804657175305316,-2.5919918725176516,2.7484085621569783,-2.643302374747714,5.846680906697356,-0.2481813678727235,3.0616399201619626,1.2626618435969377,769.3297488650614,19.700459844932887,17.537065412593705,17.537065412593705,13.873704421819388,11.636133480756781,11.636133480756781,11.230618089112822,11.230618089112822,10.385655600820165,10.385655600820165,9.062045895429675,9.062045895429675,-0.5299999999999999,7445277.58801034,18.080990548661404,5.263645165677414,1.9148378008013764,171.4564077174285,23.684314769000245,11.384295757348628,11.574222305141193,0.0,0.0,0.0,4.794537184071822,0.0,0.0,0.0,13.847474399381248,31.098276961100815,42.431173476659,32.531494245799976,28.478851953072066,5.783244946364939,0.0,0.0,28.58369907727774,82.07246526373652,26.427527858051672,0.0,0.0,0.0,0.0,0.0,0.0,0.0,55.49001230828979,28.478851953072066,28.58369907727774,58.79322575986333,0.0,0.0,0.0,0.0,66.52000000000001,11.574222305141193,4.794537184071822,0.0,28.452904183686943,50.4674065196654,38.524929737556064,0.0,0.0,0.0,13.847474399381248,23.684314769000245,31.028912903124212,0.0,13.820856796422273,0.0,-0.565404226505416,0.31557166037392537,0.0,6.407993472852103,7.242069393732905,0.0,0.9565217391304348,29.0,0.0,6.0,4.0,3.0,7.0,0.0,0.0,0.0,0.0,7.0,0.0,6.0,0.0,6.0,3.0,0.0,4.0,3.0,7.0,3.0,0.0,3.2817902928317455,7.0,2.8256000000000006,100.88400000000009,0.0,0.0,0.0,0.0,0.0,0.0,0.0,0.0,0.0,0.0,1.0,1.0,0.0,0.0,0.0,0.0,0.0,0.0,0.0,0.0,0.0,0.0,0.0,0.0,0.0,0.0,0.0,0.0,0.0,0.0,0.0,0.0,0.0,0.0,0.0,0.0,5.0,0.0,0.0,1.0,0.0,5.0,0.0,0.0,0.0,0.0,0.0,0.0,0.0,0.0,0.0,1.0,1.0,0.0,0.0,0.0,0.0,0.0,0.0,0.0,0.0,0.0,0.0,0.0,0.0,0.0,0.0,0.0,0.0,0.0,0.0,0.0,0.0,0.0,0.0,0.0,0.0,0.0,0.0,0.0,0.0,0.0,0.0,0.0,0.0
O=C1[C@@H]2[C@]3(C)C(=CC[C@H]2[C@H]2[C@@](C)(C4(OCCO4)CC2)C1)CC1(OCCO1)CC3,40.0,Low,4.0,2-88,Table2,13.688449389014867,13.688449389014867,0.04659367913832213,-0.5224766664011788,0.5935179029402219,48.42857142857143,388.5040000000003,356.2480000000001,388.2249741239999,154.0,0.0,0.17397724306838447,-0.34719047967211153,0.34719047967211153,0.17397724306838447,0.9285714285714286,1.6428571428571428,2.392857142857143,16.74353203628476,9.467398756286634,2.6887091058691226,-2.5798315546676855,2.677932681132958,-2.588277462505178,5.8480940990254995,-0.23930720823370588,3.3778222082034564,1.359999714070663,731.2747148418372,19.200459844932887,17.128817122129842,17.128817122129842,13.41659764063284,11.196307075129333,11.196307075129333,10.46399839193951,10.46399839193951,9.415069757214134,9.415069757214134,8.057845246294836,8.057845246294836,-0.7500000000000002,5098582.7979063345,18.053677663601945,5.686598781031663,2.0919198901108578,166.65909060926663,18.947451815200196,5.783244946364939,11.574222305141193,0.0,0.0,0.0,4.794537184071822,0.0,0.0,0.0,25.496599036284397,36.51326743049759,37.016183007262214,26.427527858051672,23.741988999272017,5.783244946364939,0.0,0.0,28.58369907727774,70.36744806500451,26.427527858051672,11.64912463690315,0.0,0.0,0.0,0.0,0.0,0.0,43.7849951095578,23.741988999272017,28.58369907727774,58.79322575986333,11.64912463690315,0.0,0.0,0.0,53.99000000000001,11.574222305141193,4.794537184071822,0.0,16.747886984954953,50.4674065196654,38.524929737556064,5.573104530069267,0.0,0.0,19.92349450621513,18.947451815200196,24.360215419501134,0.0,13.688449389014867,0.0,1.172604691567986,0.5188431078418003,0.0,8.782771912005542,7.310448813402006,0.0,0.8695652173913043,28.0,0.0,5.0,4.0,2.0,6.0,0.0,0.0,0.0,0.0,5.0,0.0,5.0,0.0,5.0,2.0,0.0,3.0,2.0,5.0,2.0,0.0,3.6665721926777644,6.0,3.6144000000000025,101.36300000000007,0.0,0.0,0.0,0.0,0.0,0.0,0.0,0.0,0.0,0.0,1.0,1.0,0.0,0.0,0.0,0.0,0.0,0.0,0.0,0.0,0.0,0.0,0.0,0.0,0.0,0.0,1.0,0.0,0.0,0.0,0.0,0.0,0.0,0.0,0.0,0.0,6.0,0.0,0.0,0.0,0.0,4.0,0.0,0.0,0.0,0.0,0.0,0.0,0.0,0.0,0.0,1.0,1.0,0.0,0.0,0.0,0.0,0.0,0.0,0.0,0.0,0.0,0.0,0.0,0.0,0.0,0.0,0.0,0.0,0.0,0.0,0.0,0.0,0.0,0.0,0.0,0.0,0.0,0.0,0.0,0.0,0.0,0.0,0.0,0.0
O[C@@H]1[C@@H]2[C@]3(C)C(=CC[C@H]2[C@H]2[C@@](C)(C4(OCCO4)CC2)C1)CC1(OCCO1)CC3,40.0,Low,6.0,2-89,Table2,11.520450207860922,11.520450207860922,0.05294335789871485,-0.46164333306784555,0.6426218174830663,51.035714285714285,390.52000000000027,356.2480000000001,390.2406241879999,156.0,0.0,0.1736471097785352,-0.3927711964274251,0.3927711964274251,0.1736471097785352,0.9642857142857143,1.6785714285714286,2.4285714285714284,16.74358403792488,9.462710529810732,2.68692591135576,-2.605352047248318,2.686926639083763,-2.6010342252025884,5.279984765525409,-0.2580390154220004,3.3778222082034564,1.35147175970921,691.1062521785619,19.200459844932887,17.245132696355565,17.245132696355565,13.41659764063284,11.349734918253674,11.349734918253674,10.640493166310735,10.640493166310735,9.656843402583048,9.656843402583048,8.358355290610744,8.358355290610744,-0.45999999999999996,5098582.7979063345,18.320219626621896,5.8198586544878665,2.1520161327288174,167.29180226141887,24.0539792100409,0.0,11.574222305141193,0.0,0.0,0.0,0.0,0.0,0.0,0.0,25.496599036284397,48.851995099585,24.67745533817481,32.531494245799976,24.0539792100409,0.0,0.0,0.0,28.58369907727774,76.47141445275282,26.427527858051672,11.64912463690315,0.0,0.0,0.0,0.0,0.0,0.0,49.21224394578187,18.947451815200196,28.58369907727774,58.79322575986333,11.64912463690315,0.0,0.0,0.0,57.150000000000006,11.574222305141193,5.106527394840706,0.0,16.933947326541862,44.18124599653585,44.94575136048208,5.573104530069267,0.0,0.0,19.92349450621513,18.947451815200196,24.487293083900227,0.0,0.0,11.520450207860922,1.4325120989753937,0.5322756475243395,0.0,9.000910611929958,7.526558349809163,0.0,0.9130434782608695,28.0,1.0,5.0,4.0,2.0,6.0,0.0,0.0,0.0,0.0,6.0,0.0,5.0,1.0,5.0,2.0,0.0,3.0,2.0,5.0,2.0,0.0,3.8078960266469255,6.0,3.406200000000002,102.36280000000008,0.0,1.0,1.0,0.0,0.0,0.0,0.0,0.0,0.0,0.0,0.0,0.0,0.0,0.0,0.0,0.0,0.0,0.0,0.0,0.0,0.0,0.0,0.0,0.0,0.0,0.0,1.0,0.0,0.0,0.0,0.0,0.0,0.0,0.0,0.0,0.0,6.0,0.0,0.0,0.0,0.0,4.0,0.0,0.0,0.0,0.0,0.0,0.0,0.0,0.0,0.0,0.0,0.0,0.0,0.0,0.0,0.0,0.0,0.0,0.0,0.0,0.0,0.0,0.0,0.0,0.0,0.0,0.0,0.0,0.0,0.0,0.0,0.0,0.0,0.0,0.0,0.0,0.0,0.0,0.0,0.0,0.0,0.0,0.0,0.0
O=C(NC1CC1)[C@H]1[C@@H]2[C@@]3(C)[C@@H](O)[C@H](OC3=O)C=C2[C@H]2[C@]31CC(=C)[C@@](O)(C3)CC2,33.0,Low,2.0,2-90,Table2,13.546421485260769,13.546421485260769,0.03571759259259255,-1.1166302910052908,0.49072012359580597,53.392857142857146,385.46000000000026,358.24400000000014,385.18892296399997,150.0,0.0,0.3154295933805242,-0.4547949396023009,0.4547949396023009,0.3154295933805242,1.3571428571428572,2.107142857142857,2.8214285714285716,16.565769497602243,9.603582310449605,2.7512601456333563,-2.424110260861479,2.736254939503066,-2.5227517111495685,5.876225478196962,-0.1513644933888385,3.3289558776265458,1.5389598417318364,860.988424105451,19.637463722575184,16.110371415024723,16.110371415024723,13.204815018005773,10.524021809893,10.524021809893,10.315439682167254,10.315439682167254,8.894507625682788,8.894507625682788,7.39845387750955,7.39845387750955,-1.6599999999999997,3884405.4816320455,17.219915161501437,4.901956451748359,1.7786815027229645,163.56376156220892,20.26670634748779,17.622923244893386,0.0,5.907179729351506,0.0,5.969305287951849,9.589074368143644,0.0,0.0,0.0,12.152040213667764,68.430688089708,11.959746875309353,11.518956857145081,24.538992111625106,11.876485017303356,0.0,5.316788604006331,28.58369907727774,69.29949135287494,0.0,23.801164850570917,0.0,0.0,5.316788604006331,0.0,0.0,0.0,45.94036422261301,14.325937321943691,28.58369907727774,45.448666937246685,23.801164850570917,0.0,0.0,0.0,95.86,40.52617585938709,19.802129157825057,0.0,23.784832650822253,19.26246486877803,30.40867392891656,0.0,6.923737199690624,6.076020106833881,11.895724287604828,4.736862953800049,5.492109512786596,0.0,26.401568916918617,25.222018967309147,-0.5447459608843526,-1.164576719576721,0.21486725245653782,4.871270786092214,5.924153911564626,0.0,0.7272727272727273,28.0,3.0,6.0,5.0,1.0,6.0,1.0,0.0,0.0,0.0,8.0,4.0,5.0,3.0,6.0,1.0,2.0,4.0,1.0,5.0,1.0,0.0,3.014688365160048,6.0,1.221099999999999,98.70230000000004,0.0,2.0,1.0,0.0,0.0,0.0,0.0,0.0,0.0,0.0,2.0,2.0,0.0,0.0,0.0,0.0,1.0,0.0,0.0,0.0,0.0,0.0,0.0,0.0,0.0,0.0,1.0,1.0,0.0,0.0,0.0,0.0,0.0,0.0,0.0,0.0,6.0,0.0,0.0,0.0,1.0,1.0,0.0,0.0,0.0,0.0,0.0,0.0,0.0,0.0,0.0,0.0,0.0,0.0,0.0,0.0,0.0,0.0,0.0,0.0,0.0,0.0,0.0,0.0,0.0,0.0,0.0,0.0,0.0,0.0,0.0,0.0,0.0,0.0,0.0,0.0,0.0,0.0,0.0,0.0,0.0,0.0,0.0,0.0,0.0
S(=O)(=O)(O[C@H]1[C@H]2OC[C@@H](OS(=O)(=O)C)[C@H]2OC1)C,31.0,Low,3.0,2-91,Table2,11.025644500083985,11.025644500083985,0.019866307634164748,-3.617875409423028,0.5761487627776549,36.77777777777778,302.326,288.214,302.013009408,106.0,0.0,0.26433099187619086,-0.3696765962633133,0.3696765962633133,0.26433099187619086,0.8333333333333334,1.1666666666666667,1.4444444444444444,32.24123841129963,10.115778540521967,2.505689069525675,-2.1507355128632923,2.3114130761825815,-2.3521188631095353,7.85756674789372,0.022575198734599768,2.663985899500408,2.029810337191039,461.2150500951927,13.55204176387779,9.80609754377023,11.439090705625683,8.156596523969727,5.153152472627141,8.786145634482594,4.273499661372247,7.474896421759725,2.5593250020109903,3.752882611196226,2.04311915784456,3.27130582717185,-0.2600000000000001,8253.028316652264,14.155504419859925,4.689029676157723,3.3945784530818885,105.40516895526407,9.473725907600098,24.41586555099321,0.0,0.0,20.236253718067108,0.0,8.366170865299415,0.0,16.835593968657875,0.0,0.0,0.0,0.0,25.725302296048646,34.67549074155739,20.236253718067108,0.0,0.0,0.0,24.41586555099321,25.725302296048646,0.0,0.0,0.0,0.0,0.0,0.0,0.0,66.97676181569972,38.07615049096662,0.0,0.0,0.0,0.0,0.0,0.0,105.2,44.652119269060314,16.835593968657875,0.0,13.213763929025836,0.0,12.511538367022808,0.0,0.0,0.0,0.0,17.839896772899515,64.29901554757706,0.0,0.0,0.0,0.0,0.0,0.0,-0.9363306773326632,0.03973261526832994,-7.235750818846056,1.0,18.0,0.0,8.0,0.0,2.0,2.0,0.0,0.0,0.0,0.0,4.0,0.0,8.0,0.0,10.0,2.0,4.0,0.0,2.0,2.0,0.0,0.0,3.6875322392058334,2.0,-1.526399999999998,58.91360000000004,0.0,0.0,0.0,0.0,0.0,0.0,0.0,0.0,0.0,0.0,0.0,0.0,0.0,0.0,0.0,0.0,0.0,0.0,0.0,0.0,0.0,0.0,0.0,0.0,0.0,0.0,0.0,0.0,0.0,0.0,0.0,0.0,0.0,0.0,0.0,0.0,1.0,0.0,0.0,0.0,0.0,2.0,0.0,0.0,0.0,0.0,0.0,0.0,0.0,0.0,0.0,0.0,0.0,0.0,0.0,0.0,0.0,0.0,0.0,0.0,0.0,0.0,0.0,0.0,0.0,0.0,0.0,0.0,0.0,0.0,0.0,0.0,0.0,0.0,0.0,0.0,0.0,0.0,0.0,0.0,0.0,0.0,0.0,0.0,0.0
O=C(OC)[C@H]1[C@@H]2[C@@](C(=O)OC)(C)[C@@H]3O[C@@]2([C@H]2[C@]41CC(=C)[C@@](O)(C4)CC2)C=CO3,29.0,Low,13.0,2-92,Table2,13.183072562358277,13.183072562358277,0.05300359032501967,-1.175361394557823,0.5667723208459176,52.642857142857146,390.4320000000002,364.22400000000016,390.167853172,152.0,0.0,0.3178632914615797,-0.4714834353113093,0.4714834353113093,0.3178632914615797,1.3214285714285714,2.0714285714285716,2.75,16.706049411106154,9.614562080275183,2.8333019457092425,-2.458274968978988,2.772591847577546,-2.4984105816215973,5.8262850380826885,-0.20735611104489066,3.098947286060066,1.762382000387275,819.5717390061975,20.11251969619285,16.39633885935363,16.39633885935363,13.193142199709962,9.773467263472588,9.773467263472588,9.308054830786746,9.308054830786746,8.404102491019293,8.404102491019293,7.407421186103724,7.407421186103724,-1.8599999999999997,2586480.5712588853,18.186521233139402,5.1879610246911705,1.7022716398900957,163.2011903540581,24.0539792100409,11.016041280380467,0.0,6.290026729335213,0.0,11.938610575903699,9.589074368143644,0.0,0.0,0.0,6.578935683598497,55.58904484385599,5.917906046161393,32.000632388120934,33.64305357818454,11.938610575903699,0.0,0.0,28.58369907727774,50.099152042697256,14.219595082555067,24.490140768922434,0.0,0.0,0.0,0.0,0.0,0.0,48.756861404602056,28.536526183343838,28.58369907727774,32.60702369139466,24.490140768922434,0.0,0.0,0.0,91.29000000000002,46.12722667037078,14.69560176298435,0.0,11.887211334113243,25.683286491704038,5.573104530069267,14.219595082555067,13.185817648111414,6.076020106833881,6.578935683598497,18.947451815200196,22.473096025447216,0.0,26.164370472726127,11.148846056941295,-2.798810403019232,-2.047875566893425,0.0,4.820200223607962,5.877976347946586,2.695530176576803,0.7142857142857143,28.0,1.0,7.0,3.0,2.0,5.0,0.0,0.0,0.0,0.0,8.0,4.0,7.0,1.0,7.0,2.0,2.0,3.0,1.0,4.0,2.0,0.0,3.3696772618659154,5.0,1.7011999999999994,95.42880000000004,0.0,1.0,0.0,0.0,0.0,0.0,0.0,0.0,0.0,0.0,2.0,2.0,0.0,0.0,0.0,0.0,0.0,0.0,0.0,0.0,0.0,0.0,0.0,0.0,0.0,0.0,0.0,0.0,0.0,0.0,0.0,0.0,0.0,0.0,0.0,0.0,2.0,0.0,0.0,0.0,2.0,4.0,0.0,0.0,0.0,0.0,0.0,0.0,0.0,0.0,0.0,0.0,0.0,0.0,0.0,2.0,0.0,0.0,0.0,0.0,0.0,0.0,0.0,0.0,0.0,0.0,0.0,0.0,0.0,0.0,0.0,0.0,0.0,0.0,0.0,0.0,0.0,0.0,0.0,0.0,0.0,0.0,0.0,0.0,0.0
O=C(OCC=C)N[C@H]1[C@@H]2[C@]3(C)C(=O)O[C@@]2([C@H]2[C@]41CC(=C)[C@@](O)(C4)CC2)C=CC3=O,0.0,Low,0.0,2-93,Table2,12.897449739939594,12.897449739939594,0.04858036501637586,-1.375731568090199,0.4264092821583394,48.758620689655174,399.4430000000002,374.24300000000017,399.16818751999995,154.0,0.0,0.40719430607982693,-0.45328115448016004,0.45328115448016004,0.40719430607982693,1.4827586206896552,2.2413793103448274,2.9655172413793105,16.5685992964129,9.631577825126445,2.8236828040235786,-2.444769358863357,2.7431017175078676,-2.5558830564637725,6.122185571318234,-0.15800782942415642,3.0851485538962797,1.6639953099398834,908.9785638408348,20.8196264773794,16.402304131262863,16.402304131262863,13.638300644843572,10.059159762112785,10.059159762112785,9.442939106713753,9.442939106713753,8.274412147477976,8.274412147477976,7.12634728476319,7.12634728476319,-2.4099999999999997,3744102.3483744324,18.608011043784114,5.3879037553726405,1.9439277296161686,168.36082326090852,19.897041906447136,17.622923244893386,5.783244946364939,0.0,0.0,12.062545358890265,9.589074368143644,4.794537184071822,0.0,0.0,19.233891474030877,50.33216843513169,23.29264339086753,5.601050810983688,28.963864854656265,17.845790305255203,0.0,5.316788604006331,22.665793031116348,49.85096614251,6.606881964512918,36.95903621776791,0.0,0.0,5.316788604006331,4.794537184071822,0.0,0.0,46.80314211572416,19.06280027574374,22.665793031116348,32.60702369139466,36.95903621776791,0.0,0.0,0.0,101.93,46.05437479496055,19.49013894705617,0.0,18.30803295703925,25.683286491704038,5.573104530069267,12.152040213667762,12.999757306524504,0.0,18.474659971203327,9.473725907600098,11.141211498488284,0.0,38.29273583664411,14.096265815363488,-3.1593500934324346,-1.5424361195095335,-0.5682960128495849,6.08713811546198,9.319397626500349,0.0,0.5909090909090909,29.0,2.0,7.0,4.0,1.0,5.0,1.0,0.0,0.0,0.0,7.0,4.0,6.0,2.0,7.0,1.0,3.0,3.0,1.0,4.0,1.0,0.0,3.4571783649248276,5.0,1.8152999999999995,101.51650000000005,0.0,1.0,0.0,0.0,0.0,0.0,0.0,0.0,0.0,0.0,3.0,3.0,0.0,0.0,0.0,0.0,1.0,0.0,0.0,0.0,0.0,0.0,0.0,0.0,1.0,0.0,1.0,1.0,0.0,0.0,0.0,0.0,0.0,0.0,0.0,0.0,1.0,0.0,0.0,0.0,1.0,2.0,0.0,0.0,0.0,0.0,0.0,0.0,0.0,0.0,0.0,1.0,0.0,0.0,0.0,0.0,0.0,0.0,0.0,0.0,0.0,0.0,0.0,0.0,0.0,0.0,0.0,0.0,0.0,0.0,0.0,0.0,0.0,0.0,0.0,0.0,0.0,0.0,0.0,0.0,0.0,0.0,0.0,0.0,0.0
S(=O)(=O)(O[C@H]1[C@H]2OC[C@@H](O)[C@H]2OC1)c1c([N+](=O)[O-])cccc1,0.0,Low,0.0,2-94,Table2,12.283238378684807,12.283238378684807,0.028497732426304268,-4.358810941043082,0.4576794705832704,31.136363636363637,331.302,318.19800000000004,331.03618737600004,120.0,0.0,0.30379704917565803,-0.3878928435809983,0.3878928435809983,0.30379704917565803,1.2272727272727273,1.9090909090909092,2.6363636363636362,32.23997881953806,10.116007194141563,2.493435541114372,-2.157524372821003,2.3218376043289926,-2.3386384452337325,7.865289365324392,-0.38748003387244195,3.029523177229365,1.8467121013207213,690.1216010046452,15.905412915006313,11.193429230600925,12.009925811528651,10.398684032670673,6.479382104892708,7.887630395356571,4.976880904491035,6.517405690312223,3.5634096090115097,4.947859489937242,2.560398674490316,3.7985151838073237,-1.5899999999999999,119511.65981852122,15.311239944158608,5.556019574711535,2.5907660295815744,125.23164091987923,14.580253302440804,24.41586555099321,4.895483475517775,0.0,5.687386274683562,10.118126859033554,14.29740370141528,0.0,8.417796984328938,0.0,12.13273413692322,6.06636706846161,6.06636706846161,18.137074977843508,32.104446768237125,15.805513133717117,0.0,0.0,0.0,29.311349026510985,13.213763929025836,34.37978654261201,0.0,0.0,0.0,5.687386274683562,0.0,0.0,56.077264908006356,23.77493819928336,10.114318268765572,0.0,29.160951749364212,0.0,0.0,0.0,125.20000000000002,50.04017320904577,23.638642647935217,0.0,13.213763929025836,0.0,12.13273413692322,12.13273413692322,0.0,0.0,0.0,13.656811340249806,40.13684445074327,0.0,9.616727053092944,20.539377902791053,-0.5644996903082224,0.0,4.917113948961893,-3.1547886747291534,-0.0486307161753583,-4.358810941043082,0.5,22.0,1.0,9.0,0.0,2.0,2.0,0.0,1.0,0.0,1.0,4.0,0.0,8.0,1.0,10.0,2.0,4.0,0.0,2.0,2.0,0.0,0.0,3.8667976746750172,3.0,-0.1728000000000005,70.64200000000002,0.0,1.0,1.0,0.0,0.0,0.0,0.0,0.0,0.0,0.0,0.0,0.0,0.0,0.0,0.0,1.0,0.0,0.0,0.0,0.0,0.0,0.0,0.0,0.0,0.0,0.0,0.0,0.0,0.0,0.0,0.0,0.0,0.0,0.0,1.0,0.0,1.0,0.0,0.0,0.0,0.0,2.0,0.0,0.0,0.0,0.0,0.0,0.0,0.0,0.0,0.0,0.0,0.0,0.0,0.0,0.0,0.0,0.0,1.0,1.0,0.0,0.0,0.0,0.0,1.0,0.0,0.0,0.0,0.0,0.0,0.0,0.0,0.0,0.0,0.0,0.0,0.0,0.0,0.0,0.0,0.0,0.0,0.0,0.0,0.0
S(=O)(=O)(O[C@H]1[C@H]2OC[C@@H](O)[C@H]2OC1)c1ccc(N)cc1,193.0,Low,15.0,2-95,Table2,12.132888794406652,12.132888794406652,0.021940192743764797,-3.913787792894935,0.5721213418250446,33.25,301.32,286.2,301.06200820000004,110.0,0.0,0.29691745774516987,-0.3987277131345219,0.3987277131345219,0.29691745774516987,1.15,1.8,2.5,32.23997809932821,10.116008702475707,2.488964058995355,-2.158454665537701,2.3039489759421197,-2.3375701862931355,7.863792708202354,0.009789097771476329,2.9457890354943634,1.7562410384840756,586.4700400652127,14.328062645816686,10.507069323362867,11.323565904290593,9.471163677742107,6.173319005923724,7.581567296387587,4.821082019184648,6.39318492016942,3.400893511567299,4.750963067460516,2.3792136298143243,3.4502372351108344,-1.19,47874.963404854396,13.777565172272135,4.973613213119668,2.403649384028532,115.91855589439214,20.313920779602988,24.41586555099321,0.0,0.0,10.118126859033554,0.0,4.183085432649707,0.0,8.417796984328938,0.0,0.0,24.26546827384644,5.687386274683562,18.10924740454361,27.18113571941945,15.805513133717117,0.0,0.0,0.0,29.311349026510985,18.94743140618802,24.26546827384644,0.0,0.0,5.733667477162185,5.687386274683562,0.0,0.0,51.15395385918868,23.77493819928336,0.0,0.0,29.160951749364212,0.0,0.0,0.0,108.08000000000001,34.53399241002676,13.524324379169643,0.0,18.10924740454361,5.687386274683562,0.0,24.26546827384644,0.0,0.0,0.0,19.390478817411992,40.05940108759553,0.0,0.021940192743764797,9.594129786058899,5.983465194400891,0.0,5.7268434009406235,-2.5808284599933247,0.19216992448188375,-3.913787792894935,0.5,20.0,3.0,7.0,0.0,2.0,2.0,0.0,1.0,0.0,1.0,4.0,0.0,7.0,2.0,8.0,2.0,3.0,0.0,2.0,2.0,0.0,0.0,3.426214009271502,3.0,-0.49880000000000035,68.40000000000003,0.0,1.0,1.0,1.0,0.0,0.0,0.0,0.0,0.0,0.0,0.0,0.0,0.0,0.0,0.0,0.0,0.0,1.0,0.0,0.0,0.0,0.0,0.0,0.0,0.0,0.0,0.0,0.0,0.0,1.0,0.0,0.0,0.0,0.0,1.0,0.0,1.0,0.0,0.0,0.0,0.0,2.0,0.0,0.0,0.0,0.0,0.0,0.0,0.0,0.0,0.0,0.0,0.0,0.0,0.0,0.0,0.0,0.0,0.0,0.0,0.0,0.0,0.0,0.0,0.0,0.0,0.0,0.0,0.0,0.0,0.0,0.0,0.0,0.0,0.0,0.0,0.0,0.0,0.0,0.0,0.0,0.0,0.0,0.0,0.0
S(=O)(=O)(O[C@H]1[C@H]2OC[C@@H](O)[C@H]2OC1)c1c(N)cccc1,193.0,Low,11.0,2-96,Table2,12.203238378684809,12.203238378684809,0.05393022486772514,-3.997144274376416,0.5721213418250447,33.25,301.31999999999994,286.2,301.06200820000004,110.0,0.0,0.2989766418591826,-0.3975988191316889,0.3975988191316889,0.2989766418591826,1.2,1.9,2.65,32.239978592635936,10.116007396702571,2.4901565608071787,-2.164199346971766,2.31173309718982,-2.338745239278611,7.865424189091066,0.009798036316189565,2.94303881459283,1.7971699514642883,603.7200400652125,14.328062645816686,10.507069323362867,11.323565904290593,9.488000430147714,6.179302070067431,7.587550360531294,4.789872509621492,6.330397295442679,3.4204683359066386,4.831482254112602,2.4492023995338714,3.645317478023303,-1.19,48245.235287620264,13.777565172272135,4.973613213119668,2.292667093578689,115.91855589439214,20.313920779602988,29.311349026510985,0.0,0.0,10.118126859033554,0.0,4.183085432649707,0.0,8.417796984328938,0.0,12.13273413692322,12.13273413692322,0.0,18.9011502037094,27.18113571941945,15.805513133717117,0.0,0.0,0.0,29.311349026510985,18.94743140618802,24.26546827384644,0.0,0.0,5.733667477162185,5.687386274683562,0.0,0.0,51.15395385918868,23.77493819928336,0.0,0.0,29.160951749364212,0.0,0.0,0.0,108.08000000000001,34.53399241002676,13.524324379169643,0.0,23.79663367922717,0.0,0.0,12.13273413692322,12.13273413692322,0.0,0.0,19.390478817411992,40.20162840136055,0.0,-0.08148573318216124,9.60160130257082,5.768802568867053,0.0,6.067669504517448,-2.645475035693292,0.16773659926933804,-3.997144274376416,0.5,20.0,3.0,7.0,0.0,2.0,2.0,0.0,1.0,0.0,1.0,4.0,0.0,7.0,2.0,8.0,2.0,3.0,0.0,2.0,2.0,0.0,0.0,3.426214009271502,3.0,-0.49879999999999947,68.40000000000003,0.0,1.0,1.0,1.0,0.0,0.0,0.0,0.0,0.0,0.0,0.0,0.0,0.0,0.0,0.0,0.0,0.0,1.0,0.0,0.0,0.0,0.0,0.0,0.0,0.0,0.0,0.0,0.0,0.0,1.0,0.0,0.0,0.0,0.0,1.0,0.0,1.0,0.0,0.0,0.0,0.0,2.0,0.0,0.0,0.0,0.0,0.0,0.0,0.0,0.0,0.0,0.0,0.0,0.0,0.0,0.0,0.0,0.0,0.0,0.0,0.0,0.0,0.0,0.0,1.0,0.0,0.0,0.0,0.0,0.0,0.0,0.0,0.0,0.0,0.0,0.0,0.0,0.0,0.0,0.0,0.0,0.0,0.0,0.0,0.0
S(=O)(=O)(O[C@H]1[C@H]2OC[C@@H](OS(=O)(=O)c3ccc(N)cc3)[C@H]2OC1)c1ccc(N)cc1,113.0,Low,2.0,2-97,Table2,12.49934088879536,12.49934088879536,0.05844874807131206,-4.085258317332839,0.4629935611838375,26.533333333333335,456.49800000000016,436.33800000000025,456.06610760000007,162.0,0.0,0.296917457778282,-0.3987277131345219,0.3987277131345219,0.296917457778282,0.6666666666666666,1.0,1.3333333333333333,32.241420472564364,10.115763631134417,2.514609810056586,-2.169597097350511,2.3352233611232944,-2.3555075385879234,7.8665311663762845,0.02199522173648702,3.2552532958662055,1.4423546948781802,1026.2812819474323,21.51829709012867,15.579600235666492,17.212593397521943,14.15463365524951,8.964988861444741,11.78148544237247,6.9115708488299505,10.05577665079948,4.8006496250241755,7.500788736810607,3.299621919889276,5.441669130482291,-2.2199999999999998,6096021.700076358,21.028880630570725,7.796220394822719,4.147531653217419,173.46925453262432,20.94106086192447,24.41586555099321,0.0,0.0,20.236253718067108,0.0,8.366170865299415,0.0,16.835593968657875,0.0,0.0,48.53093654769288,11.374772549367124,23.004730880061388,34.67549074155739,31.61102626743423,0.0,0.0,0.0,34.20683250202876,24.681098883350206,48.53093654769288,0.0,0.0,11.46733495432437,11.374772549367124,0.0,0.0,54.465223448676916,38.07615049096662,0.0,0.0,58.321903498728425,0.0,0.0,0.0,157.24,44.652119269060314,16.835593968657875,0.0,23.004730880061388,11.374772549367124,0.0,48.53093654769288,0.0,0.0,0.0,29.307231727223886,71.67213816732708,0.0,-0.11689749614262435,0.0,11.980309944551466,0.0,11.114134941804494,-3.461934697764426,-0.1839008917769731,-8.170516634665677,0.3333333333333333,30.0,4.0,10.0,0.0,2.0,2.0,0.0,2.0,0.0,2.0,4.0,0.0,10.0,2.0,12.0,2.0,6.0,0.0,2.0,2.0,0.0,0.0,5.464859601744932,4.0,0.4966000000000014,105.30640000000002,0.0,0.0,0.0,2.0,0.0,0.0,0.0,0.0,0.0,0.0,0.0,0.0,0.0,0.0,0.0,0.0,0.0,2.0,0.0,0.0,0.0,0.0,0.0,0.0,0.0,0.0,0.0,0.0,0.0,2.0,0.0,0.0,0.0,0.0,2.0,0.0,1.0,0.0,0.0,0.0,0.0,2.0,0.0,0.0,0.0,0.0,0.0,0.0,0.0,0.0,0.0,0.0,0.0,0.0,0.0,0.0,0.0,0.0,0.0,0.0,0.0,0.0,0.0,0.0,0.0,0.0,0.0,0.0,0.0,0.0,0.0,0.0,0.0,0.0,0.0,0.0,0.0,0.0,0.0,0.0,0.0,0.0,0.0,0.0,0.0
S(=O)(=O)(O[C@H]1[C@H]2OC[C@@H](OS(=O)(=O)c3c(N)cccc3)[C@H]2OC1)c1c(N)cccc1,91.0,Low,8.0,2-98,Table2,12.576000118306736,12.576000118306736,0.049128448058511465,-4.17483379802283,0.4629935611838375,26.533333333333335,456.49800000000016,436.33800000000025,456.0661076,162.0,0.0,0.29897664189229495,-0.3975988191316889,0.3975988191316889,0.29897664189229495,0.7,1.0666666666666667,1.4333333333333333,32.24142124180058,10.115761029715095,2.516446307416666,-2.1748029245325,2.344454236785643,-2.356853781702098,7.868229873441417,0.02202825600521545,3.2515940519063284,1.4760241954398963,1060.7812819474323,21.51829709012867,15.579600235666492,17.212593397521943,14.188307160060726,8.976954989732155,11.793451570659885,6.8491518297036365,9.930201401346006,4.839799273702853,7.661827110114779,3.4395994593283703,5.831829616307225,-2.2199999999999998,6195317.4241960095,21.028880630570725,7.796220394822719,3.8914950941132016,173.46925453262432,20.94106086192447,34.20683250202876,0.0,0.0,20.236253718067108,0.0,8.366170865299415,0.0,16.835593968657875,0.0,24.26546827384644,24.26546827384644,0.0,24.58853647839296,34.67549074155739,31.61102626743423,0.0,0.0,0.0,34.20683250202876,24.681098883350206,48.53093654769288,0.0,0.0,11.46733495432437,11.374772549367124,0.0,0.0,54.465223448676916,38.07615049096662,0.0,0.0,58.321903498728425,0.0,0.0,0.0,157.24,44.652119269060314,16.835593968657875,0.0,34.37950342942851,0.0,0.0,36.39820241076966,12.13273413692322,0.0,0.0,29.307231727223886,71.98149663103605,0.0,-0.3307823628946245,0.0,11.554405461089543,0.0,11.801876591514453,-3.5912278491643583,-0.23276754220206453,-8.34966759604566,0.3333333333333333,30.0,4.0,10.0,0.0,2.0,2.0,0.0,2.0,0.0,2.0,4.0,0.0,10.0,2.0,12.0,2.0,6.0,0.0,2.0,2.0,0.0,0.0,5.464859601744932,4.0,0.4966000000000014,105.30640000000002,0.0,0.0,0.0,2.0,0.0,0.0,0.0,0.0,0.0,0.0,0.0,0.0,0.0,0.0,0.0,0.0,0.0,2.0,0.0,0.0,0.0,0.0,0.0,0.0,0.0,0.0,0.0,0.0,0.0,2.0,0.0,0.0,0.0,0.0,2.0,0.0,1.0,0.0,0.0,0.0,0.0,2.0,0.0,0.0,0.0,0.0,0.0,0.0,0.0,0.0,0.0,0.0,0.0,0.0,0.0,0.0,0.0,0.0,0.0,0.0,0.0,0.0,0.0,0.0,2.0,0.0,0.0,0.0,0.0,0.0,0.0,0.0,0.0,0.0,0.0,0.0,0.0,0.0,0.0,0.0,0.0,0.0,0.0,0.0,0.0
O(C)c1c(O)c2c(cc1)C=C[C@]1(CC[N+]([O-])(C)C)C2=CC(=O)C(OC)=C1,18.0,Low,7.0,99,Table2,12.426874527588813,12.426874527588813,0.011189531368102301,-0.6983848261526835,0.6474761364200682,21.5,357.40600000000006,334.2220000000001,357.157622836,138.0,0.0,0.21989456819892572,-0.6331664131386981,0.6331664131386981,0.21989456819892572,1.2307692307692308,1.9615384615384615,2.576923076923077,16.538847785689658,9.66553802943397,2.4103322899130273,-2.4110154807308017,2.5279537763603264,-2.3763666469060647,6.1147525866837364,-0.8401644388746234,2.5916976002274077,2.189622435118923,844.492893501121,19.11251969619286,15.40573553036622,15.40573553036622,12.204455788097828,8.375326091243755,8.375326091243755,7.136856664514291,7.136856664514291,4.914978702487422,4.914978702487422,3.4789311950855,3.4789311950855,-2.57,508649.16271823127,18.2279620368436,6.301822014261846,3.019132934108533,152.36104503716447,24.43384517902759,0.0,17.258188538223987,5.783244946364939,0.0,0.0,4.794537184071822,0.0,0.0,0.0,18.218407282129373,29.354963303895634,17.399263584019785,34.85969545382203,24.021129338322122,17.432369583268088,0.0,0.0,5.41499046939678,6.4208216229260096,34.85969545382203,52.45411533725232,0.0,11.49902366656781,4.736862953800049,0.0,11.49902366656781,0.0,50.39580664683716,9.53140013787187,10.62224349417407,17.547724606320003,36.11995932908104,0.0,11.64912463690315,0.0,78.82000000000001,10.061329321206276,15.108317603689816,0.0,17.29192165130502,29.851645883888757,5.563451491696996,20.295615189388947,26.23773114064987,18.218407282129373,0.0,9.473725907600098,10.008383330183925,0.0,12.426874527588813,22.848169730485296,1.3123313492063498,0.29497934513311574,3.521382511337868,7.579653486394557,0.33673461514235337,6.088157771194387,0.35,26.0,1.0,6.0,2.0,0.0,2.0,0.0,1.0,0.0,1.0,1.0,0.0,5.0,1.0,6.0,0.0,5.0,0.0,0.0,0.0,0.0,0.0,4.4180527861119305,3.0,2.8747000000000007,99.16120000000004,0.0,0.0,0.0,0.0,0.0,0.0,0.0,1.0,0.0,0.0,1.0,1.0,0.0,0.0,0.0,1.0,0.0,0.0,3.0,0.0,0.0,0.0,0.0,0.0,0.0,0.0,4.0,0.0,0.0,0.0,0.0,0.0,0.0,0.0,1.0,0.0,3.0,0.0,0.0,0.0,0.0,2.0,0.0,0.0,0.0,0.0,0.0,0.0,0.0,0.0,0.0,1.0,0.0,0.0,0.0,2.0,0.0,0.0,0.0,0.0,0.0,0.0,0.0,0.0,0.0,1.0,1.0,0.0,0.0,0.0,0.0,0.0,0.0,0.0,1.0,0.0,0.0,0.0,0.0,0.0,0.0,0.0,0.0,0.0,0.0
S(=O)(=O)(O[C@H]1[C@H]2OC[C@H](NC(=O)C)[C@H]2OC1)c1ccc(-c2ccccc2)cc1,71.0,Low,11.0,3-2,Table3,12.680745753548333,12.680745753548333,0.0759620653817088,-3.969186862244897,0.7649338485678092,26.75,403.4560000000001,382.2880000000002,403.10895839200003,148.0,0.0,0.2969155749229828,-0.37031967850780384,0.37031967850780384,0.2969155749229828,0.9642857142857143,1.6071428571428572,2.2857142857142856,32.239978729959226,10.06764599585204,2.497025403182283,-2.1698153113370457,2.310940390455754,-2.4312837052106,7.863802996544537,-0.1198893547222184,3.2559549097274747,1.4557273079645345,944.421022007073,19.725403871315216,15.277505095085276,16.094001676013,13.437490172930893,9.029927863931453,10.438176154395318,6.882118436939429,8.454221337924201,4.8970308306965,6.247100386589714,3.59442878971194,4.665452395008446,-2.2599999999999993,3221207.358930863,19.073676195623275,7.63294422380462,3.8131419461024687,163.28279416369242,14.790514511606428,18.31189916324491,0.0,5.907179729351506,10.118126859033554,0.0,8.97762261672153,0.0,8.417796984328938,0.0,42.46456947923127,23.259637120317212,6.923737199690624,24.15108823369157,26.869145508650565,16.02530658838506,0.0,5.316788604006331,0.0,36.172960667601274,13.213763929025836,54.59730361615449,0.0,11.126902983393991,5.316788604006331,0.0,0.0,0.0,51.89248063509914,28.56947538335518,0.0,6.923737199690624,59.49278709167226,0.0,11.126902983393991,0.0,90.93000000000002,28.43002602227846,13.212334168400758,0.0,30.05826796304308,0.0,11.126902983393991,19.056471336613843,12.13273413692322,30.33183534230805,5.316788604006331,13.656811340249806,42.033760423781935,0.0,11.340217134718564,2.756071801548096,1.9202395766269742,-0.18671691490594777,15.943568829091387,-1.6922855310428175,1.7709982090933778,-3.969186862244897,0.35,28.0,1.0,7.0,0.0,2.0,2.0,1.0,2.0,0.0,2.0,4.0,0.0,6.0,1.0,8.0,2.0,5.0,0.0,2.0,2.0,0.0,0.0,5.199582376575084,4.0,1.7298,101.02150000000002,0.0,0.0,0.0,0.0,0.0,0.0,0.0,0.0,0.0,0.0,1.0,1.0,0.0,0.0,0.0,0.0,1.0,0.0,0.0,0.0,0.0,0.0,0.0,0.0,0.0,0.0,0.0,1.0,0.0,0.0,0.0,0.0,0.0,0.0,2.0,0.0,1.0,0.0,0.0,0.0,0.0,2.0,0.0,0.0,0.0,0.0,0.0,0.0,0.0,0.0,0.0,0.0,0.0,0.0,0.0,0.0,0.0,0.0,0.0,0.0,0.0,0.0,0.0,0.0,0.0,0.0,0.0,0.0,0.0,0.0,0.0,0.0,0.0,0.0,0.0,0.0,0.0,0.0,0.0,0.0,0.0,0.0,0.0,0.0,0.0
Brc1ccc(S(=O)(=O)O[C@H]2[C@H]3OC[C@H](N(C)C)[C@H]3OC2)cc1,7.0,Low,1.0,3-5,Table3,12.344355788611741,12.344355788611741,0.11943031201869547,-3.8312870842781552,0.7192080139395611,31.636363636363637,392.27100000000013,374.1270000000002,391.008905776,122.0,0.0,0.2969161743065731,-0.3708459366425928,0.3708459366425928,0.2969161743065731,1.1363636363636365,1.7727272727272727,2.409090909090909,79.91873116505427,10.080286570871792,2.4999216950394927,-2.22011175577889,2.320888743737852,-2.403320485943592,9.102997412966475,0.031052451788856975,3.0170887965301865,1.7276116577457163,633.1382113838752,15.905412915006313,12.307683527182467,14.710176647224898,10.381847280265065,6.968053298833441,9.169299858854657,5.669577951081588,8.15735638085805,3.997722348177249,5.8764574171087025,2.788902579339054,4.124258941154681,-0.5100000000000001,116375.14905976235,16.35137575458049,6.179504288112778,3.082950623093727,138.14169694982132,14.373635638450576,18.31189916324491,0.0,0.0,10.118126859033554,0.0,4.183085432649707,0.0,8.417796984328938,0.0,15.929943897949348,38.36081223920082,4.472719515832414,24.151088233691574,22.074608324578744,26.048070756982902,0.0,4.899909730850478,0.0,29.249223467910646,27.309107894380215,28.738187789678854,0.0,0.0,0.0,0.0,0.0,15.929943897949348,64.98055460195249,23.77493819928336,0.0,0.0,33.63367126519663,0.0,0.0,0.0,65.07000000000001,16.222093246781856,8.417796984328938,0.0,29.752139044675257,6.606881964512918,4.472719515832414,12.13273413692322,12.13273413692322,18.99525369620486,15.929943897949348,13.656811340249806,42.25412975851243,3.277080283559516,2.1502863675058843,0.0,0.0,0.0,6.459066922835862,-1.1098722521415985,0.7320992684263788,0.0705429846348653,0.5714285714285714,22.0,0.0,6.0,0.0,2.0,2.0,0.0,1.0,0.0,1.0,4.0,0.0,6.0,0.0,8.0,2.0,4.0,0.0,2.0,2.0,0.0,0.0,4.592881663271521,3.0,1.2508,83.15580000000004,0.0,0.0,0.0,0.0,0.0,0.0,0.0,0.0,0.0,0.0,0.0,0.0,0.0,0.0,0.0,1.0,0.0,0.0,0.0,1.0,0.0,0.0,0.0,0.0,0.0,0.0,0.0,0.0,0.0,0.0,0.0,0.0,0.0,0.0,1.0,0.0,1.0,0.0,0.0,0.0,0.0,2.0,0.0,0.0,1.0,0.0,0.0,0.0,0.0,0.0,0.0,0.0,0.0,0.0,0.0,0.0,0.0,0.0,0.0,0.0,0.0,0.0,0.0,0.0,0.0,0.0,0.0,0.0,0.0,0.0,0.0,0.0,0.0,0.0,0.0,0.0,0.0,0.0,0.0,0.0,0.0,0.0,0.0,0.0,0.0
Brc1ccc(S(=O)(=O)O[C@H]2[C@H]3OC[C@H]([N+](C)(C)C)[C@H]3OC2)cc1,30.0,Low,1.0,3-6,Table3,12.413896683673471,12.413896683673471,0.12990701373141866,-3.838010085978835,0.5579590505766879,31.304347826086957,407.30600000000015,386.1380000000002,406.03183229209003,128.0,0.0,0.2969162018799244,-0.3662141217058544,0.3662141217058544,0.2969162018799244,1.0869565217391304,1.6956521739130435,2.3043478260869565,79.9187311807224,10.063000240877207,2.5392921072598575,-2.3262755476859476,2.336747115964603,-2.518345864760876,9.102997650674597,-0.8969867246878429,3.010216361472391,1.7357138336631586,670.1028059796986,16.828062645816683,13.307683527182467,15.710176647224898,10.682488543147294,7.415266894333399,9.616513454354616,6.822204031828666,9.309982461605127,4.329367732512291,6.2081028014437445,3.0103625371164524,4.3457188989320805,-0.5100000000000001,149704.08008874496,17.317480854428293,6.090101209594376,3.4718082073675514,144.71661055081327,13.956756765294722,30.96062195690579,0.0,0.0,10.118126859033554,0.0,4.183085432649707,0.0,8.417796984328938,0.0,15.929943897949348,24.26546827384644,4.472719515832414,32.64538138806226,26.55763918227337,26.048070756982902,0.0,0.0,0.0,29.249223467910646,34.356779877057406,28.738187789678854,0.0,0.0,0.0,0.0,0.0,15.929943897949348,71.61134771147383,23.77493819928336,0.0,0.0,33.63367126519663,0.0,0.0,0.0,61.83000000000001,16.222093246781856,8.417796984328938,0.0,29.752139044675257,11.089912822207541,4.472719515832414,12.13273413692322,12.13273413692322,0.0,37.07295984598092,13.656811340249806,43.32376501217771,3.284990375604224,0.12990701373141866,0.0,0.0,0.0,6.532338527774133,-1.0899185484378946,0.7625159350930456,2.389735017390696,0.6,23.0,0.0,6.0,0.0,2.0,2.0,0.0,1.0,0.0,1.0,4.0,0.0,5.0,0.0,8.0,2.0,4.0,0.0,2.0,2.0,0.0,0.0,4.585443960812226,3.0,1.3953999999999998,87.50120000000005,0.0,0.0,0.0,0.0,0.0,0.0,0.0,0.0,0.0,0.0,0.0,0.0,0.0,0.0,0.0,1.0,0.0,0.0,0.0,1.0,0.0,0.0,0.0,0.0,0.0,0.0,0.0,0.0,0.0,0.0,0.0,0.0,0.0,0.0,1.0,0.0,1.0,0.0,0.0,0.0,0.0,2.0,0.0,0.0,1.0,0.0,0.0,0.0,0.0,0.0,0.0,0.0,0.0,0.0,0.0,0.0,0.0,0.0,0.0,0.0,0.0,0.0,0.0,0.0,0.0,0.0,0.0,0.0,0.0,0.0,0.0,0.0,0.0,0.0,1.0,0.0,0.0,0.0,0.0,0.0,0.0,0.0,0.0,0.0,0.0
Brc1ccc(S(=O)(=O)O[C@H]2[C@H]3OC[C@H](NC(=O)C)[C@H]3OC2)cc1,8.0,Low,1.0,3-7,Table3,12.32893011988746,12.32893011988746,0.06996102607709798,-3.9078331154992854,0.7453296622117608,30.17391304347826,406.25400000000013,390.1260000000002,404.988170332,126.0,0.0,0.296916177155223,-0.37031967850780373,0.37031967850780373,0.296916177155223,1.2173913043478262,1.8695652173913044,2.5217391304347827,79.91873118150976,10.087065436130834,2.496823535525648,-2.168594419322809,2.3071821722780355,-2.4312824742399353,9.102997937439783,-0.1198884959026568,3.0295403353807044,1.6958606809253132,691.7239721138593,16.61251969619286,12.268718222146372,14.671211342188803,10.865010527859457,7.058226497913108,9.259473057934324,5.445635788796167,7.933414218572629,3.7492299200176,5.627964988949053,2.7510365032010493,4.086392865016677,-1.0000000000000002,181517.9387346703,16.84375,6.481481481481482,3.582703213610586,142.09324756326976,14.790514511606428,18.31189916324491,0.0,5.907179729351506,10.118126859033554,0.0,8.97762261672153,0.0,8.417796984328938,0.0,15.929943897949348,24.26546827384644,11.396456715523037,24.151088233691574,26.869145508650565,31.955250486334407,0.0,5.316788604006331,0.0,36.17296066760127,13.213763929025836,28.738187789678854,0.0,0.0,5.316788604006331,0.0,0.0,15.929943897949348,51.89248063509914,28.56947538335518,0.0,6.923737199690624,33.63367126519663,0.0,0.0,0.0,90.93000000000002,28.43002602227846,13.212334168400758,0.0,30.05826796304308,0.0,4.472719515832414,19.056471336613843,12.13273413692322,0.0,21.24673250195568,13.656811340249806,41.854352390153565,3.253285435245437,11.227880902022871,2.7353072305980857,0.0,-0.18546076447569027,5.887086257597621,-1.6449109898589078,1.7802926542163,-3.9078331154992854,0.5,23.0,1.0,7.0,0.0,2.0,2.0,1.0,1.0,0.0,1.0,4.0,0.0,6.0,1.0,9.0,2.0,4.0,0.0,2.0,2.0,0.0,0.0,4.746628421900161,3.0,0.8252999999999995,83.28550000000004,0.0,0.0,0.0,0.0,0.0,0.0,0.0,0.0,0.0,0.0,1.0,1.0,0.0,0.0,0.0,0.0,1.0,0.0,0.0,0.0,0.0,0.0,0.0,0.0,0.0,0.0,0.0,1.0,0.0,0.0,0.0,0.0,0.0,0.0,1.0,0.0,1.0,0.0,0.0,0.0,0.0,2.0,0.0,0.0,1.0,0.0,0.0,0.0,0.0,0.0,0.0,0.0,0.0,0.0,0.0,0.0,0.0,0.0,0.0,0.0,0.0,0.0,0.0,0.0,0.0,0.0,0.0,0.0,0.0,0.0,0.0,0.0,0.0,0.0,0.0,0.0,0.0,0.0,0.0,0.0,0.0,0.0,0.0,0.0,0.0
CC1=C([C@H](C[N+](C)(C)C)[C@]2(CC3=C)[C@]4([H])CC[C@]3(O)C2)C4=CC=C1,30.0,Low,1.0,3-11,Table3,11.091835317460317,11.091835317460317,0.19847222222222238,-0.6016052532123961,0.651319465009788,38.56521739130435,312.47700000000003,282.237,312.23219100009,124.0,0.0,0.08600234003445788,-0.3855040315861561,0.3855040315861561,0.08600234003445788,1.3043478260869565,2.0434782608695654,2.739130434782609,16.284957218419073,9.627265445024026,2.644776702234771,-2.437642810084322,2.710138936306689,-2.448093003666102,5.50863523742087,-0.8722357987109551,2.7898342006173302,1.9012014993636424,685.5722520077456,16.620955864630137,15.023819224067333,15.023819224067333,10.663067680782708,8.968009748989603,8.968009748989603,9.416412765580555,9.416412765580555,6.868782254889628,6.868782254889628,6.021866588372543,6.021866588372543,-1.12,154646.08940861985,15.410174419205754,4.488008813210068,2.008099309125381,139.96247725166884,9.58955825253533,0.0,0.0,0.0,0.0,0.0,0.0,0.0,0.0,0.0,24.778036888983326,66.20337921211309,5.917906046161393,33.288823164927834,9.58955825253533,0.0,0.0,0.0,5.41499046939678,50.043886594701135,27.687772353944144,47.04149589414358,0.0,0.0,0.0,0.0,0.0,0.0,42.87838141746316,0.0,12.338727669087405,54.20945305911782,30.351141419052592,0.0,0.0,0.0,20.23,5.601050810983688,5.106527394840706,0.0,5.41499046939678,11.835812092322787,42.284178285380506,5.563451491696996,11.126902983393991,0.0,52.84479003670552,0.0,0.9700552721088436,0.0,0.0,11.091835317460317,5.2842238284202585,1.1418981481481478,6.849274848828419,3.9281578325774755,7.690775699168556,6.877112386621315,0.6190476190476191,23.0,1.0,2.0,3.0,0.0,3.0,0.0,1.0,0.0,1.0,4.0,2.0,1.0,1.0,2.0,0.0,2.0,2.0,0.0,2.0,1.0,0.0,3.006999939413033,4.0,3.7433200000000024,94.55120000000007,0.0,1.0,0.0,0.0,0.0,0.0,0.0,0.0,0.0,0.0,0.0,0.0,0.0,0.0,0.0,1.0,0.0,0.0,0.0,1.0,0.0,0.0,0.0,0.0,0.0,0.0,0.0,0.0,0.0,0.0,1.0,0.0,0.0,0.0,1.0,0.0,3.0,0.0,0.0,0.0,0.0,0.0,0.0,0.0,0.0,0.0,0.0,0.0,0.0,0.0,0.0,0.0,0.0,0.0,0.0,0.0,0.0,0.0,0.0,0.0,0.0,0.0,0.0,0.0,0.0,0.0,0.0,0.0,0.0,0.0,0.0,0.0,0.0,0.0,1.0,0.0,0.0,0.0,0.0,0.0,0.0,0.0,0.0,0.0,0.0
CC1=C([C@H](CNC(C)=O)[C@]2(CC3=C)[C@]4([H])CC[C@]3(O)C2)C4=CC=C1,91.0,Low,4.0,3-12,Table3,11.509846663202318,11.509846663202318,0.016554469009826267,-0.6935305650037795,0.8242754401153402,37.43478260869565,311.425,286.225,311.18852904000005,122.0,0.0,0.2163929563129482,-0.3855040559842018,0.3855040559842018,0.2163929563129482,1.4782608695652173,2.260869565217391,3.0,16.284986148616905,9.628943265327571,2.6350578800844424,-2.4240226894313985,2.7068942459363887,-2.406780325140708,5.726472676380966,-0.11872898548777339,2.853797597733136,1.8469540659488817,709.5932666270819,16.405412915006313,13.984853919031238,13.984853919031238,10.87246311903255,8.617818732298097,8.617818732298097,7.880601553571577,7.880601553571577,6.693617208342643,6.693617208342643,5.752168882317645,5.752168882317645,-1.6099999999999999,202984.9155315625,14.949326786379796,4.699213075460533,1.8908219055029543,137.33911426412539,10.423315998847038,0.0,0.0,5.907179729351506,0.0,0.0,4.794537184071822,0.0,0.0,0.0,24.778036888983326,66.20337921211309,19.38639965176459,5.601050810983688,9.901064578912528,5.907179729351506,0.0,5.316788604006331,5.41499046939678,56.967623794391756,6.544756405912575,47.04149589414358,0.0,0.0,5.316788604006331,0.0,0.0,0.0,23.159514341088475,4.794537184071822,12.338727669087405,61.13319025880844,30.351141419052592,0.0,0.0,0.0,49.33,5.601050810983688,9.901064578912528,0.0,17.24007624490968,12.462662452073968,31.256391021773304,16.690354475090988,6.923737199690624,0.0,37.018562692680284,0.0,0.0,0.0,11.509846663202318,14.032027116402116,4.491020644368859,0.7752194349962203,6.574146510456035,3.509368150037793,8.608371480536658,0.0,0.55,23.0,2.0,3.0,3.0,0.0,3.0,1.0,1.0,0.0,1.0,4.0,2.0,2.0,2.0,3.0,0.0,2.0,2.0,0.0,2.0,1.0,0.0,3.0543509523429706,4.0,3.1732200000000015,90.33550000000004,0.0,1.0,0.0,0.0,0.0,0.0,0.0,0.0,0.0,0.0,1.0,1.0,0.0,0.0,0.0,0.0,1.0,0.0,0.0,0.0,0.0,0.0,0.0,0.0,0.0,0.0,0.0,1.0,0.0,0.0,1.0,0.0,0.0,0.0,1.0,0.0,3.0,0.0,0.0,0.0,0.0,0.0,0.0,0.0,0.0,0.0,0.0,0.0,0.0,0.0,0.0,0.0,0.0,0.0,0.0,0.0,0.0,0.0,0.0,0.0,0.0,0.0,0.0,0.0,0.0,0.0,0.0,0.0,0.0,0.0,0.0,0.0,0.0,0.0,0.0,0.0,0.0,0.0,0.0,0.0,0.0,0.0,0.0,0.0,0.0
OC[C@H]1c2c(C)cccc2[C@@H]2[C@@]31C[C@@H](O)[C@](C)(C3)CC2,113.0,Low,20.0,3-15,Table3,10.580461545729403,10.580461545729403,0.06931311413454289,-0.19799225245653895,0.8244184398419985,45.3,272.38800000000003,248.19599999999994,272.177630008,108.0,0.0,0.05992887744447715,-0.39571794441871155,0.39571794441871155,0.05992887744447715,1.35,2.15,2.9,16.269722569303745,9.608507547039395,2.641478873470543,-2.4281872774183237,2.718341222414706,-2.3463552535039636,5.486935979266518,0.04776171296600134,2.7851945721245874,1.914655639918136,566.5366918134971,14.120955864630139,12.394062712070411,12.394062712070411,9.516621071375981,7.900777698359042,7.900777698359042,7.688126167072881,7.688126167072881,6.767222872440079,6.767222872440079,5.847486063205143,5.847486063205143,-0.8600000000000001,54990.88163202786,12.848761441724625,3.863448425654548,1.3208935621394287,120.38168253606062,10.213054789681411,0.0,0.0,0.0,0.0,0.0,0.0,0.0,0.0,0.0,25.122838405075456,66.0452651514406,5.917906046161393,12.71084835226122,10.213054789681411,0.0,0.0,0.0,10.82998093879356,57.47053937115639,6.606881964512918,34.88945568047582,0.0,0.0,0.0,0.0,0.0,0.0,22.92390314194263,0.0,17.753718138484185,61.13319025880844,18.19910120538483,0.0,0.0,0.0,40.46,0.0,10.213054789681411,0.0,29.458735337216172,5.917906046161393,19.26246486877803,23.111176098016998,0.0,0.0,32.046575604766076,0.0,0.0,0.0,0.0,20.660031179138322,4.3353018707482995,0.7641203703703701,6.581960978835979,4.029508219954648,4.629077380952381,0.0,0.6666666666666666,20.0,2.0,2.0,3.0,0.0,3.0,0.0,1.0,0.0,1.0,5.0,2.0,2.0,2.0,2.0,0.0,1.0,2.0,0.0,2.0,1.0,0.0,2.482026358182093,4.0,3.109320000000002,78.76160000000004,0.0,2.0,2.0,0.0,0.0,0.0,0.0,0.0,0.0,0.0,0.0,0.0,0.0,0.0,0.0,0.0,0.0,0.0,0.0,0.0,0.0,0.0,0.0,0.0,0.0,0.0,0.0,0.0,0.0,0.0,1.0,0.0,0.0,0.0,1.0,0.0,3.0,0.0,0.0,0.0,0.0,0.0,0.0,0.0,0.0,0.0,0.0,0.0,0.0,0.0,0.0,0.0,0.0,0.0,0.0,0.0,0.0,0.0,0.0,0.0,0.0,0.0,0.0,0.0,0.0,0.0,0.0,0.0,0.0,0.0,0.0,0.0,0.0,0.0,0.0,0.0,0.0,0.0,0.0,0.0,0.0,0.0,0.0,0.0,0.0
O=C(OC)[C@H]1c2c(C)cccc2[C@@H]2[C@]31CC(=C)[C@@](O)(C3)CC2,49.0,Low,1.0,3-19,Table3,12.644034863945578,12.644034863945578,0.16944444444444473,-0.7929374527588813,0.6394795124450424,38.59090909090909,298.38200000000006,276.20599999999996,298.15689456399997,116.0,0.0,0.3132630550459618,-0.4685306244932779,0.4685306244932779,0.3132630550459618,1.4545454545454546,2.227272727272727,2.9545454545454546,16.524297136521678,9.629296823660395,2.6579052128624134,-2.4119760615860395,2.710188931498539,-2.397896120709563,5.828278151555351,-0.14654478193655102,2.8683206378617703,1.959762342701994,691.9207532535444,15.698306133819765,13.185995428308555,13.185995428308555,10.42730467389894,8.007064621531569,8.007064621531569,7.347101078286842,7.347101078286842,6.396516871314181,6.396516871314181,5.505851028600951,5.505851028600951,-1.6099999999999999,135774.82571382477,14.01239593662566,4.226387429240317,1.4756576937373713,130.5378551956276,9.843390348640755,0.0,0.0,0.0,0.0,5.969305287951849,4.794537184071822,0.0,0.0,0.0,24.77803688898333,60.78838874271631,5.41499046939678,18.628754398422615,14.637927532712576,5.969305287951849,0.0,0.0,5.41499046939678,50.04388659470115,7.109797541277533,47.04149589414358,0.0,0.0,0.0,0.0,0.0,0.0,23.786681035053775,9.53140013787187,12.338727669087405,54.20945305911782,30.3511414190526,0.0,0.0,0.0,46.53,5.601050810983688,9.901064578912528,0.0,17.302201803510023,12.338727669087403,35.96247238224129,12.673249032974528,0.0,0.0,31.70177408867395,4.736862953800049,5.158320578231293,0.0,12.644034863945578,10.900981198034769,3.4325850340136057,-0.11777777777777865,6.299565854119425,3.0262223639455783,6.194715608465609,1.4613522770219198,0.5263157894736842,22.0,1.0,3.0,3.0,0.0,3.0,0.0,1.0,0.0,1.0,4.0,2.0,3.0,1.0,3.0,0.0,1.0,2.0,0.0,2.0,1.0,0.0,2.691900638186036,4.0,3.2101200000000016,83.66780000000004,0.0,1.0,0.0,0.0,0.0,0.0,0.0,0.0,0.0,0.0,1.0,1.0,0.0,0.0,0.0,0.0,0.0,0.0,0.0,0.0,0.0,0.0,0.0,0.0,0.0,0.0,0.0,0.0,0.0,0.0,1.0,0.0,0.0,0.0,1.0,0.0,3.0,0.0,0.0,0.0,1.0,1.0,0.0,0.0,0.0,0.0,0.0,0.0,0.0,0.0,0.0,0.0,0.0,0.0,0.0,1.0,0.0,0.0,0.0,0.0,0.0,0.0,0.0,0.0,0.0,0.0,0.0,0.0,0.0,0.0,0.0,0.0,0.0,0.0,0.0,0.0,0.0,0.0,0.0,0.0,0.0,0.0,0.0,0.0,0.0
O=C1[C@@]2([C@@H](C=C[C@@]3([C@@H]2[C@@H]([C@@]45[C@H]3CC[C@@](C(C4)=C)(C5)O)C[NH3+])O1)[NH3+])C,504.0,High,39.0,3-20,Table3,12.873203380889393,12.873203380889393,0.03486111111111101,-0.7303649376417234,0.4427309353241582,60.166666666666664,332.444,304.21999999999997,332.20889559618,130.0,0.0,0.31910064169319774,-0.4535264110738614,0.4535264110738614,0.31910064169319774,1.5,2.25,2.9583333333333335,16.56607648208124,9.60244532904154,2.8219997368748184,-2.4416665635397505,2.76379870764384,-2.7182405472935467,5.829995291743874,-0.4326466269365873,2.947332536870623,1.7498906540301102,704.7254695844132,17.12095586463014,14.384666041057823,14.384666041057823,11.244453794726219,9.202770390560696,9.202770390560696,9.177329525058056,9.177329525058056,8.559962860153272,8.559962860153272,7.509599761273523,7.509599761273523,-1.1700000000000002,364104.6196073861,15.113743157765468,3.972453543996484,1.2536882073833475,141.64892973072594,21.310725302965125,17.05788210952843,0.0,0.0,0.0,5.969305287951849,4.794537184071822,0.0,0.0,0.0,6.578935683598497,55.747158904528476,17.75371813848418,12.145807216896262,26.10526248703695,5.969305287951849,0.0,0.0,28.583699077277743,49.85096614251,6.544756405912575,24.304080427335528,0.0,0.0,11.46733495432437,0.0,0.0,0.0,34.86453153982046,9.53140013787187,28.583699077277743,32.60702369139466,24.304080427335528,0.0,0.0,0.0,101.81,16.617092091364157,9.901064578912528,0.0,35.17985472498077,0.0,37.801147427685876,0.0,0.0,6.923737199690624,30.19831085159063,4.736862953800049,6.1805494142101285,0.0,12.873203380889393,11.056896573444194,7.625520715230537,0.5409571050642472,-0.06970710506424838,7.45067578420257,7.0085707986898464,0.0,0.7368421052631579,24.0,7.0,5.0,4.0,1.0,5.0,0.0,0.0,0.0,0.0,8.0,4.0,3.0,3.0,5.0,1.0,1.0,3.0,1.0,4.0,1.0,0.0,2.501610107088252,5.0,-0.565999999999997,85.96200000000002,0.0,1.0,0.0,0.0,0.0,0.0,0.0,0.0,0.0,0.0,1.0,1.0,0.0,0.0,0.0,0.0,0.0,0.0,0.0,0.0,0.0,0.0,0.0,0.0,0.0,0.0,0.0,0.0,0.0,0.0,0.0,0.0,0.0,0.0,0.0,0.0,1.0,0.0,0.0,0.0,1.0,1.0,0.0,0.0,0.0,0.0,0.0,0.0,0.0,0.0,0.0,0.0,0.0,0.0,0.0,0.0,0.0,0.0,0.0,0.0,0.0,0.0,0.0,0.0,0.0,0.0,0.0,0.0,0.0,0.0,0.0,0.0,0.0,0.0,2.0,0.0,0.0,0.0,0.0,0.0,0.0,0.0,0.0,0.0,0.0
O=C1[C@]2(C)[C@H](N=[N+]=[N-])C=C[C@]3(O1)[C@@H]2[C@H](CN=[N+]=[N-])[C@@]12[C@H]3CC[C@@](O)(C(=C)C1)C2,16.0,Low,1.0,3-21,Table3,13.079568334278157,13.079568334278157,0.011535336356764514,-1.0230640589569155,0.261694888451027,52.357142857142854,382.4240000000003,360.2480000000002,382.17533856399996,146.0,0.0,0.313385053757321,-0.45370679137190295,0.45370679137190295,0.313385053757321,1.4285714285714286,2.2142857142857144,2.9285714285714284,16.566137677054407,9.601757774435345,2.811507344472545,-2.4465259541792963,2.77115020269995,-2.488518087527638,5.834678179310731,-0.15745836723110695,3.0619422798136102,1.7452907606677455,935.9534561300759,19.94938298937633,15.653734051684477,15.653734051684477,13.282458597187002,9.668948755860832,9.668948755860832,9.345349662319634,9.345349662319634,8.560722608886017,8.560722608886017,7.578926144505243,7.578926144505243,-2.4699999999999998,2619892.734819199,17.616475220949404,5.114711213539475,1.6715623194753926,161.23659237425008,9.843390348640755,5.601050810983688,0.0,0.0,0.0,5.969305287951849,4.794537184071822,0.0,0.0,0.0,22.883456041691176,66.65130284142649,28.20399179274029,17.05788210952843,14.637927532712576,5.969305287951849,0.0,0.0,38.81219932853653,49.85096614251,6.544756405912575,45.18976171941095,0.0,0.0,0.0,0.0,0.0,0.0,34.86453153982047,9.53140013787187,28.583699077277743,32.60702369139466,34.53258067859432,0.0,20.885681292075432,0.0,144.05,22.658932920512115,9.901064578912528,0.0,35.682770301745386,25.683286491704038,5.573104530069267,0.0,12.999757306524504,6.076020106833881,26.63085922936222,15.799120951370554,6.114559476568406,0.0,18.993186426576806,18.908279675296043,15.759614921981443,-0.801090797430084,-0.6534892290249434,6.181726505416982,6.163879687282014,0.0,0.7368421052631579,28.0,1.0,9.0,4.0,1.0,5.0,0.0,0.0,0.0,0.0,8.0,4.0,5.0,1.0,9.0,1.0,3.0,3.0,1.0,4.0,1.0,0.0,3.2179708341296505,5.0,3.570800000000003,98.47780000000004,0.0,1.0,0.0,0.0,0.0,0.0,0.0,0.0,0.0,0.0,1.0,1.0,0.0,0.0,0.0,6.0,0.0,0.0,0.0,0.0,0.0,0.0,0.0,0.0,0.0,0.0,0.0,0.0,0.0,0.0,0.0,2.0,0.0,0.0,0.0,0.0,1.0,0.0,0.0,0.0,1.0,1.0,0.0,0.0,0.0,0.0,0.0,0.0,0.0,0.0,0.0,0.0,0.0,0.0,0.0,0.0,0.0,0.0,0.0,0.0,0.0,0.0,0.0,0.0,0.0,0.0,0.0,0.0,0.0,0.0,0.0,0.0,0.0,0.0,0.0,0.0,0.0,0.0,0.0,0.0,0.0,0.0,0.0,0.0,0.0
O(C)c1cc2c([C@@H]3SC(=O)N4[C@H]3C[C@@H]([C@@H](C=C)C[N+](C)(C)C)CC4)ccnc2cc1,44.0,Low,7.0,3-25,Table3,12.851638558201058,12.851638558201058,0.11805366591080868,0.11805366591080868,0.4942328458904779,25.266666666666666,426.6060000000002,394.3500000000002,426.22097468409004,160.0,0.0,0.2821073180803616,-0.49674294763847343,0.49674294763847343,0.2821073180803616,1.3666666666666667,2.1666666666666665,2.8666666666666667,32.16673027936497,9.787164530040872,2.4624122347630473,-2.4023556023250343,2.500054274192835,-2.4632590866009143,8.136724044481925,-0.8731389380315695,3.058433030474036,1.6628714267447284,955.1068508679526,21.465890847321372,18.375422255720462,19.19191883664819,14.302174912447276,10.633989606637865,11.51364241789276,9.50527198746151,10.59808288773017,6.452883348841545,7.711060350249292,5.024376458082751,6.351301531258842,-2.05,6342777.216744037,21.192297624236286,8.233079341424327,4.076495743750635,183.23339819080303,14.119803542345151,5.749511833283905,0.0,0.0,5.239211713172287,0.0,9.77851570501903,0.0,0.0,6.578935683598497,17.837905056224997,48.58846905755685,30.087571067299802,45.56420864282011,14.014430995566494,27.904021594644455,0.0,9.883888251797686,11.835812092322787,24.133422104982156,41.34232630113425,48.68071912758889,0.0,5.749511833283905,4.736862953800049,4.794537184071822,5.749511833283905,11.761884949391115,66.9902979529468,0.0,11.835812092322787,23.65503276753119,43.11726763589189,0.0,10.902924932081056,0.0,42.43,0.0,4.794537184071822,0.0,16.53099057230242,11.835812092322787,47.06662368073675,17.325336441088112,7.109797541277533,18.329577708536295,55.814594127184854,4.736862953800049,6.376466393447329,1.4754848513479464,19.482982982742634,1.405846639581759,2.13269883608989,1.8329956094390623,8.281317607289829,6.071652002615657,6.050380037570799,8.390175039875096,0.5,30.0,0.0,5.0,0.0,2.0,2.0,1.0,1.0,1.0,2.0,4.0,0.0,4.0,0.0,6.0,3.0,6.0,0.0,2.0,2.0,0.0,0.0,5.81592892558052,4.0,4.740300000000005,123.82740000000004,0.0,0.0,0.0,0.0,0.0,1.0,0.0,0.0,0.0,0.0,1.0,1.0,0.0,0.0,0.0,3.0,0.0,0.0,0.0,0.0,0.0,0.0,0.0,0.0,0.0,0.0,0.0,1.0,0.0,0.0,0.0,0.0,0.0,0.0,1.0,0.0,2.0,0.0,0.0,0.0,0.0,1.0,0.0,0.0,0.0,0.0,0.0,0.0,0.0,0.0,0.0,0.0,0.0,0.0,0.0,1.0,0.0,0.0,0.0,0.0,0.0,0.0,0.0,0.0,0.0,0.0,0.0,0.0,0.0,1.0,0.0,0.0,0.0,1.0,1.0,1.0,0.0,0.0,0.0,0.0,0.0,0.0,0.0,0.0,0.0
O=C(NC[C@H](C=C)[C@@H]1C[C@H]2[C@H](c3c4c(ncc3)ccc(OC)c4)SC(=O)N2CC1)C,91.0,Low,9.0,3-26,Table3,12.783948526571631,12.783948526571631,0.026884366501970902,-0.026884366501970902,0.7035619535552808,24.4,425.55400000000026,398.33800000000014,425.17731272400005,158.0,0.0,0.28210731791818716,-0.49674294763847343,0.49674294763847343,0.28210731791818716,1.4666666666666666,2.3,3.033333333333333,32.166730291262674,9.79044056065917,2.45759565547779,-2.3881103941999027,2.498600319947158,-2.4416761717311752,8.13672506771423,-0.11868752507066953,3.08629854407165,1.636834559781939,979.319708541151,21.25034789769755,17.33645695068437,18.15295353161209,14.511570350697117,10.283798589946358,11.163451401201252,7.969460775452538,9.0622716757212,6.281052092615302,7.539229094023047,4.67989399777948,6.006819070955572,-2.54,8203045.123601142,20.721462995289134,8.676962524654831,3.90451724159498,180.61003520325957,14.953561288656857,5.749511833283905,0.0,5.907179729351506,5.239211713172287,0.0,14.573052889090853,0.0,0.0,6.578935683598497,17.837905056224997,54.50637510371824,37.63815862674161,17.87643628887597,14.325937321943691,33.81120132399597,0.0,15.200676855804018,11.835812092322787,31.05715930467278,20.199310353102685,48.68071912758889,0.0,5.749511833283905,10.05365155780638,4.794537184071822,5.749511833283905,11.761884949391115,47.27143087657212,4.794537184071822,11.835812092322787,30.578769967221813,43.11726763589189,0.0,10.902924932081056,0.0,71.52999999999999,0.0,9.589074368143644,0.0,28.356076347815325,12.462662452073968,41.602287908826554,18.685622149081738,7.109797541277533,41.43824168314387,16.879702808552036,4.736862953800049,5.419467728598736,1.4147569706895102,30.669281876527823,4.148121622256551,2.0316654593936345,1.3392236155424704,8.030275331856735,5.590805160664919,6.867290353586835,1.6557785475494502,0.43478260869565216,30.0,1.0,6.0,0.0,2.0,2.0,2.0,1.0,1.0,2.0,4.0,0.0,5.0,1.0,7.0,3.0,6.0,0.0,2.0,2.0,0.0,0.0,5.993311928871522,4.0,4.170200000000004,119.61170000000004,0.0,0.0,0.0,0.0,0.0,1.0,0.0,0.0,0.0,0.0,2.0,2.0,0.0,0.0,0.0,2.0,1.0,0.0,0.0,0.0,0.0,0.0,0.0,0.0,0.0,0.0,0.0,2.0,0.0,0.0,0.0,0.0,0.0,0.0,1.0,0.0,2.0,0.0,0.0,0.0,0.0,1.0,0.0,0.0,0.0,0.0,0.0,0.0,0.0,0.0,0.0,0.0,0.0,0.0,0.0,1.0,0.0,0.0,0.0,0.0,0.0,0.0,0.0,0.0,0.0,0.0,0.0,0.0,0.0,1.0,0.0,0.0,0.0,1.0,0.0,1.0,0.0,0.0,0.0,0.0,0.0,0.0,0.0,0.0,0.0
O=C1[C@]2(C)[C@@H](O)C=C[C@]3(O1)[C@@H]2[C@H](CO)[C@@]12[C@H]3CC[C@@](O)(C(=C)C1)C2,21.0,Low,1.0,3-29,Table3,12.691978891093475,12.691978891093475,0.05666666666666642,-1.0314725056689338,0.49124346372134786,60.166666666666664,332.39600000000013,308.20400000000006,332.162373868,130.0,0.0,0.31563270725376424,-0.45363664189921704,0.45363664189921704,0.31563270725376424,1.4583333333333333,2.2083333333333335,2.9166666666666665,16.567704796550164,9.609955367811413,2.8136250176310704,-2.4446770145150913,2.7674103946451747,-2.4955801765054284,5.830844809689573,-0.1601059243579822,2.947332536870623,1.7498906540301098,699.8707166121399,17.120955864630137,13.864879669684644,13.864879669684644,11.244453794726219,8.868948755860833,8.868948755860833,8.909572814044417,8.909572814044417,8.239785926054816,8.239785926054816,7.240386005880278,7.240386005880278,-1.17,364104.6196073861,15.113743157765468,3.972453543996484,1.2536882073833475,140.55761584109254,20.056445138322168,11.016041280380467,0.0,0.0,0.0,5.969305287951849,4.794537184071822,0.0,0.0,0.0,12.654955790432378,55.58904484385599,18.442694056835705,11.70501719873199,24.85098232239399,5.969305287951849,0.0,0.0,28.583699077277743,49.913091701110346,6.606881964512918,24.304080427335528,0.0,0.0,0.0,0.0,0.0,0.0,45.20183744670256,9.53140013787187,28.583699077277743,32.60702369139466,24.304080427335528,0.0,0.0,0.0,86.99000000000001,22.721058479112457,20.11411936859394,0.0,35.74489586034573,19.26246486877803,11.993926152995277,0.0,12.999757306524504,6.076020106833881,6.578935683598497,4.736862953800049,5.977216080876795,0.0,12.691978891093475,31.800045548311914,-2.114311460695389,-0.7615428949357532,0.0,5.267137896825397,5.8061426051902245,0.0,0.7368421052631579,24.0,3.0,5.0,4.0,1.0,5.0,0.0,0.0,0.0,0.0,8.0,4.0,5.0,3.0,5.0,1.0,1.0,3.0,1.0,4.0,1.0,0.0,2.501610107088252,5.0,0.9348000000000002,84.62340000000003,0.0,3.0,2.0,0.0,0.0,0.0,0.0,0.0,0.0,0.0,1.0,1.0,0.0,0.0,0.0,0.0,0.0,0.0,0.0,0.0,0.0,0.0,0.0,0.0,0.0,0.0,0.0,0.0,0.0,0.0,0.0,0.0,0.0,0.0,0.0,0.0,1.0,0.0,0.0,0.0,1.0,1.0,0.0,0.0,0.0,0.0,0.0,0.0,0.0,0.0,0.0,0.0,0.0,0.0,0.0,0.0,0.0,0.0,0.0,0.0,0.0,0.0,0.0,0.0,0.0,0.0,0.0,0.0,0.0,0.0,0.0,0.0,0.0,0.0,0.0,0.0,0.0,0.0,0.0,0.0,0.0,0.0,0.0,0.0,0.0
O=C1[C@]2(C)[C@@H](O)C=C[C@]3(O1)[C@@H]2[C@H](CN=[N+]=[N-])[C@@]12[C@H]3CC[C@@](O)(C(=C)C1)C2,61.0,Low,20.0,3-30,Table3,12.82804905990174,12.82804905990174,0.035132275132274904,-1.057022392290249,0.259143308369592,55.96153846153846,357.41000000000025,334.2260000000001,357.168856216,138.0,0.0,0.31563103998376324,-0.4536383532405875,0.4536383532405875,0.31563103998376324,1.5384615384615385,2.3076923076923075,3.0384615384615383,16.567568755653344,9.607419229015132,2.812396644512098,-2.446345357304866,2.769029573431977,-2.4947289639786274,5.8310289056860665,-0.15964078786563526,3.0091430702286295,1.7456555130907923,819.6018739354187,18.53516942700323,14.75930686068456,14.75930686068456,12.244453794726217,9.268948755860833,9.268948755860833,9.140436889381718,9.140436889381718,8.384681137350958,8.384681137350958,7.364866124172777,7.364866124172777,-1.8199999999999998,967626.0639488585,16.360673667858606,4.528717196808111,1.4732660446967136,150.8971041076713,14.94991774348146,11.016041280380467,0.0,0.0,0.0,5.969305287951849,4.794537184071822,0.0,0.0,0.0,17.769205916061775,61.120173842641236,23.292280145487823,11.70501719873199,19.744454927553285,5.969305287951849,0.0,0.0,33.69794920290714,49.913091701110346,6.544756405912575,34.746921073373244,0.0,0.0,0.0,0.0,0.0,0.0,40.033184493261516,9.53140013787187,28.583699077277743,32.60702369139466,29.418330552964928,0.0,10.442840646037716,0.0,115.52000000000001,22.721058479112457,15.007591973753234,0.0,35.682770301745386,19.26246486877803,11.993926152995277,0.0,12.999757306524504,6.076020106833881,16.60489745648036,10.267991952585302,6.031690995842782,0.0,15.780587561413457,25.59056425579491,6.714128637566138,-0.7609594671201825,0.0,5.177816121819099,6.132838561350466,0.0,0.7368421052631579,26.0,2.0,7.0,4.0,1.0,5.0,0.0,0.0,0.0,0.0,8.0,4.0,5.0,2.0,7.0,1.0,2.0,3.0,1.0,4.0,1.0,0.0,2.8497255458075728,5.0,2.2528000000000006,91.55060000000003,0.0,2.0,1.0,0.0,0.0,0.0,0.0,0.0,0.0,0.0,1.0,1.0,0.0,0.0,0.0,3.0,0.0,0.0,0.0,0.0,0.0,0.0,0.0,0.0,0.0,0.0,0.0,0.0,0.0,0.0,0.0,1.0,0.0,0.0,0.0,0.0,1.0,0.0,0.0,0.0,1.0,1.0,0.0,0.0,0.0,0.0,0.0,0.0,0.0,0.0,0.0,0.0,0.0,0.0,0.0,0.0,0.0,0.0,0.0,0.0,0.0,0.0,0.0,0.0,0.0,0.0,0.0,0.0,0.0,0.0,0.0,0.0,0.0,0.0,0.0,0.0,0.0,0.0,0.0,0.0,0.0,0.0,0.0,0.0,0.0
O=C(OC)[C@H]1[C@@H]2[C@@]3(C)[C@@H](O)C=C[C@@]2(OC3=O)[C@H]2[C@]31CC(=C)[C@@](O)(C3)CC2,38.0,Low,5.0,3-31,Table3,12.98249858276644,12.98249858276644,0.09893518518518607,-1.1927225056689337,0.5376142352365746,56.15384615384615,360.40600000000023,336.2140000000001,360.157288488,140.0,0.0,0.31564840074209577,-0.46876619699948013,0.46876619699948013,0.31564840074209577,1.4615384615384615,2.1923076923076925,2.8846153846153846,16.569458504199922,9.607002197124713,2.8316673467110407,-2.4401207070448887,2.7703139757877113,-2.5048566126898333,5.865750655194074,-0.16396019724525202,3.01545274391151,1.777478154310954,787.1709114632932,18.69830613381976,15.027055873925864,15.027055873925864,12.15513739724918,9.24964441490267,9.24964441490267,9.12133619550677,9.12133619550677,8.310103555058989,8.310103555058989,7.241333170599987,7.241333170599987,-1.6600000000000001,892944.912885308,16.509069106907802,4.419320111164917,1.4302264505339874,151.40339153284378,19.68678069728151,11.016041280380467,0.0,0.0,0.0,11.938610575903699,9.589074368143644,0.0,0.0,0.0,12.654955790432378,49.671138797694596,11.835812092322787,24.732720786170916,29.275855065425148,11.938610575903699,0.0,0.0,28.58369907727774,49.913091701110346,7.109797541277533,24.304080427335528,0.0,0.0,0.0,0.0,0.0,0.0,46.56753091657831,19.06280027574374,28.58369907727774,32.60702369139466,24.304080427335528,0.0,0.0,0.0,93.06000000000002,51.91047161673572,19.802129157825057,0.0,5.917906046161393,25.683286491704038,5.573104530069267,7.109797541277533,19.075777413358384,0.0,6.578935683598497,9.473725907600098,11.132866591080877,0.0,25.79899325239355,21.68501673122953,-2.8928786375661364,-2.0831141345427078,0.0,4.564659863945578,5.780784989921894,1.347004676870748,0.7,26.0,2.0,6.0,4.0,1.0,5.0,0.0,0.0,0.0,0.0,8.0,4.0,6.0,2.0,6.0,1.0,1.0,3.0,1.0,4.0,1.0,0.0,2.806110043106503,5.0,1.115499999999999,89.55360000000003,0.0,2.0,1.0,0.0,0.0,0.0,0.0,0.0,0.0,0.0,2.0,2.0,0.0,0.0,0.0,0.0,0.0,0.0,0.0,0.0,0.0,0.0,0.0,0.0,0.0,0.0,0.0,0.0,0.0,0.0,0.0,0.0,0.0,0.0,0.0,0.0,1.0,0.0,0.0,0.0,2.0,2.0,0.0,0.0,0.0,0.0,0.0,0.0,0.0,0.0,0.0,0.0,0.0,0.0,0.0,1.0,0.0,0.0,0.0,0.0,0.0,0.0,0.0,0.0,0.0,0.0,0.0,0.0,0.0,0.0,0.0,0.0,0.0,0.0,0.0,0.0,0.0,0.0,0.0,0.0,0.0,0.0,0.0,0.0,0.0
S(=O)(=O)(O[C@H]1[C@H]2OC[C@H](N=[N+]=[N-])[C@H]2OC1)c1ccc(C)cc1,25.0,Low,0.0,3-35,Table3,12.279962836986645,12.279962836986645,0.08122346623834731,-3.8923170325228855,0.36073545279437574,30.772727272727273,325.346,310.22600000000006,325.07324158,118.0,0.0,0.29691516996353035,-0.37210301558315245,0.37210301558315245,0.29691516996353035,1.2272727272727273,1.9090909090909092,2.590909090909091,32.23997825129115,10.098056590154812,2.491313665476602,-2.160598317254671,2.318912080675575,-2.333760969371652,7.863786412179948,0.03336977686122045,3.038735850458244,1.7388821046749579,698.890676247873,15.742276208189782,11.824146245173157,12.640642826100883,10.509168480202892,6.784643871328911,8.192892161792775,5.270011727978858,6.842114628963629,3.741732857879629,5.091802413772846,2.6150242324599606,3.686047837756471,-1.6399999999999997,132683.36217440874,15.263174913034714,5.864062936700998,2.811829892485533,127.28309557835482,9.473725907600098,12.207932775496605,0.0,0.0,10.118126859033554,0.0,4.183085432649707,0.0,8.417796984328938,0.0,22.810435754249614,24.587600335399095,4.911711647252464,30.255054621439875,22.074608324578744,10.118126859033554,0.0,0.0,5.114250125629398,36.17296066760127,13.213763929025836,40.27176041158115,0.0,0.0,0.0,0.0,0.0,0.0,45.985300905747636,23.77493819928336,6.923737199690624,5.563451491696996,34.27520187499361,0.0,10.442840646037716,0.0,110.59,34.47186685142643,8.417796984328938,0.0,18.10924740454361,0.0,5.563451491696996,12.13273413692322,12.13273413692322,6.923737199690624,10.02596177288186,19.18794033903506,40.76495152536323,0.0,2.8285012551362354,3.5906350559813762,9.448047256475286,0.0,5.9440866912268415,-1.7499656714537677,2.1493942531270136,-3.8923170325228855,0.5384615384615384,22.0,0.0,8.0,0.0,2.0,2.0,0.0,1.0,0.0,1.0,4.0,0.0,6.0,0.0,9.0,2.0,4.0,0.0,2.0,2.0,0.0,0.0,4.068373559268697,3.0,1.5454199999999998,75.65180000000004,0.0,0.0,0.0,0.0,0.0,0.0,0.0,0.0,0.0,0.0,0.0,0.0,0.0,0.0,0.0,3.0,0.0,0.0,0.0,0.0,0.0,0.0,0.0,0.0,0.0,0.0,0.0,0.0,0.0,0.0,1.0,1.0,0.0,0.0,1.0,0.0,1.0,0.0,0.0,0.0,0.0,2.0,0.0,0.0,0.0,0.0,0.0,0.0,0.0,0.0,0.0,0.0,0.0,0.0,0.0,0.0,0.0,0.0,0.0,0.0,0.0,0.0,0.0,0.0,0.0,0.0,0.0,0.0,0.0,0.0,0.0,0.0,0.0,0.0,0.0,0.0,0.0,0.0,0.0,0.0,0.0,0.0,0.0,0.0,0.0
S(=O)(=O)(O[C@H]1[C@H]2OC[C@H](NC(=O)C)[C@H]2OC1)c1ccc(C)cc1,111.0,Low,35.0,3-36,Table3,12.34423624233644,12.34423624233644,0.099961026077098,-3.8869997821659523,0.7959598088329649,30.17391304347826,341.38500000000005,322.23300000000006,341.09330832800003,126.0,0.0,0.2969151808296299,-0.37031967850780384,0.37031967850780384,0.2969151808296299,1.173913043478261,1.826086956521739,2.4782608695652173,32.23997833489363,10.087064140256583,2.4967933296824767,-2.1688551548517974,2.3054597011607867,-2.431284812998961,7.863788126384124,-0.11988866466945884,3.0295403353807044,1.6958606809253127,686.4235820885381,16.61251969619286,12.890753749137145,13.707250330064872,10.865010527859459,7.369244261408494,8.777492551872358,5.804768167749803,7.376871068734573,3.956575095681192,5.306644651574408,2.8547090910328463,3.925732696329357,-1.48,181517.9387346703,16.380318617242818,6.197136596055514,3.3966814100524765,134.59064207202502,14.790514511606428,18.31189916324491,0.0,5.907179729351506,10.118126859033554,0.0,8.97762261672153,0.0,8.417796984328938,0.0,17.696185628620217,19.056471336613843,6.923737199690624,24.15108823369157,26.869145508650565,16.02530658838506,0.0,5.316788604006331,0.0,43.096697867291894,13.213763929025836,29.828919765543436,0.0,0.0,5.316788604006331,0.0,0.0,0.0,51.89248063509914,28.56947538335518,6.923737199690624,12.487188691387619,29.160951749364212,0.0,0.0,0.0,90.93000000000002,28.43002602227846,13.212334168400758,0.0,30.05826796304308,0.0,5.563451491696996,19.056471336613843,12.13273413692322,6.923737199690624,5.316788604006331,13.656811340249806,41.139355053749895,0.0,11.261707432635117,2.7405155639314187,0.9634157037506121,-0.1810228946532051,6.153701271371725,-1.616432980599649,3.6757606319800376,-3.8869997821659523,0.5333333333333333,23.0,1.0,7.0,0.0,2.0,2.0,1.0,1.0,0.0,1.0,4.0,0.0,6.0,1.0,8.0,2.0,4.0,0.0,2.0,2.0,0.0,0.0,4.413524867737605,3.0,0.37122000000000055,80.32250000000005,0.0,0.0,0.0,0.0,0.0,0.0,0.0,0.0,0.0,0.0,1.0,1.0,0.0,0.0,0.0,0.0,1.0,0.0,0.0,0.0,0.0,0.0,0.0,0.0,0.0,0.0,0.0,1.0,0.0,0.0,1.0,0.0,0.0,0.0,1.0,0.0,1.0,0.0,0.0,0.0,0.0,2.0,0.0,0.0,0.0,0.0,0.0,0.0,0.0,0.0,0.0,0.0,0.0,0.0,0.0,0.0,0.0,0.0,0.0,0.0,0.0,0.0,0.0,0.0,0.0,0.0,0.0,0.0,0.0,0.0,0.0,0.0,0.0,0.0,0.0,0.0,0.0,0.0,0.0,0.0,0.0,0.0,0.0,0.0,0.0
S(=O)(=O)(O[C@H]1[C@H]2OC[C@@H](O)[C@H]2OC1)c1ccc(C)cc1,152.0,Low,29.0,3-37,Table3,12.173705120937264,12.173705120937264,0.09472686759889148,-3.85823223733938,0.8046574166253015,33.3,300.332,284.204,300.066759232,110.0,0.0,0.2969151837088429,-0.38789284358099846,0.38789284358099846,0.2969151837088429,1.15,1.8,2.5,32.239978090527124,10.11600692866444,2.4889380367063207,-2.1586600477732873,2.3032412351540206,-2.337565062661342,7.863784361822604,0.009788814851020636,2.9457890354943634,1.7562410384840756,581.3838737380324,14.328062645816686,10.92971905417324,11.746215635100967,9.471163677742107,6.384643871328911,7.792892161792774,5.06509895504094,6.637201856025713,3.541776755170757,4.891846311063974,2.4496552516160532,3.5206788569125633,-0.9900000000000001,47874.963404854396,13.968746554585984,5.085702971218872,2.470481547308451,116.94360731177603,14.580253302440804,24.41586555099321,0.0,0.0,10.118126859033554,0.0,4.183085432649707,0.0,8.417796984328938,0.0,17.696185628620217,19.056471336613843,0.0,18.10924740454361,27.18113571941945,10.118126859033554,0.0,0.0,0.0,36.23508622620161,13.213763929025836,29.828919765543436,0.0,0.0,0.0,0.0,0.0,0.0,51.15395385918868,23.77493819928336,6.923737199690624,5.563451491696996,29.160951749364212,0.0,0.0,0.0,82.06000000000002,34.53399241002676,13.524324379169643,0.0,18.10924740454361,0.0,5.563451491696996,12.13273413692322,12.13273413692322,6.923737199690624,0.0,13.656811340249806,40.22185006718737,0.0,0.10194019274376465,9.608018674947788,0.9680206559080118,0.0,6.421287845385067,-2.4883581763487985,2.108806310849511,-3.85823223733938,0.5384615384615384,20.0,1.0,6.0,0.0,2.0,2.0,0.0,1.0,0.0,1.0,4.0,0.0,6.0,1.0,7.0,2.0,3.0,0.0,2.0,2.0,0.0,0.0,3.5520447928430654,3.0,0.2274199999999993,68.72460000000004,0.0,1.0,1.0,0.0,0.0,0.0,0.0,0.0,0.0,0.0,0.0,0.0,0.0,0.0,0.0,0.0,0.0,0.0,0.0,0.0,0.0,0.0,0.0,0.0,0.0,0.0,0.0,0.0,0.0,0.0,1.0,0.0,0.0,0.0,1.0,0.0,1.0,0.0,0.0,0.0,0.0,2.0,0.0,0.0,0.0,0.0,0.0,0.0,0.0,0.0,0.0,0.0,0.0,0.0,0.0,0.0,0.0,0.0,0.0,0.0,0.0,0.0,0.0,0.0,0.0,0.0,0.0,0.0,0.0,0.0,0.0,0.0,0.0,0.0,0.0,0.0,0.0,0.0,0.0,0.0,0.0,0.0,0.0,0.0,0.0
S(=O)(=O)(O[C@H]1[C@H]2OC[C@H](N(C)C)[C@H]2OC1)c1ccccc1,116.0,Low,7.0,3-40,Table3,12.248361835474931,12.248361835474931,0.1278049676660784,-3.7936944916855615,0.7538610252259629,32.523809523809526,313.37499999999994,294.223,313.09839370800006,116.0,0.0,0.29691483918349776,-0.3708459366425929,0.3708459366425929,0.29691483918349776,1.0952380952380953,1.7619047619047619,2.4285714285714284,32.23997815997935,10.080286583489277,2.4997660743686803,-2.2200881370693804,2.318591628315236,-2.403314361982364,7.863780086235365,0.031052893091763616,3.0236054771095655,1.7275058832672396,588.6417471777204,15.035169427003234,12.007069323362867,12.823565904290593,9.988000430147713,6.8683874598058665,8.27663575026973,5.528710330035221,7.100813231019992,3.9272897460630625,5.277359301956282,2.774801145738795,3.8668768278110295,-0.9900000000000001,82725.8458537177,14.926955470862136,5.658723762575139,2.8398016485377706,124.27414934418,14.373635638450576,18.31189916324491,0.0,0.0,10.118126859033554,0.0,4.183085432649707,0.0,8.417796984328938,0.0,18.19910120538483,26.2280781022776,0.0,24.15108823369157,22.074608324578744,10.118126859033554,0.0,4.899909730850478,0.0,29.249223467910642,27.309107894380215,30.33183534230805,0.0,0.0,0.0,0.0,0.0,0.0,64.98055460195249,23.77493819928336,0.0,0.0,35.227318817825825,0.0,0.0,0.0,65.07000000000001,16.222093246781856,8.417796984328938,0.0,29.75213904467526,6.606881964512918,0.0,12.13273413692322,18.19910120538483,18.99525369620486,0.0,13.656811340249806,41.20539714033762,0.0,2.1752398799025787,0.0,0.0,0.0,8.246534417779458,-1.0722067376333264,0.7493202790375414,0.11238168724280007,0.5714285714285714,21.0,0.0,6.0,0.0,2.0,2.0,0.0,1.0,0.0,1.0,4.0,0.0,6.0,0.0,7.0,2.0,4.0,0.0,2.0,2.0,0.0,0.0,4.022262744088978,3.0,0.4883000000000002,75.45580000000005,0.0,0.0,0.0,0.0,0.0,0.0,0.0,0.0,0.0,0.0,0.0,0.0,0.0,0.0,0.0,1.0,0.0,0.0,0.0,1.0,0.0,0.0,0.0,0.0,0.0,0.0,0.0,0.0,0.0,0.0,0.0,0.0,0.0,0.0,1.0,0.0,1.0,0.0,0.0,0.0,0.0,2.0,0.0,0.0,0.0,0.0,0.0,0.0,0.0,0.0,0.0,0.0,0.0,0.0,0.0,0.0,0.0,0.0,0.0,0.0,0.0,0.0,0.0,0.0,0.0,0.0,0.0,0.0,0.0,0.0,0.0,0.0,0.0,0.0,0.0,0.0,0.0,0.0,0.0,0.0,0.0,0.0,0.0,0.0,0.0
S(=O)(=O)(O[C@H]1[C@H]2OC[C@H](NC(=O)C)[C@H]2OC1)c1ccccc1,93.0,Low,8.0,3-41,Table3,12.232936166750651,12.232936166750651,0.09246102607709816,-3.8702405229066925,0.786724825668973,30.954545454545453,327.358,310.22200000000004,327.07765826400004,120.0,0.0,0.29691484203214763,-0.37031967850780384,0.37031967850780384,0.29691484203214763,1.1818181818181819,1.8636363636363635,2.5454545454545454,32.23997825468951,10.087065452913647,2.4966626939364525,-2.1680019583497834,2.3042805301669196,-2.4312791518699104,7.863781878513524,-0.11988843003781058,3.035592264063065,1.6937028882756477,646.5567253321844,15.742276208189782,11.968104018326772,12.784600599254498,10.471163677742107,6.958560658885534,8.366808949349398,5.304768167749801,6.876871068734571,3.678797317903414,5.028866873796631,2.7369350696007912,3.829010751673024,-1.48,129012.67122268026,15.417012010638263,5.958730697592288,3.0014520707179924,128.22569995762845,14.790514511606428,18.31189916324491,0.0,5.907179729351506,10.118126859033554,0.0,8.97762261672153,0.0,8.417796984328938,0.0,18.19910120538483,12.13273413692322,6.923737199690624,24.15108823369157,26.869145508650565,16.02530658838506,0.0,5.316788604006331,0.0,36.172960667601274,13.213763929025836,30.33183534230805,0.0,0.0,5.316788604006331,0.0,0.0,0.0,51.89248063509914,28.56947538335518,0.0,6.923737199690624,35.227318817825825,0.0,0.0,0.0,90.93000000000002,22.32605963453016,13.212334168400758,0.0,36.16223435079138,0.0,0.0,19.056471336613843,18.19910120538483,0.0,5.316788604006331,13.656811340249806,40.8386529457462,0.0,11.226724841965712,2.7342885207725574,0.0,-0.18136532288024876,7.643150537134504,-1.6072454753506358,1.799367808851936,-3.8702405229066925,0.5,22.0,1.0,7.0,0.0,2.0,2.0,1.0,1.0,0.0,1.0,4.0,0.0,6.0,1.0,8.0,2.0,4.0,0.0,2.0,2.0,0.0,0.0,4.175719215133601,3.0,0.06280000000000063,75.58550000000004,0.0,0.0,0.0,0.0,0.0,0.0,0.0,0.0,0.0,0.0,1.0,1.0,0.0,0.0,0.0,0.0,1.0,0.0,0.0,0.0,0.0,0.0,0.0,0.0,0.0,0.0,0.0,1.0,0.0,0.0,0.0,0.0,0.0,0.0,1.0,0.0,1.0,0.0,0.0,0.0,0.0,2.0,0.0,0.0,0.0,0.0,0.0,0.0,0.0,0.0,0.0,0.0,0.0,0.0,0.0,0.0,0.0,0.0,0.0,0.0,0.0,0.0,0.0,0.0,0.0,0.0,0.0,0.0,0.0,0.0,0.0,0.0,0.0,0.0,0.0,0.0,0.0,0.0,0.0,0.0,0.0,0.0,0.0,0.0,0.0
O(Cc1ccccc1)[C@H]1[C@H]2OC[C@H](N=[N+]=[N-])[C@H]2OC1,20.0,Low,0.0,3-43,Table3,8.480551301094195,8.480551301094195,0.09342687074829947,-0.23580992273452628,0.47253143365286865,32.8421052631579,261.281,246.16099999999997,261.11134134,100.0,0.0,0.11250140899145251,-0.3721586790195886,0.3721586790195886,0.11250140899145251,1.2105263157894737,2.0,2.789473684210526,16.61456010670144,10.09178580008404,2.474101878222426,-2.162590174766894,2.3049721464084403,-2.317055835618976,5.13224041163428,-0.03892647732604604,3.014862170168758,1.5778279602500191,475.28160283216073,13.079139501373252,10.38385842415774,10.38385842415774,9.381341395361316,6.3120646487621075,6.3120646487621075,4.703212801914408,4.703212801914408,3.4886987376134555,3.4886987376134555,2.5297350987949083,2.5297350987949083,-1.59,47671.000634708405,12.444139256442169,5.586979220147269,2.5703672839787886,110.44869332051019,14.210588861400147,12.207932775496605,0.0,0.0,0.0,0.0,0.0,0.0,0.0,0.0,35.44608546793745,11.094580490482247,4.911711647252464,31.966453110435015,14.210588861400147,0.0,0.0,0.0,5.114250125629398,30.96062195690579,13.213763929025836,46.33812748004276,0.0,0.0,0.0,0.0,0.0,0.0,37.567503921418705,20.817470825913066,0.0,5.563451491696996,35.44608546793745,0.0,10.442840646037716,0.0,76.45,0.0,0.0,0.0,24.353739992392867,19.820645893538753,5.563451491696996,0.0,0.0,30.33183534230805,10.02596177288186,19.7417178601854,17.10109056122449,0.0,2.820899175262902,3.694031028695531,9.601424107006684,0.0,9.743048587539965,-0.38890316620475396,1.4284097064751826,0.0,0.5384615384615384,19.0,0.0,6.0,0.0,2.0,2.0,0.0,1.0,0.0,1.0,4.0,0.0,4.0,0.0,6.0,2.0,4.0,0.0,2.0,2.0,0.0,0.0,3.6592182862295415,3.0,2.0483,67.43300000000004,0.0,0.0,0.0,0.0,0.0,0.0,0.0,0.0,0.0,0.0,0.0,0.0,0.0,0.0,0.0,3.0,0.0,0.0,0.0,0.0,0.0,0.0,0.0,0.0,0.0,0.0,0.0,0.0,0.0,0.0,0.0,1.0,0.0,0.0,1.0,0.0,1.0,0.0,0.0,0.0,0.0,3.0,0.0,0.0,0.0,0.0,0.0,0.0,0.0,0.0,0.0,0.0,0.0,0.0,0.0,0.0,0.0,0.0,0.0,0.0,0.0,0.0,0.0,0.0,0.0,0.0,0.0,0.0,0.0,0.0,0.0,0.0,0.0,0.0,0.0,0.0,0.0,0.0,0.0,0.0,0.0,0.0,0.0,0.0,0.0
O=C(N[C@@H]1[C@H]2OC[C@@H](OCc3ccccc3)[C@H]2OC1)C,103.0,Low,3.0,3-44,Table3,11.12706216979808,11.12706216979808,0.05879266341522782,-0.09752467036197232,0.8871710466895063,32.05,277.32000000000005,258.16799999999995,277.131408088,108.0,0.0,0.2167605628243263,-0.3703753694356024,0.3703753694356024,0.2167605628243263,1.25,2.0,2.75,16.614714698966573,10.081653348195745,2.480230107295124,-2.170655026526945,2.2891533520248784,-2.429871343918301,5.729068645517914,-0.11992755165933125,3.0064908728312694,1.5437808031693896,464.2011346006909,13.94938298937633,11.45046592812173,11.45046592812173,9.737183443017882,6.8966650388416895,6.8966650388416895,5.237969241685351,5.237969241685351,3.7035409754150175,3.7035409754150175,2.7694199573677953,2.7694199573677953,-1.4299999999999997,65240.851940438544,13.548363599022416,5.910119981147815,2.8458849792161547,117.75623981418043,19.527377465406477,18.31189916324491,0.0,5.907179729351506,0.0,0.0,4.794537184071822,0.0,0.0,0.0,30.33183534230805,5.563451491696996,6.923737199690624,25.862486722686715,19.005126045471968,5.907179729351506,0.0,5.316788604006331,0.0,37.88435915659642,13.213763929025836,35.89528683400505,0.0,0.0,5.316788604006331,0.0,0.0,0.0,43.47468365077021,25.612008009984887,0.0,12.487188691387619,30.33183534230805,0.0,0.0,0.0,56.790000000000006,0.0,4.794537184071822,0.0,30.260919721744372,19.820645893538753,5.563451491696996,6.923737199690624,0.0,30.33183534230805,5.316788604006331,14.210588861400147,17.346947278911564,0.0,11.12706216979808,2.863008758867796,1.1318128779289496,-0.05879266341522782,9.960137498585752,-0.25537047535063495,3.0518612213403884,0.0,0.5333333333333333,20.0,1.0,5.0,0.0,2.0,2.0,1.0,1.0,0.0,1.0,4.0,0.0,4.0,1.0,5.0,2.0,4.0,0.0,2.0,2.0,0.0,0.0,4.003622720921905,3.0,0.874099999999999,72.10370000000005,0.0,0.0,0.0,0.0,0.0,0.0,0.0,0.0,0.0,0.0,1.0,1.0,0.0,0.0,0.0,0.0,1.0,0.0,0.0,0.0,0.0,0.0,0.0,0.0,0.0,0.0,0.0,1.0,0.0,0.0,0.0,0.0,0.0,0.0,1.0,0.0,1.0,0.0,0.0,0.0,0.0,3.0,0.0,0.0,0.0,0.0,0.0,0.0,0.0,0.0,0.0,0.0,0.0,0.0,0.0,0.0,0.0,0.0,0.0,0.0,0.0,0.0,0.0,0.0,0.0,0.0,0.0,0.0,0.0,0.0,0.0,0.0,0.0,0.0,0.0,0.0,0.0,0.0,0.0,0.0,0.0,0.0,0.0,0.0,0.0
O=C(OC)[C@H]1c2c(C)cccc2[C@@H]2[C@@]31CC(=O)[C@](CO)(C3)CC2,86.0,Low,16.0,3-48,Table3,12.72654903628118,12.72654903628118,0.10761574074074076,-0.6401596749811036,0.8518689046888347,37.43478260869565,314.3810000000001,292.20500000000004,314.151809184,122.0,0.0,0.3132635967284315,-0.4685306216511545,0.4685306216511545,0.3132635967284315,1.434782608695652,2.217391304347826,2.9130434782608696,16.52428936612728,9.603736051711522,2.678184079389388,-2.418733143755802,2.7111690949361535,-2.3897820854213943,5.925321869965081,-0.1463085530758344,2.957606376253804,1.9398258773426105,709.3212057694011,16.405412915006313,13.594243718772418,13.594243718772418,10.98796484567876,8.30380973503036,8.30380973503036,7.573583436316807,7.573583436316807,6.690658217072199,6.690658217072199,5.7128727673959245,5.7128727673959245,-1.68,245008.11220886512,14.883582063711911,4.665486111111111,1.6484757803024683,135.38898032785562,9.843390348640755,5.783244946364939,0.0,0.0,0.0,5.969305287951849,9.589074368143644,0.0,0.0,0.0,18.19910120538483,48.794462589721036,11.83581209232279,25.049576021348624,19.432464716784395,11.75255023431679,0.0,0.0,10.82998093879356,44.442835783717456,13.716679505790452,34.88945568047582,0.0,0.0,0.0,0.0,0.0,0.0,30.57575713494795,14.325937321943691,17.753718138484185,54.20945305911782,18.19910120538483,0.0,0.0,0.0,63.60000000000001,10.82998093879356,14.69560176298435,0.0,30.195244291152495,12.841643245852019,23.968546229246012,12.673249032974528,0.0,19.056471336613843,6.06636706846161,4.736862953800049,5.129462159863946,0.0,25.396412981859413,9.871853190350214,2.322457955404385,-0.2848592214663648,6.164129503653314,2.5617779195011336,1.9189834498614262,1.419782060972537,0.5789473684210527,23.0,1.0,4.0,3.0,0.0,3.0,0.0,1.0,0.0,1.0,4.0,2.0,4.0,1.0,4.0,0.0,2.0,2.0,0.0,2.0,1.0,0.0,3.019093278340451,4.0,2.4706200000000003,84.10380000000004,0.0,1.0,1.0,0.0,0.0,0.0,0.0,0.0,0.0,0.0,2.0,2.0,0.0,0.0,0.0,0.0,0.0,0.0,0.0,0.0,0.0,0.0,0.0,0.0,0.0,0.0,0.0,0.0,0.0,0.0,1.0,0.0,0.0,0.0,1.0,0.0,3.0,0.0,0.0,0.0,1.0,1.0,0.0,0.0,0.0,0.0,0.0,0.0,0.0,0.0,0.0,1.0,1.0,0.0,0.0,1.0,0.0,0.0,0.0,0.0,0.0,0.0,0.0,0.0,0.0,0.0,0.0,0.0,0.0,0.0,0.0,0.0,0.0,0.0,0.0,0.0,0.0,0.0,0.0,0.0,0.0,0.0,0.0,0.0,0.0
O=C(N[C@H]1c2c(C)cccc2[C@@H]2[C@@]31CC(=O)[C@](CO)(C3)CC2)C,69.0,Low,5.0,3-49,Table3,12.740815854119425,12.740815854119425,0.05671390778533625,-0.5801917989417986,0.8808274071892606,37.43478260869565,313.3970000000001,290.21299999999997,313.167793596,122.0,0.0,0.21687257492723705,-0.39533478464808786,0.39533478464808786,0.21687257492723705,1.434782608695652,2.217391304347826,2.9130434782608696,16.25413389259645,9.6207136659988,2.6628158826963255,-2.428556543729586,2.702427799604313,-2.4186477185139603,5.895650864934439,-0.12784702286334126,2.896651052815091,1.9008707612337687,712.5663182672376,16.405412915006313,13.685995428308553,13.685995428308553,10.933123290812372,8.441437299334565,8.441437299334565,7.75094748250133,7.75094748250133,6.601372192839284,6.601372192839284,5.661623113917386,5.661623113917386,-1.68,220678.46380766487,14.883582063711911,4.665486111111111,1.7559807593751906,135.82529728195684,10.423315998847038,5.783244946364939,0.0,5.907179729351506,0.0,0.0,9.589074368143644,0.0,0.0,0.0,18.19910120538483,48.794462589721036,18.759549292013414,18.063713263057657,14.69560176298435,11.690424675716445,0.0,5.316788604006331,10.82998093879356,51.49050776639464,6.606881964512918,34.88945568047582,0.0,0.0,5.316788604006331,0.0,0.0,0.0,23.40383403507007,9.589074368143644,17.753718138484185,61.25712504179501,18.19910120538483,0.0,0.0,0.0,66.4,5.41499046939678,14.69560176298435,0.0,29.754137938774104,18.75954929201341,12.841643245852019,16.690354475090988,6.923737199690624,0.0,30.439627009081782,0.0,0.0,0.0,24.593367504409173,13.032241118669692,2.848652683295542,0.4328103741496603,6.199040690350214,2.837422052154195,3.5564655769715294,0.0,0.5789473684210527,23.0,2.0,4.0,3.0,0.0,3.0,1.0,1.0,0.0,1.0,4.0,2.0,3.0,2.0,4.0,0.0,2.0,2.0,0.0,2.0,1.0,0.0,3.019093278340451,4.0,2.3912200000000006,85.90450000000004,0.0,1.0,1.0,0.0,0.0,0.0,0.0,0.0,0.0,0.0,2.0,2.0,0.0,0.0,0.0,0.0,1.0,0.0,0.0,0.0,0.0,0.0,0.0,0.0,0.0,0.0,0.0,1.0,0.0,0.0,1.0,0.0,0.0,0.0,1.0,0.0,3.0,0.0,0.0,0.0,0.0,0.0,0.0,0.0,0.0,0.0,0.0,0.0,0.0,0.0,0.0,1.0,1.0,0.0,0.0,0.0,0.0,0.0,0.0,0.0,0.0,0.0,0.0,0.0,0.0,0.0,0.0,0.0,0.0,0.0,0.0,0.0,0.0,0.0,0.0,0.0,0.0,0.0,0.0,0.0,0.0,0.0,0.0,0.0,0.0
O=C(OC)[C@H]1c2c(C)cccc2[C@@H]2[C@@]31CC(=O)[C@](C)(C3)CC2,28.0,Low,12.0,3-52,Table3,12.655299036281178,12.655299036281178,0.16944444444444473,-0.27335648148148173,0.7453160947943843,38.59090909090909,298.38200000000006,276.20599999999996,298.15689456399997,116.0,0.0,0.3132635821018186,-0.4685306216899465,0.4685306216899465,0.3132635821018186,1.3636363636363635,2.1363636363636362,2.8636363636363638,16.524260488388773,9.607049621352719,2.6662936086274263,-2.4126464927302713,2.711070478311757,-2.364689849967114,5.921337077225675,-0.14606321362827132,2.8683206378617703,1.959762342701994,691.9207532535444,15.698306133819765,13.439923342085912,13.439923342085912,10.42730467389894,8.134028578420248,8.134028578420248,7.6957996391983,7.6957996391983,6.594664462081911,6.594664462081911,5.654299638414296,5.654299638414296,-1.64,135774.82571382477,13.984366672921752,4.212505948839976,1.4696076928176458,130.5947465756596,4.736862953800049,5.783244946364939,0.0,0.0,0.0,5.969305287951849,9.589074368143644,0.0,0.0,0.0,25.122838405075456,48.794462589721036,17.25080256171957,13.027703587438927,14.325937321943691,11.75255023431679,0.0,0.0,10.82998093879356,51.366572983408076,7.109797541277533,34.88945568047582,0.0,0.0,0.0,0.0,0.0,0.0,18.862347775594323,14.325937321943691,17.753718138484185,61.13319025880844,18.19910120538483,0.0,0.0,0.0,43.370000000000005,0.0,9.589074368143644,0.0,22.717192272906804,18.121972615452343,30.389367852172022,12.673249032974528,0.0,0.0,32.046575604766076,4.736862953800049,5.158320578231293,0.0,25.299333900226756,0.0,3.0905829554043844,0.2242243008314435,6.299565854119425,3.310666808390023,4.155953325774755,1.4613522770219198,0.5789473684210527,22.0,0.0,3.0,3.0,0.0,3.0,0.0,1.0,0.0,1.0,4.0,2.0,3.0,0.0,3.0,0.0,1.0,2.0,0.0,2.0,1.0,0.0,2.677692172747381,4.0,3.4982200000000025,82.69200000000005,0.0,0.0,0.0,0.0,0.0,0.0,0.0,0.0,0.0,0.0,2.0,2.0,0.0,0.0,0.0,0.0,0.0,0.0,0.0,0.0,0.0,0.0,0.0,0.0,0.0,0.0,0.0,0.0,0.0,0.0,1.0,0.0,0.0,0.0,1.0,0.0,3.0,0.0,0.0,0.0,1.0,1.0,0.0,0.0,0.0,0.0,0.0,0.0,0.0,0.0,0.0,1.0,1.0,0.0,0.0,1.0,0.0,0.0,0.0,0.0,0.0,0.0,0.0,0.0,0.0,0.0,0.0,0.0,0.0,0.0,0.0,0.0,0.0,0.0,0.0,0.0,0.0,0.0,0.0,0.0,0.0,0.0,0.0,0.0,0.0
O=C(N[C@H]1c2c(C)cccc2[C@@H]2[C@@]31CC(=O)[C@](C)(C3)CC2)C,49.0,Low,12.0,3-53,Table3,12.669565854119426,12.669565854119426,0.0007903439153440495,-0.17741402116402094,0.8630492171777477,38.59090909090909,297.398,274.21399999999994,297.17287897600005,116.0,0.0,0.2168725748774009,-0.3489202000717762,0.3489202000717762,0.2168725748774009,1.3636363636363635,2.1363636363636362,2.8636363636363638,16.149123110476904,9.62461848117951,2.6496270124559027,-2.4232376756820293,2.7023206592957623,-2.4044758116477962,5.89021326304169,-0.12505118079967986,2.800766372861781,1.9172894510860248,694.6756407557078,15.698306133819765,13.531675051622047,13.531675051622047,10.37246311903255,8.271656142724453,8.271656142724453,7.873163685382822,7.873163685382822,6.505378437848996,6.505378437848996,5.603049984935757,5.603049984935757,-1.64,121934.16480891049,13.984366672921752,4.212505948839976,1.570306158775365,131.0310635297608,5.316788604006331,5.783244946364939,0.0,5.907179729351506,0.0,0.0,9.589074368143644,0.0,0.0,0.0,25.122838405075456,48.794462589721036,24.174539761410195,6.041840829147961,9.589074368143644,11.690424675716445,0.0,5.316788604006331,10.82998093879356,58.41424496608526,0.0,34.88945568047582,0.0,0.0,5.316788604006331,0.0,0.0,0.0,11.690424675716445,9.589074368143644,17.753718138484185,68.18086224148563,18.19910120538483,0.0,0.0,0.0,46.17,0.0,9.589074368143644,0.0,22.779001497293027,18.121972615452343,19.26246486877803,16.690354475090988,6.923737199690624,0.0,37.36336420877241,0.0,0.0,0.0,24.501959325396825,3.203009259259259,3.6167776832955414,0.8152220332577481,6.444106670445955,3.5863109410430836,5.832614087301587,0.0,0.5789473684210527,22.0,1.0,3.0,3.0,0.0,3.0,1.0,1.0,0.0,1.0,4.0,2.0,2.0,1.0,3.0,0.0,1.0,2.0,0.0,2.0,1.0,0.0,2.677692172747381,4.0,3.418820000000002,84.49270000000004,0.0,0.0,0.0,0.0,0.0,0.0,0.0,0.0,0.0,0.0,2.0,2.0,0.0,0.0,0.0,0.0,1.0,0.0,0.0,0.0,0.0,0.0,0.0,0.0,0.0,0.0,0.0,1.0,0.0,0.0,1.0,0.0,0.0,0.0,1.0,0.0,3.0,0.0,0.0,0.0,0.0,0.0,0.0,0.0,0.0,0.0,0.0,0.0,0.0,0.0,0.0,1.0,1.0,0.0,0.0,0.0,0.0,0.0,0.0,0.0,0.0,0.0,0.0,0.0,0.0,0.0,0.0,0.0,0.0,0.0,0.0,0.0,0.0,0.0,0.0,0.0,0.0,0.0,0.0,0.0,0.0,0.0,0.0,0.0,0.0
S(=O)(=O)(OC1C2OCC([N+])C2OC1)c1ccc(-c2ccccc2)cc1,1965.0,High,108.0,,Table4,12.510214632149157,12.510214632149157,0.07710540890420048,-3.9404193174183244,0.7754315781371718,28.84,359.403,342.2670000000001,359.08219506409,129.0,3.0,0.42746823777309967,-0.3653923492309426,0.42746823777309967,0.3653923492309426,0.88,1.52,2.24,32.23997847458373,10.067649823184912,2.5512607663085536,-2.1556110393494814,2.306813608149339,-2.3417548763241243,7.863799433196438,0.03332867766830919,3.192646497321131,1.508342064174948,837.5299634974573,17.440946820939047,13.316470400121371,14.132966981049098,12.04364332281354,8.045327473851868,9.453575764315733,6.142449224230567,7.714552125215339,4.482232490186066,5.832302046079279,3.1893749502951474,4.260398555591655,-1.7699999999999996,856753.0728491201,16.685205273040665,6.5103274790936325,3.210837273400757,146.18141634826014,9.473725907600098,18.814814740009524,6.103966387748303,0.0,10.118126859033554,11.775508306310146,4.183085432649707,0.0,8.417796984328938,0.0,42.46456947923127,23.259637120317212,0.0,11.502365440030694,22.074608324578744,10.118126859033554,0.0,5.733667477162185,0.0,29.249223467910642,13.213763929025836,54.59730361615449,0.0,11.126902983393991,5.733667477162185,0.0,0.0,0.0,45.985300905747636,23.77493819928336,0.0,0.0,59.49278709167226,0.0,11.126902983393991,0.0,84.13000000000001,34.47186685142643,14.151464461491123,0.0,18.10924740454361,0.0,11.126902983393991,12.13273413692322,12.13273413692322,30.33183534230805,0.0,13.656811340249806,41.11625543721941,0.0,0.07794123204837544,0.0,11.645715410032171,0.0,15.485383826432185,-1.8379875340662495,0.2031109457524365,-3.9404193174183244,0.3333333333333333,25.0,0.0,6.0,0.0,2.0,2.0,0.0,2.0,0.0,2.0,4.0,0.0,5.0,0.0,7.0,2.0,4.0,0.0,2.0,2.0,0.0,4.0,4.345046015335785,4.0,1.6623999999999999,89.33880000000003,0.0,0.0,0.0,0.0,0.0,0.0,0.0,0.0,0.0,0.0,0.0,0.0,0.0,0.0,0.0,1.0,0.0,0.0,0.0,0.0,0.0,0.0,0.0,0.0,0.0,0.0,0.0,0.0,0.0,0.0,0.0,0.0,0.0,0.0,2.0,0.0,1.0,0.0,0.0,0.0,0.0,2.0,0.0,0.0,0.0,0.0,0.0,0.0,0.0,0.0,0.0,0.0,0.0,0.0,0.0,0.0,0.0,0.0,0.0,0.0,0.0,0.0,0.0,0.0,0.0,0.0,0.0,0.0,0.0,0.0,0.0,0.0,0.0,0.0,0.0,0.0,0.0,0.0,0.0,0.0,0.0,0.0,0.0,0.0,0.0
O(C)c1c(O)c2c(cc1)CC1[N+](C)CCC32C1CC(O)C([N+])C3,1913.0,High,156.0,,Table4,10.815551303854875,10.815551303854875,0.22369708994709026,-0.7297619047619051,0.7571876597910652,39.47826086956522,316.40099999999995,292.209,316.17759546818,122.0,4.0,0.42463727961445114,-0.5040429867548262,0.5040429867548262,0.42463727961445114,1.391304347826087,2.1739130434782608,2.9130434782608696,16.474156337602963,9.506982340696648,2.6357931838203625,-2.537279633544921,2.579378232244773,-2.6508087435832928,5.563273971822728,-0.028177542049561934,2.52113968471513,1.9233130064068282,634.937867332767,16.353006672199015,13.696738193534191,13.696738193534191,10.975199522495993,8.433696001623765,8.433696001623765,7.489786899301092,7.489786899301092,6.53803903967983,6.53803903967983,5.40521796984239,5.40521796984239,-1.3000000000000003,198080.90274869834,15.240756281860056,5.097083922872423,1.9646092132153974,136.59495213278356,14.94991774348146,25.738235605486025,11.49902366656781,0.0,0.0,11.775508306310146,0.0,0.0,4.899909730850478,0.0,6.06636706846161,18.050640183084617,36.158812876033195,7.109797541277533,14.94991774348146,0.0,0.0,10.633577208012664,5.917906046161393,49.28592500714504,20.7022259298673,23.259637120317212,0.0,11.49902366656781,15.370440161812713,0.0,11.49902366656781,0.0,49.10292876559293,11.83581209232279,5.917906046161393,30.389367852172022,12.13273413692322,0.0,0.0,0.0,77.89,12.145807216896262,15.946722266843597,0.0,17.08240834884208,24.632995908283885,30.51330263515859,0.0,7.109797541277533,6.06636706846161,18.013948781989278,4.736862953800049,5.3219237370874275,0.0,2.372576766817838,21.032596686822878,12.201973182791637,0.9737164588057445,3.5025546422272607,2.1950613084740067,0.9445155423280424,3.705081674645167,0.6666666666666666,23.0,2.0,5.0,2.0,1.0,3.0,0.0,1.0,0.0,1.0,5.0,2.0,4.0,2.0,5.0,1.0,1.0,1.0,1.0,2.0,0.0,5.0,3.3775397311602515,4.0,0.9450999999999996,86.02360000000004,0.0,1.0,1.0,0.0,0.0,0.0,0.0,1.0,0.0,0.0,0.0,0.0,0.0,0.0,0.0,2.0,0.0,0.0,0.0,1.0,1.0,0.0,0.0,0.0,0.0,0.0,0.0,0.0,0.0,0.0,0.0,0.0,0.0,0.0,1.0,0.0,1.0,0.0,0.0,0.0,0.0,1.0,0.0,0.0,0.0,0.0,0.0,0.0,0.0,0.0,0.0,0.0,0.0,0.0,0.0,1.0,0.0,0.0,0.0,0.0,0.0,0.0,0.0,0.0,0.0,1.0,1.0,0.0,0.0,1.0,0.0,0.0,0.0,0.0,0.0,0.0,0.0,0.0,0.0,0.0,0.0,0.0,0.0,0.0,0.0
OC12C(=C)CC3(C(CC[N+])c4c(C)cccc4C3CC1)C2,1887.0,High,179.0,,Table4,10.904335317460317,10.904335317460317,0.0984722222222223,-0.6526256613756611,0.8283629702192399,40.23809523809524,281.39900000000006,258.215,281.17741577609,109.0,3.0,0.4179051984359204,-0.3855040659760416,0.4179051984359204,0.3855040659760416,1.4285714285714286,2.238095238095238,3.0,16.28494431049384,9.622798263804569,2.635992885448262,-2.4196940993350453,2.7145309758061815,-2.3784338294261933,5.507499883338906,0.005378571370439887,2.810261485398255,1.9101269162402483,621.9924104966703,14.828062645816686,12.730926005253881,12.730926005253881,10.01662107137598,8.126368962489732,8.126368962489732,7.455796427539908,7.455796427539908,6.5562600910178,6.5562600910178,5.76194735614305,5.76194735614305,-1.12,88916.67339800078,13.536560222993788,4.206463048430601,1.551712547258979,126.60267856308967,5.106527394840706,0.0,0.0,0.0,6.544756405912575,5.733667477162185,0.0,0.0,0.0,0.0,24.778036888983326,72.12128525827448,6.4208216229260096,5.601050810983688,5.106527394840706,0.0,0.0,5.733667477162185,5.41499046939678,56.46470821762715,6.544756405912575,47.04149589414358,0.0,0.0,5.733667477162185,0.0,0.0,0.0,17.25233461173697,0.0,12.338727669087405,60.63027468204382,30.351141419052592,0.0,0.0,0.0,42.53,5.601050810983688,10.84019487200289,0.0,11.959746875309355,11.835812092322787,37.67721264469931,16.690354475090988,0.0,0.0,31.70177408867395,0.0,0.0,0.0,0.0,10.904335317460317,14.348824404761906,0.9011574074074071,6.623509542705971,4.456678713151928,6.598827947845805,0.0,0.5789473684210527,21.0,1.0,2.0,3.0,0.0,3.0,0.0,1.0,0.0,1.0,4.0,2.0,1.0,1.0,2.0,0.0,2.0,2.0,0.0,2.0,1.0,4.0,2.711478113375184,4.0,3.4959200000000026,83.26980000000005,0.0,1.0,0.0,0.0,0.0,0.0,0.0,0.0,0.0,0.0,0.0,0.0,0.0,0.0,0.0,1.0,0.0,0.0,0.0,0.0,0.0,0.0,0.0,0.0,0.0,0.0,0.0,0.0,0.0,0.0,1.0,0.0,0.0,0.0,1.0,0.0,3.0,0.0,0.0,0.0,0.0,0.0,0.0,0.0,0.0,0.0,0.0,0.0,0.0,0.0,0.0,0.0,0.0,0.0,0.0,0.0,0.0,0.0,0.0,0.0,0.0,0.0,0.0,0.0,0.0,0.0,0.0,0.0,0.0,0.0,0.0,0.0,0.0,0.0,0.0,0.0,0.0,0.0,0.0,0.0,0.0,0.0,0.0,0.0,0.0
O=C1C2(C)CC3(C(C[N+])c4c(C)cccc4C3CC2)C1,1696.0,High,203.0,,Table4,12.530783257747542,12.530783257747542,0.007222222222222463,-0.12513133030990153,0.7683607202246154,41.65,267.372,246.20399999999995,267.16176571209,103.0,3.0,0.4186235353332404,-0.299074893759274,0.4186235353332404,0.299074893759274,1.4,2.2,2.95,16.140021251058283,9.607435680167631,2.657254613867437,-2.406713001524852,2.707267753644886,-2.34548172304414,5.88677926603645,-0.12476979267261115,2.7851945721245874,1.9365601101599925,607.4358275500683,14.120955864630139,12.27774713784469,12.27774713784469,9.516621071375981,7.753332919378409,7.753332919378409,7.474787241941627,7.474787241941627,6.519207288152194,6.519207288152194,5.622592640680726,5.622592640680726,-1.15,54990.88163202786,12.580123737360514,3.7321839979822125,1.2648869494542636,120.29462782872507,0.0,5.783244946364939,0.0,0.0,6.544756405912575,5.733667477162185,4.794537184071822,0.0,0.0,0.0,25.122838405075452,54.20945305911782,11.83581209232279,5.917906046161393,4.794537184071822,5.783244946364939,0.0,5.733667477162185,10.82998093879356,51.366572983408076,6.544756405912575,34.88945568047582,0.0,0.0,5.733667477162185,0.0,0.0,0.0,12.328001352277514,4.794537184071822,17.75371813848418,61.13319025880844,18.19910120538483,0.0,0.0,0.0,39.370000000000005,0.0,10.528204661234007,0.0,23.29264339086753,18.121972615452343,19.26246486877803,16.690354475090988,0.0,0.0,32.046575604766076,0.0,0.0,0.0,12.530783257747542,0.0,13.979332955404386,1.0766288737717307,6.507438114134542,3.7731486205593345,4.466001511715797,0.0,0.6111111111111112,20.0,0.0,2.0,3.0,0.0,3.0,0.0,1.0,0.0,1.0,4.0,2.0,1.0,0.0,2.0,0.0,1.0,2.0,0.0,2.0,1.0,4.0,2.347566825260655,4.0,3.3939200000000023,77.67700000000005,0.0,0.0,0.0,0.0,0.0,0.0,0.0,0.0,0.0,0.0,1.0,1.0,0.0,0.0,0.0,1.0,0.0,0.0,0.0,0.0,0.0,0.0,0.0,0.0,0.0,0.0,0.0,0.0,0.0,0.0,1.0,0.0,0.0,0.0,1.0,0.0,3.0,0.0,0.0,0.0,0.0,0.0,0.0,0.0,0.0,0.0,0.0,0.0,0.0,0.0,0.0,1.0,1.0,0.0,0.0,0.0,0.0,0.0,0.0,0.0,0.0,0.0,0.0,0.0,0.0,0.0,0.0,0.0,0.0,0.0,0.0,0.0,0.0,0.0,0.0,0.0,0.0,0.0,0.0,0.0,0.0,0.0,0.0,0.0,0.0
OC12C(C)CC3(C(C[N+])c4c(C)cccc4C3CC1)C2,1650.0,High,69.0,,Table4,10.912035619803476,10.912035619803476,0.10675925925925944,-0.4862424414210125,0.8356244344405805,45.3,269.38800000000003,246.20399999999995,269.17741577609,105.0,3.0,0.41862330213702675,-0.3895925448391328,0.41862330213702675,0.3895925448391328,1.4,2.2,2.95,16.285576474613666,9.629710336611584,2.6577226630439577,-2.412358546543511,2.7087691262473443,-2.3950798997355225,5.4892644959319234,-0.03141187627550194,2.7851945721245874,1.914655639918136,568.5366918134969,14.120955864630139,12.394062712070411,12.394062712070411,9.516621071375981,7.943535875551484,7.943535875551484,7.52292125653198,7.52292125653198,6.75698062215145,6.75698062215145,5.875631560245423,5.875631560245423,-0.8600000000000001,54990.88163202786,12.848761441724625,3.863448425654548,1.3208935621394287,120.92733948087732,5.106527394840706,0.0,0.0,0.0,6.544756405912575,5.733667477162185,0.0,0.0,0.0,0.0,25.122838405075452,66.54818072820522,0.0,11.518956857145081,5.106527394840706,0.0,0.0,5.733667477162185,11.332896515558172,56.96762379439177,6.544756405912575,34.88945568047582,0.0,0.0,5.733667477162185,0.0,0.0,0.0,17.25233461173697,0.0,18.256633715248796,61.13319025880844,18.19910120538483,0.0,0.0,0.0,42.53,5.601050810983688,10.84019487200289,0.0,17.877652921470748,11.835812092322787,25.683286491704038,16.690354475090988,0.0,0.0,32.046575604766076,0.0,0.0,0.0,0.0,10.912035619803476,13.859315948601665,1.1216836734693876,6.581960978835979,3.943056027966742,4.581947751322751,0.0,0.6666666666666666,20.0,1.0,2.0,3.0,0.0,3.0,0.0,1.0,0.0,1.0,5.0,2.0,1.0,1.0,2.0,0.0,1.0,2.0,0.0,2.0,1.0,5.0,2.482026358182093,4.0,3.1857200000000017,78.67680000000006,0.0,1.0,0.0,0.0,0.0,0.0,0.0,0.0,0.0,0.0,0.0,0.0,0.0,0.0,0.0,1.0,0.0,0.0,0.0,0.0,0.0,0.0,0.0,0.0,0.0,0.0,0.0,0.0,0.0,0.0,1.0,0.0,0.0,0.0,1.0,0.0,3.0,0.0,0.0,0.0,0.0,0.0,0.0,0.0,0.0,0.0,0.0,0.0,0.0,0.0,0.0,0.0,0.0,0.0,0.0,0.0,0.0,0.0,0.0,0.0,0.0,0.0,0.0,0.0,0.0,0.0,0.0,0.0,0.0,0.0,0.0,0.0,0.0,0.0,0.0,0.0,0.0,0.0,0.0,0.0,0.0,0.0,0.0,0.0,0.0
Brc1ccc(S(=O)(=O)OC2C3OCC([N+])C3OC2)cc1,1647.0,High,108.0,,Table4,12.158398998488284,12.158398998488284,0.07194019274376462,-3.8790655706727137,0.7415965232667935,33.3,362.2010000000001,350.10500000000013,360.96140700409,107.0,3.0,0.42746823777309967,-0.3653923492309426,0.42746823777309967,0.3653923492309426,1.15,1.8,2.5,79.91873113374028,10.099853795208858,2.5511186525908265,-2.1529594890196107,2.302816053617847,-2.34173194323159,9.102996747355323,0.0333278902249665,2.9457890354943634,1.7562410384840756,590.370174595103,14.328062645816686,10.307683527182467,12.710176647224898,9.471163677742107,6.073626107833525,8.274872667854739,4.705966576087307,7.193745005863769,3.3344315795071657,5.2131666484386185,2.3459826637842562,3.6813390255998835,-0.5100000000000001,47874.963404854396,14.428222481005047,5.3581776365879445,2.634254063129829,124.9918697478375,9.473725907600098,18.814814740009524,6.103966387748303,0.0,10.118126859033554,11.775508306310146,4.183085432649707,0.0,8.417796984328938,0.0,15.929943897949348,24.26546827384644,4.472719515832414,11.502365440030694,22.074608324578744,26.048070756982902,0.0,5.733667477162185,0.0,29.249223467910646,13.213763929025836,28.738187789678854,0.0,0.0,5.733667477162185,0.0,0.0,15.929943897949348,45.985300905747636,23.77493819928336,0.0,0.0,33.63367126519663,0.0,0.0,0.0,84.13000000000001,34.47186685142643,14.151464461491123,0.0,18.109247404543613,0.0,4.472719515832414,12.13273413692322,12.13273413692322,0.0,15.929943897949348,13.656811340249806,40.941452355748446,3.240426766136768,0.07194019274376462,0.0,9.602810341614454,0.0,5.428449638885244,-1.7906129928823393,0.21793260175971252,-3.8790655706727137,0.5,20.0,0.0,6.0,0.0,2.0,2.0,0.0,1.0,0.0,1.0,4.0,0.0,5.0,0.0,8.0,2.0,3.0,0.0,2.0,2.0,0.0,4.0,3.8654489516718336,3.0,0.7579,71.60280000000003,0.0,0.0,0.0,0.0,0.0,0.0,0.0,0.0,0.0,0.0,0.0,0.0,0.0,0.0,0.0,1.0,0.0,0.0,0.0,0.0,0.0,0.0,0.0,0.0,0.0,0.0,0.0,0.0,0.0,0.0,0.0,0.0,0.0,0.0,1.0,0.0,1.0,0.0,0.0,0.0,0.0,2.0,0.0,0.0,1.0,0.0,0.0,0.0,0.0,0.0,0.0,0.0,0.0,0.0,0.0,0.0,0.0,0.0,0.0,0.0,0.0,0.0,0.0,0.0,0.0,0.0,0.0,0.0,0.0,0.0,0.0,0.0,0.0,0.0,0.0,0.0,0.0,0.0,0.0,0.0,0.0,0.0,0.0,0.0,0.0
O=C1C2(CO)CC3(C(C[N+])c4c(C)cccc4C3CC2)C1,1487.0,High,59.0,,Table4,12.602033257747543,12.602033257747543,0.033949121315192565,-0.5279091080876794,0.9054873935873614,40.23809523809524,283.37100000000004,262.2029999999999,283.15668033209,109.0,3.0,0.41862353539585606,-0.3953347948448133,0.41862353539585606,0.3953347948448133,1.4285714285714286,2.238095238095238,2.9523809523809526,16.254075514408072,9.604109854426415,2.6697409746675023,-2.4133518698106906,2.707365438374584,-2.3777309172462973,5.89240379984284,-0.12777225705029066,2.882990816221193,1.9092336313460012,625.6443832261368,14.828062645816686,12.432067514531196,12.432067514531196,10.077281243155802,7.923114075988521,7.923114075988521,7.352571039060135,7.352571039060135,6.6152010431424815,6.6152010431424815,5.681165769662355,5.681165769662355,-1.19,99613.09868207465,13.471361674631043,4.173527502628188,1.437388664475072,125.08886158092108,5.106527394840706,5.783244946364939,0.0,0.0,6.544756405912575,5.733667477162185,4.794537184071822,0.0,0.0,0.0,18.19910120538483,54.20945305911782,6.4208216229260096,17.93977848007109,9.901064578912528,5.783244946364939,0.0,5.733667477162185,10.82998093879356,44.44283578371744,13.151638370425493,34.88945568047582,0.0,0.0,5.733667477162185,0.0,0.0,0.0,24.04141071163114,4.794537184071822,17.75371813848418,54.20945305911782,18.19910120538483,0.0,0.0,0.0,59.599999999999994,5.41499046939678,15.634732056074714,0.0,30.267779832348605,12.338727669087403,19.26246486877803,16.690354475090988,0.0,0.0,25.122838405075452,0.0,0.0,0.0,12.602033257747543,9.80243433484505,13.22141203703704,0.6420918367346935,6.372001763668431,3.024259731670446,2.1691003716301336,0.0,0.6111111111111112,21.0,1.0,3.0,3.0,0.0,3.0,0.0,1.0,0.0,1.0,4.0,2.0,2.0,1.0,3.0,0.0,2.0,2.0,0.0,2.0,1.0,4.0,2.6772904022344752,4.0,2.366320000000001,79.08880000000005,0.0,1.0,1.0,0.0,0.0,0.0,0.0,0.0,0.0,0.0,1.0,1.0,0.0,0.0,0.0,1.0,0.0,0.0,0.0,0.0,0.0,0.0,0.0,0.0,0.0,0.0,0.0,0.0,0.0,0.0,1.0,0.0,0.0,0.0,1.0,0.0,3.0,0.0,0.0,0.0,0.0,0.0,0.0,0.0,0.0,0.0,0.0,0.0,0.0,0.0,0.0,1.0,1.0,0.0,0.0,0.0,0.0,0.0,0.0,0.0,0.0,0.0,0.0,0.0,0.0,0.0,0.0,0.0,0.0,0.0,0.0,0.0,0.0,0.0,0.0,0.0,0.0,0.0,0.0,0.0,0.0,0.0,0.0,0.0,0.0
O=C(NCC[N+])C1(C)C2C(C)(c3c(C([N+])C2)cc(C(C)C)cc3)CCC1,1344.0,High,43.0,,Table4,12.934086322060708,12.934086322060708,0.011042191567985693,-0.5232946218610903,0.8826419331763008,33.5,353.51000000000016,322.26200000000006,353.24561545218,138.0,6.0,0.427221673542029,-0.3491768251799492,0.427221673542029,0.3491768251799492,1.3076923076923077,2.0384615384615383,2.6923076923076925,16.150702556383276,9.485623664088111,2.5840772933755347,-2.534467492547405,2.589034527538164,-2.5574382384232326,5.8284653907181285,-0.13878892864717118,2.610968680274564,2.028984855341659,685.9649751282873,19.11251969619285,16.50941778372082,16.50941778372082,12.23605321075789,9.953142502174567,9.953142502174567,8.973469163863584,8.973469163863584,7.022028074421198,7.022028074421198,5.446489845426572,5.446489845426572,-1.3899999999999997,550303.4248667487,19.373756579122972,6.971105898542565,2.9714734379967576,157.64998032046145,5.316788604006331,0.0,0.0,5.907179729351506,6.544756405912575,17.50917578347233,4.794537184071822,0.0,0.0,0.0,46.24850455861173,47.285715859427185,11.984273114623004,11.959746875309355,4.794537184071822,5.907179729351506,0.0,16.784123558330702,11.332896515558172,70.75297263517268,13.08951281182515,34.88945568047582,0.0,0.0,16.784123558330702,0.0,0.0,0.0,18.996692541176657,10.209527653468601,11.332896515558172,82.02833664086688,18.19910120538483,0.0,0.0,0.0,73.7,11.45683129854474,10.528204661234007,0.0,30.32958905673483,12.338727669087403,24.825916360475023,11.126902983393991,0.0,6.923737199690624,44.28710140846303,5.733667477162185,0.0,0.0,12.934086322060708,2.8850987304675977,22.90735597665458,0.5330362805824665,6.021305142401823,3.4896202863861596,8.896163928113332,0.0,0.6818181818181818,26.0,1.0,4.0,2.0,0.0,2.0,1.0,1.0,0.0,1.0,4.0,0.0,1.0,1.0,4.0,0.0,4.0,1.0,0.0,1.0,0.0,4.0,5.19448110637123,3.0,3.5725000000000025,102.83370000000006,0.0,0.0,0.0,0.0,0.0,0.0,0.0,0.0,0.0,0.0,1.0,1.0,0.0,0.0,0.0,2.0,1.0,0.0,0.0,0.0,0.0,0.0,0.0,0.0,0.0,0.0,0.0,1.0,0.0,0.0,0.0,0.0,0.0,0.0,1.0,0.0,3.0,0.0,0.0,0.0,0.0,0.0,0.0,0.0,0.0,0.0,0.0,0.0,0.0,0.0,0.0,0.0,0.0,0.0,0.0,0.0,0.0,0.0,0.0,0.0,0.0,0.0,0.0,0.0,0.0,0.0,0.0,0.0,0.0,0.0,0.0,0.0,0.0,0.0,0.0,0.0,0.0,0.0,0.0,0.0,0.0,0.0,0.0,0.0,0.0
OC12C(=C)CC3(C(C[N+])c4c(C)cccc4C3CC1)C2,1335.0,High,8.0,,Table4,10.81249858276644,10.81249858276644,0.007222222222222463,-0.6806868858654571,0.7805340705630529,41.65,267.372,246.20399999999995,267.16176571209,103.0,3.0,0.41862353080989095,-0.38550403114281634,0.41862353080989095,0.38550403114281634,1.45,2.25,3.0,16.284944727708105,9.629763276464425,2.648521969862694,-2.406103163695306,2.7063254379116986,-2.3850119150635813,5.509219606904003,0.006933210608428329,2.7851945721245874,1.9365601101599925,607.4358275500683,14.120955864630139,12.023819224067333,12.023819224067333,9.516621071375981,7.626368962489731,7.626368962489731,7.126088681030171,7.126088681030171,6.321059697384461,6.321059697384461,5.47414403086738,5.47414403086738,-1.12,54990.88163202786,12.607889201193814,3.745679156412777,1.2706220672468211,120.23773644869307,5.106527394840706,0.0,0.0,0.0,6.544756405912575,5.733667477162185,0.0,0.0,0.0,0.0,24.778036888983326,66.20337921211309,0.0,11.518956857145081,5.106527394840706,0.0,0.0,5.733667477162185,5.41499046939678,50.04388659470115,6.544756405912575,47.04149589414358,0.0,0.0,5.733667477162185,0.0,0.0,0.0,17.25233461173697,0.0,12.338727669087405,54.20945305911782,30.351141419052592,0.0,0.0,0.0,42.53,5.601050810983688,10.84019487200289,0.0,17.877652921470748,5.917906046161393,31.256391021773304,16.690354475090988,0.0,0.0,31.70177408867395,0.0,0.0,0.0,0.0,10.81249858276644,14.413508125472413,0.6424537037037032,6.507438114134542,3.4887041761148905,6.468730631141344,0.0,0.5555555555555556,20.0,1.0,2.0,3.0,0.0,3.0,0.0,1.0,0.0,1.0,4.0,2.0,1.0,1.0,2.0,0.0,1.0,2.0,0.0,2.0,1.0,4.0,2.36125538936367,4.0,3.1058200000000014,78.65280000000006,0.0,1.0,0.0,0.0,0.0,0.0,0.0,0.0,0.0,0.0,0.0,0.0,0.0,0.0,0.0,1.0,0.0,0.0,0.0,0.0,0.0,0.0,0.0,0.0,0.0,0.0,0.0,0.0,0.0,0.0,1.0,0.0,0.0,0.0,1.0,0.0,3.0,0.0,0.0,0.0,0.0,0.0,0.0,0.0,0.0,0.0,0.0,0.0,0.0,0.0,0.0,0.0,0.0,0.0,0.0,0.0,0.0,0.0,0.0,0.0,0.0,0.0,0.0,0.0,0.0,0.0,0.0,0.0,0.0,0.0,0.0,0.0,0.0,0.0,0.0,0.0,0.0,0.0,0.0,0.0,0.0,0.0,0.0,0.0,0.0
[N+]CC1c2c(C)cccc2C2C31CC(C)(C([N+])C3)CC2,946.0,High,138.0,,Table4,10.580461545729403,10.580461545729403,0.06931311413454289,-0.19799225245653873,0.7487229922508898,45.3,266.388,244.21199999999993,266.17720154418,102.0,6.0,0.4222219419679582,-0.06169921381963184,0.4222219419679582,0.06169921381963184,1.35,2.15,2.9,14.80505595373292,9.606756569646794,2.6962289737852183,-2.4051116577178915,2.716993206012025,-2.3495313505252655,5.489203076161055,0.109791284416258,2.7851945721245874,1.914655639918136,566.5366918134971,14.120955864630139,12.394062712070411,12.394062712070411,9.516621071375983,7.900777698359042,7.900777698359042,7.688126167072881,7.688126167072881,6.767222872440079,6.767222872440079,5.847486063205143,5.847486063205143,-0.8600000000000001,54990.88163202786,12.848761441724625,3.863448425654548,1.3208935621394287,121.47299642569402,0.0,0.0,0.0,0.0,12.586597235060536,11.46733495432437,0.0,0.0,0.0,0.0,25.122838405075456,54.20945305911782,11.83581209232279,5.917906046161393,0.0,0.0,0.0,11.46733495432437,10.82998093879356,57.408413812556034,6.544756405912575,34.88945568047582,0.0,0.0,11.46733495432437,0.0,0.0,0.0,12.586597235060536,0.0,17.753718138484185,61.13319025880844,18.19910120538483,0.0,0.0,0.0,44.6,0.0,11.46733495432437,0.0,29.33448422001549,5.917906046161393,19.26246486877803,23.111176098016998,0.0,0.0,32.046575604766076,0.0,0.0,0.0,0.0,0.0,24.995333049886625,0.7641203703703698,6.3839687263794405,4.227500472411187,4.629077380952381,0.0,0.6666666666666666,20.0,0.0,2.0,3.0,0.0,3.0,0.0,1.0,0.0,1.0,5.0,2.0,0.0,0.0,2.0,0.0,1.0,2.0,0.0,2.0,1.0,5.0,2.482026358182093,4.0,3.262120000000002,78.59200000000006,0.0,0.0,0.0,0.0,0.0,0.0,0.0,0.0,0.0,0.0,0.0,0.0,0.0,0.0,0.0,2.0,0.0,0.0,0.0,0.0,0.0,0.0,0.0,0.0,0.0,0.0,0.0,0.0,0.0,0.0,1.0,0.0,0.0,0.0,1.0,0.0,3.0,0.0,0.0,0.0,0.0,0.0,0.0,0.0,0.0,0.0,0.0,0.0,0.0,0.0,0.0,0.0,0.0,0.0,0.0,0.0,0.0,0.0,0.0,0.0,0.0,0.0,0.0,0.0,0.0,0.0,0.0,0.0,0.0,0.0,0.0,0.0,0.0,0.0,0.0,0.0,0.0,0.0,0.0,0.0,0.0,0.0,0.0,0.0,0.0
O=C(OC12C(=C)CC3(C(C[N+])c4c(C)cccc4C3CC1)C2)C,922.0,High,46.0,,Table4,11.640689379146721,11.640689379146721,0.033749999999999725,-0.5082331821617534,0.617882549636398,37.43478260869565,309.4090000000001,286.225,309.17233039609,119.0,3.0,0.41862353795500185,-0.4547038294735884,0.4547038294735884,0.41862353795500185,1.4782608695652173,2.260869565217391,2.9565217391304346,16.554486545495394,9.628817933266546,2.6652001003849946,-2.4219447394300873,2.714641557282134,-2.4130162747766453,5.673636573556234,-0.15645642599428883,2.8710411340078803,1.8489797525666174,709.593266627082,16.405412915006313,13.893102209495101,13.893102209495101,10.933123290812368,8.515134600435546,8.515134600435546,7.682438419762286,7.682438419762286,6.629751240446941,6.629751240446941,5.8866630857066475,5.8866630857066475,-1.6099999999999999,212571.88556194346,14.949326786379796,4.699213075460533,1.7715389809578244,137.4484542548409,4.736862953800049,5.601050810983688,0.0,0.0,6.544756405912575,11.702972765114033,4.794537184071822,0.0,0.0,0.0,24.778036888983326,66.20337921211309,6.923737199690624,5.917906046161393,9.53140013787187,5.969305287951849,0.0,5.733667477162185,5.41499046939678,56.96762379439177,6.544756405912575,47.04149589414358,0.0,0.0,5.733667477162185,0.0,0.0,0.0,18.115112504848113,9.53140013787187,12.338727669087405,61.13319025880844,30.351141419052592,0.0,0.0,0.0,48.6,5.601050810983688,10.528204661234007,0.0,23.8469582094226,5.917906046161393,31.256391021773304,23.614091674781612,0.0,0.0,31.70177408867395,4.736862953800049,5.786694302721088,0.0,11.640689379146721,0.0,14.694733612580837,0.3375522801713271,6.48829391324431,3.5092597316704457,8.042776780465273,0.0,0.55,23.0,0.0,3.0,3.0,0.0,3.0,0.0,1.0,0.0,1.0,4.0,2.0,2.0,0.0,3.0,0.0,2.0,2.0,0.0,2.0,1.0,4.0,3.0543509523429706,4.0,3.6766200000000024,88.20000000000005,0.0,0.0,0.0,0.0,0.0,0.0,0.0,0.0,0.0,0.0,1.0,1.0,0.0,0.0,0.0,1.0,0.0,0.0,0.0,0.0,0.0,0.0,0.0,0.0,0.0,0.0,0.0,0.0,0.0,0.0,1.0,0.0,0.0,0.0,1.0,0.0,3.0,0.0,0.0,0.0,1.0,1.0,0.0,0.0,0.0,0.0,0.0,0.0,0.0,0.0,0.0,0.0,0.0,0.0,0.0,0.0,0.0,0.0,0.0,0.0,0.0,0.0,0.0,0.0,0.0,0.0,0.0,0.0,0.0,0.0,0.0,0.0,0.0,0.0,0.0,0.0,0.0,0.0,0.0,0.0,0.0,0.0,0.0,0.0,0.0
S(=O)(=O)(OC1C2OCC([N+])C2OC1)c1ccc(C)cc1,877.0,High,29.0,,Table4,12.173705120937264,12.173705120937264,0.09472686759889148,-3.85823223733938,0.7494080300653848,33.3,297.332,282.212,297.06654500009,107.0,3.0,0.42746823777309967,-0.3653923492309426,0.42746823777309967,0.3653923492309426,1.15,1.8,2.5,32.239978079658044,10.099852033607952,2.551101032080614,-2.153503116773686,2.300978058172417,-2.3417649386134984,7.863784584728647,0.033328048110731624,2.9457890354943634,1.7562410384840756,585.2840082679226,14.328062645816686,10.92971905417324,11.746215635100967,9.471163677742107,6.384643871328911,7.792892161792774,5.06509895504094,6.637201856025713,3.541776755170757,4.891846311063974,2.4496552516160532,3.5206788569125633,-0.9900000000000001,47874.963404854396,13.968746554585984,5.085702971218872,2.470481547308451,117.48926425659273,9.473725907600098,18.814814740009524,6.103966387748303,0.0,10.118126859033554,11.775508306310146,4.183085432649707,0.0,8.417796984328938,0.0,17.696185628620217,19.056471336613843,0.0,11.502365440030694,22.074608324578744,10.118126859033554,0.0,5.733667477162185,0.0,36.17296066760127,13.213763929025836,29.828919765543436,0.0,0.0,5.733667477162185,0.0,0.0,0.0,45.985300905747636,23.77493819928336,6.923737199690624,5.563451491696996,29.160951749364212,0.0,0.0,0.0,84.13000000000001,34.47186685142643,14.151464461491123,0.0,18.10924740454361,0.0,5.563451491696996,12.13273413692322,12.13273413692322,6.923737199690624,0.0,13.656811340249806,40.22185006718737,0.0,0.10194019274376465,0.0,10.5760393308558,0.0,5.69506465265935,-1.7621349836230804,2.108806310849511,-3.85823223733938,0.5384615384615384,20.0,0.0,6.0,0.0,2.0,2.0,0.0,1.0,0.0,1.0,4.0,0.0,5.0,0.0,7.0,2.0,3.0,0.0,2.0,2.0,0.0,4.0,3.5520447928430654,3.0,0.30381999999999976,68.63980000000004,0.0,0.0,0.0,0.0,0.0,0.0,0.0,0.0,0.0,0.0,0.0,0.0,0.0,0.0,0.0,1.0,0.0,0.0,0.0,0.0,0.0,0.0,0.0,0.0,0.0,0.0,0.0,0.0,0.0,0.0,1.0,0.0,0.0,0.0,1.0,0.0,1.0,0.0,0.0,0.0,0.0,2.0,0.0,0.0,0.0,0.0,0.0,0.0,0.0,0.0,0.0,0.0,0.0,0.0,0.0,0.0,0.0,0.0,0.0,0.0,0.0,0.0,0.0,0.0,0.0,0.0,0.0,0.0,0.0,0.0,0.0,0.0,0.0,0.0,0.0,0.0,0.0,0.0,0.0,0.0,0.0,0.0,0.0,0.0,0.0
O=C1Oc2c(C)c3oc(C)c(C[N+])c3cc2C(C)=C1,817.0,High,203.0,,Table4,11.48360544217687,11.48360544217687,0.06983174288233784,-0.36286136831275706,0.6275636560479284,11.578947368421053,255.27299999999997,242.16899999999995,255.08899469609,95.0,3.0,0.4236823770726718,-0.46040132378749643,0.46040132378749643,0.4236823770726718,1.0526315789473684,1.736842105263158,2.4210526315789473,16.393594956901353,10.021397989984024,2.1972935888423466,-2.0374208196882733,2.3347610914073207,-1.987474514531171,5.994092754913688,0.5500392335415365,2.6712982858938714,2.595628199551761,855.3102455904226,13.731686328639373,11.033765786457348,11.033765786457348,9.024075805453153,6.095102421149022,6.095102421149022,4.798299626550893,4.798299626550893,3.5843283760733065,3.5843283760733065,2.5481022111857445,2.5481022111857445,-2.0699999999999994,26023.787901178097,11.989119300986285,3.963893317618602,1.6017532066955225,109.35505952569616,8.834301874106695,16.926287702158927,0.0,0.0,6.544756405912575,11.359253796240171,0.0,4.794537184071822,0.0,0.0,0.0,32.40103015923047,22.402266989088197,5.563451491696996,8.834301874106695,21.938488712214077,0.0,5.733667477162185,0.0,27.315968004984448,0.0,45.003459534038456,0.0,0.0,11.359253796240171,0.0,0.0,0.0,0.0,6.544756405912575,20.771211599071872,22.450601893965427,25.761573195101736,0.0,21.938488712214077,0.0,65.65,0.0,10.528204661234007,0.0,12.170342724990562,16.926287702158927,27.462802904020577,6.06636706846161,0.0,26.83757866753348,0.0,8.834301874106695,10.972578656462584,0.0,11.48360544217687,1.7518972033257754,12.737491969009826,0.6906538170823885,3.386070483749055,0.0,5.4777024281935,0.0,0.26666666666666666,19.0,0.0,4.0,0.0,0.0,0.0,0.0,1.0,2.0,3.0,0.0,0.0,3.0,0.0,4.0,2.0,1.0,0.0,0.0,0.0,0.0,0.0,2.501241572700618,3.0,3.0331600000000014,72.30500000000002,0.0,0.0,0.0,0.0,0.0,0.0,0.0,0.0,0.0,0.0,0.0,0.0,0.0,0.0,0.0,1.0,0.0,0.0,0.0,0.0,0.0,0.0,0.0,0.0,0.0,0.0,0.0,0.0,0.0,0.0,3.0,0.0,0.0,0.0,1.0,0.0,2.0,0.0,0.0,0.0,0.0,0.0,1.0,0.0,0.0,0.0,0.0,0.0,0.0,0.0,0.0,0.0,0.0,0.0,0.0,0.0,0.0,0.0,0.0,0.0,0.0,0.0,0.0,0.0,0.0,0.0,0.0,0.0,0.0,0.0,0.0,0.0,0.0,0.0,0.0,0.0,0.0,0.0,0.0,0.0,0.0,0.0,0.0,0.0,0.0
[N+]C1C(C)C2C(C)(C)C(C1)C2,761.0,High,65.0,,Table4,9.610740740740741,9.610740740740741,0.007615740740741117,-0.007615740740741117,0.5058474649559183,53.45454545454545,151.25299999999996,134.11699999999996,151.13555096409,61.0,3.0,0.4218934124016067,-0.05935922295900118,0.4218934124016067,0.05935922295900118,1.2727272727272727,1.9090909090909092,2.272727272727273,14.736242038686646,9.446719154754781,2.5955671142555747,-2.578741733522208,2.6045358205131226,-2.5651245796011604,5.05423081701223,-0.10943743037351485,1.9326389109396367,2.1671970078099054,173.71159065163113,8.223614639131599,7.670828234631557,7.670828234631557,5.031710636090996,4.712559256648532,4.712559256648532,5.022652624316841,5.022652624316841,4.313917400805514,4.313917400805514,3.122768875853552,3.122768875853552,-0.04,284.0979199081266,7.600932428048904,2.0070319396307648,0.8072557362756115,69.35195844735327,0.0,0.0,0.0,0.0,6.041840829147961,5.733667477162185,0.0,0.0,0.0,0.0,20.771211599071872,23.671624184645577,12.338727669087403,0.0,0.0,0.0,0.0,5.733667477162185,23.16870860788096,39.65469567407186,0.0,0.0,0.0,0.0,5.733667477162185,0.0,0.0,0.0,6.041840829147961,0.0,23.16870860788096,33.61285484492389,0.0,0.0,0.0,0.0,22.3,0.0,5.733667477162185,0.0,6.041840829147961,11.332896515558172,18.256633715248796,6.4208216229260096,0.0,0.0,20.771211599071872,0.0,0.0,0.0,0.0,0.0,10.137175925925927,2.129583333333333,-0.007615740740741117,2.412592592592593,6.911597222222222,0.0,1.0,11.0,0.0,1.0,3.0,0.0,3.0,0.0,0.0,0.0,0.0,4.0,2.0,0.0,0.0,1.0,0.0,0.0,3.0,0.0,3.0,0.0,4.0,1.3868467412790337,3.0,2.1258,45.081000000000024,0.0,0.0,0.0,0.0,0.0,0.0,0.0,0.0,0.0,0.0,0.0,0.0,0.0,0.0,0.0,1.0,0.0,0.0,0.0,0.0,0.0,0.0,0.0,0.0,0.0,0.0,0.0,0.0,0.0,0.0,0.0,0.0,0.0,0.0,0.0,0.0,2.0,0.0,0.0,0.0,0.0,0.0,0.0,0.0,0.0,0.0,0.0,0.0,0.0,0.0,0.0,0.0,0.0,0.0,0.0,0.0,0.0,0.0,0.0,0.0,0.0,0.0,0.0,0.0,0.0,0.0,0.0,0.0,0.0,0.0,0.0,0.0,0.0,0.0,0.0,0.0,0.0,0.0,0.0,0.0,0.0,0.0,0.0,0.0,0.0
OC12C(=C)CC3(C([N+])c4c(C)cccc4C3CC1)C2,756.0,High,94.0,,Table4,10.914537037037038,10.914537037037038,0.19590277777777776,-0.7287424414210126,0.7093698087794028,43.21052631578947,253.34499999999997,234.19299999999996,253.14611564809,97.0,3.0,0.4279224523426604,-0.3854996570574746,0.4279224523426604,0.3854996570574746,1.4210526315789473,2.210526315789474,3.0,16.28495726879211,9.653559820843531,2.6892944269751125,-2.3699974323629838,2.6988246958932094,-2.3788385148582774,5.499563793548317,0.005886832811091828,2.713704575337698,1.9291735137206831,592.9249032101961,13.41384908344359,11.316712442880785,11.316712442880785,8.978616268915196,7.160091795756191,7.160091795756191,6.793465094478414,6.793465094478414,5.914044331483534,5.914044331483534,4.993230273288355,4.993230273288355,-1.12,32282.229628217254,11.685610604659356,3.306500325002578,1.196921063594193,113.87279433429646,5.106527394840706,0.0,0.0,0.0,0.0,11.775508306310146,0.0,0.0,0.0,0.0,24.778036888983326,55.22493725101933,5.563451491696996,11.016041280380467,5.106527394840706,0.0,0.0,5.733667477162185,5.41499046939678,50.167821377687716,0.0,47.04149589414358,0.0,0.0,5.733667477162185,0.0,0.0,0.0,10.707578205824394,0.0,12.338727669087405,54.333387842104386,30.351141419052592,0.0,0.0,0.0,42.53,11.642891640131648,10.84019487200289,0.0,5.41499046939678,12.338727669087403,30.399020890544293,11.126902983393991,0.0,0.0,31.70177408867395,0.0,0.0,0.0,0.0,10.68749858276644,14.52233276643991,0.3860416666666666,5.881640211640211,3.1980409108087686,6.157779195011337,0.0,0.5294117647058824,19.0,1.0,2.0,3.0,0.0,3.0,0.0,1.0,0.0,1.0,4.0,2.0,1.0,1.0,2.0,0.0,0.0,2.0,0.0,2.0,1.0,4.0,2.0336039611663015,4.0,3.063320000000002,73.78580000000004,0.0,1.0,0.0,0.0,0.0,0.0,0.0,0.0,0.0,0.0,0.0,0.0,0.0,0.0,0.0,1.0,0.0,0.0,0.0,0.0,0.0,0.0,0.0,0.0,0.0,0.0,0.0,0.0,0.0,0.0,1.0,0.0,0.0,0.0,1.0,0.0,3.0,0.0,0.0,0.0,0.0,0.0,0.0,0.0,0.0,0.0,0.0,0.0,0.0,0.0,0.0,0.0,0.0,0.0,0.0,0.0,0.0,0.0,0.0,0.0,0.0,0.0,0.0,0.0,0.0,0.0,0.0,0.0,0.0,0.0,0.0,0.0,0.0,0.0,0.0,0.0,0.0,0.0,0.0,0.0,0.0,0.0,0.0,0.0,0.0
Brc1ccc(C([N+])C(C)N2CCOCC2)cc1,739.0,High,98.0,,Table4,10.334383975812548,10.334383975812548,0.1250699168556304,-0.443333333333334,0.8576449465997843,21.11764705882353,297.196,280.06,296.05187668409,91.0,3.0,0.42904452454546094,-0.37879224554282614,0.42904452454546094,0.37879224554282614,1.2352941176470589,1.8235294117647058,2.411764705882353,79.9187310761,9.998752934087227,2.3442545361162006,-2.3053761503514547,2.220931784968138,-2.4463560954725208,9.102992809937357,0.01444041992543491,2.388404271455187,2.022894294085038,348.9420243946557,12.25071237662706,9.973168694356954,11.559165233471658,8.181540550352056,5.935911759385928,6.728910028943281,4.385333155805881,5.301008684597572,3.2901093713810803,3.818774884419316,2.1229079828679183,2.3872407393870354,-0.42000000000000004,9133.257934044635,13.022119949627315,5.9565514830138095,3.2837542955444277,111.06098396910834,4.736862953800049,0.0,0.0,0.0,0.0,11.775508306310146,4.899909730850478,0.0,0.0,0.0,28.06267803487257,19.056471336613843,23.12568381935456,19.255604758173796,4.736862953800049,15.929943897949348,0.0,10.633577208012664,0.0,19.007418857986544,26.303276740850986,34.30163928137585,0.0,0.0,5.733667477162185,0.0,0.0,15.929943897949348,37.24502730084943,4.736862953800049,0.0,18.52902952053558,28.738187789678854,0.0,0.0,0.0,34.769999999999996,6.041840829147961,5.733667477162185,0.0,6.041840829147961,0.0,36.339447748380394,0.0,0.0,24.26546827384644,27.75359082849045,4.736862953800049,6.356250837239293,3.399623569622217,2.2740191562736207,0.0,11.29937641723356,0.0,7.535475718065003,0.0,5.385254301566306,0.0,0.5384615384615384,17.0,0.0,3.0,0.0,1.0,1.0,0.0,1.0,0.0,1.0,2.0,0.0,2.0,0.0,4.0,1.0,3.0,0.0,1.0,1.0,0.0,2.0,4.562760464584488,2.0,2.2796000000000003,70.87100000000004,0.0,0.0,0.0,0.0,0.0,0.0,0.0,0.0,0.0,0.0,0.0,0.0,0.0,0.0,0.0,2.0,0.0,0.0,0.0,0.0,0.0,0.0,0.0,0.0,0.0,0.0,0.0,0.0,0.0,0.0,0.0,0.0,0.0,0.0,1.0,0.0,0.0,0.0,0.0,0.0,0.0,1.0,0.0,0.0,1.0,0.0,0.0,0.0,0.0,0.0,0.0,0.0,0.0,0.0,0.0,0.0,1.0,0.0,0.0,0.0,0.0,0.0,0.0,0.0,0.0,0.0,0.0,0.0,0.0,0.0,0.0,0.0,0.0,0.0,0.0,0.0,0.0,0.0,0.0,0.0,0.0,0.0,0.0,0.0,0.0
[N+]Cc1ccc(C(C)(C)C)cc1,726.0,High,19.0,,Table4,8.831290627362057,8.831290627362057,0.12938775510204104,0.12938775510204104,0.6037350219455045,11.666666666666666,161.248,146.12799999999996,161.11990090009,63.0,3.0,0.4235083742796168,-0.058003967861736005,0.4235083742796168,0.058003967861736005,1.0833333333333333,1.5833333333333333,1.9166666666666667,14.51617276795302,9.865889789859851,2.126510369786595,-2.179868574231929,2.2138629486532806,-2.1012782650399005,5.26675963068141,0.5897087797255491,2.031264688559135,2.9253054988786795,240.70177697819747,9.19023444431199,7.963721453445009,7.963721453445009,5.537023368100676,4.24114836165603,4.24114836165603,4.105037308067095,4.105037308067095,2.0025353628080946,2.0025353628080946,1.1101549197110239,1.1101549197110239,-0.8200000000000001,430.6281139745366,9.269445438282649,3.2769974682229126,2.0811480170921866,74.59600438849273,0.0,0.0,0.0,0.0,6.544756405912575,5.733667477162185,0.0,0.0,0.0,0.0,45.03667987291831,10.978441961093775,5.563451491696996,0.0,0.0,0.0,0.0,5.733667477162185,0.0,32.730958474381225,0.0,35.392371257240434,0.0,0.0,5.733667477162185,0.0,0.0,0.0,0.0,11.959746875309355,0.0,31.898114582465865,24.26546827384644,0.0,0.0,0.0,22.3,0.0,0.0,0.0,11.959746875309355,0.0,5.563451491696996,5.563451491696996,0.0,12.13273413692322,32.903945735995094,5.733667477162185,0.0,0.0,0.0,0.0,11.313935185185187,0.0,8.09550925925926,0.0,6.6738888888888885,0.0,0.45454545454545453,12.0,0.0,1.0,0.0,0.0,0.0,0.0,1.0,0.0,1.0,0.0,0.0,0.0,0.0,1.0,0.0,1.0,0.0,0.0,0.0,0.0,0.0,2.5313291027568887,1.0,2.5528000000000004,50.98000000000003,0.0,0.0,0.0,0.0,0.0,0.0,0.0,0.0,0.0,0.0,0.0,0.0,0.0,0.0,0.0,1.0,0.0,0.0,0.0,0.0,0.0,0.0,0.0,0.0,0.0,0.0,0.0,0.0,0.0,0.0,0.0,0.0,0.0,0.0,1.0,0.0,0.0,0.0,0.0,0.0,0.0,0.0,0.0,0.0,0.0,0.0,0.0,0.0,0.0,0.0,0.0,0.0,0.0,0.0,0.0,0.0,0.0,0.0,0.0,0.0,0.0,0.0,0.0,0.0,0.0,0.0,0.0,0.0,0.0,0.0,0.0,0.0,0.0,0.0,0.0,0.0,0.0,0.0,0.0,0.0,0.0,0.0,0.0,0.0,0.0
O=C(OC1C2(C)C(C)CCC3(C(C)C(O)C(C[N+])(C)C1)C2C(=O)CC3)CO,628.0,High,86.0,,Table4,13.095827034517512,13.095827034517512,0.13202005647938253,-0.8454894179894183,0.7270268481288642,49.888888888888886,379.49700000000024,346.2330000000001,379.23532457608997,151.0,3.0,0.41863866433556784,-0.4600292007361585,0.4600292007361585,0.41863866433556784,1.2962962962962963,1.962962962962963,2.5555555555555554,16.55451898117539,9.43565882347974,2.686179871849412,-2.6093540257155046,2.673091993523635,-2.6351988654362426,5.853997879800937,-0.21149955941502244,3.002969086045468,2.193158601223082,623.6932243893218,20.19830613381976,16.902884472145427,16.902884472145427,12.563385687713042,10.185305856235791,10.185305856235791,9.824633003234867,9.824633003234867,8.664355882703722,8.664355882703722,6.707838317828114,6.707838317828114,-0.9800000000000002,860155.4501614335,20.746538248146397,6.816164810152832,2.783223188135155,161.38554748617318,14.94991774348146,18.49409329862616,0.0,0.0,6.544756405912575,11.702972765114033,4.794537184071822,4.794537184071822,0.0,0.0,27.694948798762496,42.934089053423605,17.75371813848418,11.518956857145081,24.538992111625106,11.75255023431679,0.0,5.733667477162185,33.99868954667452,72.00698968888915,13.151638370425493,0.0,0.0,0.0,5.733667477162185,0.0,0.0,0.0,47.3251761699203,14.325937321943691,33.99868954667452,59.79905691339255,0.0,0.0,0.0,0.0,106.13000000000001,35.61410096675493,25.535796634987243,0.0,41.91753158308448,6.4208216229260096,19.26246486877803,0.0,0.0,20.771211599071872,6.923737199690624,4.736862953800049,5.7058668745275885,0.0,25.11899368543714,20.48480913275804,8.388684767888638,-0.7876828493743182,0.0,1.809844104308389,7.029484284454523,0.0,0.9047619047619048,27.0,2.0,6.0,3.0,0.0,3.0,0.0,0.0,0.0,0.0,8.0,2.0,5.0,2.0,6.0,0.0,3.0,3.0,0.0,3.0,0.0,8.0,5.237474960722416,3.0,1.7678999999999996,98.53060000000005,0.0,2.0,2.0,0.0,0.0,0.0,0.0,0.0,0.0,0.0,2.0,2.0,0.0,0.0,0.0,1.0,0.0,0.0,0.0,0.0,0.0,0.0,0.0,0.0,0.0,0.0,0.0,0.0,0.0,0.0,0.0,0.0,0.0,0.0,0.0,0.0,0.0,0.0,0.0,0.0,1.0,1.0,0.0,0.0,0.0,0.0,0.0,0.0,0.0,0.0,0.0,1.0,1.0,0.0,0.0,0.0,0.0,0.0,0.0,0.0,0.0,0.0,0.0,0.0,0.0,0.0,0.0,0.0,0.0,0.0,0.0,0.0,0.0,0.0,0.0,0.0,0.0,0.0,0.0,0.0,0.0,0.0,0.0,0.0,0.0
[N+]C1c2c(-c3c1cccc3)cccc2,617.0,High,10.0,,Table4,10.03351851851852,10.03351851851852,0.44222222222222274,-0.44222222222222274,0.5930750956647967,13.785714285714286,179.22199999999998,170.14999999999995,179.07295070809,65.0,3.0,0.4329479943731663,-0.06169269255718854,0.4329479943731663,0.06169269255718854,0.7142857142857143,1.1428571428571428,1.6428571428571428,14.652806056058694,10.068819284791338,2.3603666723975913,-1.9596115972151122,2.4167293100241616,-1.9471163037243553,5.777094497109699,0.8660269352305228,2.5492789600060477,2.358276060638899,442.59916570517765,9.54360559544051,7.643366018206592,7.643366018206592,6.877010097711744,4.74024969731604,4.74024969731604,3.577037354343322,3.577037354343322,2.800926737308375,2.800926737308375,2.128988575724936,2.128988575724936,-1.5999999999999996,3568.9905440084667,7.771527777777778,2.692427286225872,0.8753848498704466,83.1874989834411,0.0,0.0,0.0,0.0,0.0,11.775508306310146,0.0,0.0,0.0,0.0,48.53093654769288,11.126902983393991,11.126902983393991,0.0,0.0,0.0,0.0,5.733667477162185,0.0,6.041840829147961,0.0,59.65783953108687,0.0,11.126902983393991,5.733667477162185,0.0,0.0,0.0,0.0,0.0,0.0,17.16874381254195,48.53093654769288,0.0,11.126902983393991,0.0,22.3,6.041840829147961,5.733667477162185,0.0,0.0,0.0,22.253805966787983,0.0,0.0,36.39820241076966,12.13273413692322,0.0,0.0,0.0,0.0,0.0,14.402592592592596,0.0,15.597407407407406,0.0,0.0,0.0,0.07692307692307693,14.0,0.0,1.0,1.0,0.0,1.0,0.0,2.0,0.0,2.0,0.0,0.0,0.0,0.0,1.0,0.0,0.0,0.0,0.0,0.0,0.0,0.0,1.494590960325086,3.0,2.825100000000001,55.85500000000003,0.0,0.0,0.0,0.0,0.0,0.0,0.0,0.0,0.0,0.0,0.0,0.0,0.0,0.0,0.0,1.0,0.0,0.0,0.0,0.0,0.0,0.0,0.0,0.0,0.0,0.0,0.0,0.0,0.0,0.0,0.0,0.0,0.0,0.0,2.0,0.0,3.0,0.0,0.0,0.0,0.0,0.0,0.0,0.0,0.0,0.0,0.0,0.0,0.0,0.0,0.0,0.0,0.0,0.0,0.0,0.0,0.0,0.0,0.0,0.0,0.0,0.0,0.0,0.0,0.0,0.0,0.0,0.0,0.0,0.0,0.0,0.0,0.0,0.0,0.0,0.0,0.0,0.0,0.0,0.0,0.0,0.0,0.0,0.0,0.0
[N+]Cc1ccc(-c2ccccc2)cc1,617.0,High,1.0,,Table4,8.899052658100278,8.899052658100278,0.10621992315444717,0.10621992315444717,0.6793944571580888,10.071428571428571,181.238,170.14999999999995,181.08860077209,67.0,3.0,0.42350837767457566,-0.062225394893630374,0.42350837767457566,0.062225394893630374,0.7142857142857143,1.2857142857142858,1.8571428571428572,14.515707843540357,10.042826449114594,2.001821761702241,-1.9979438521797228,2.1835290309370765,-1.8374140840712292,5.628282616795607,1.0281241564171515,2.303941289095321,2.3429680041070835,389.34055657608894,9.803118619434356,7.85047279939314,7.85047279939314,6.898178147766923,4.6518319641789905,4.6518319641789905,3.2210627118515345,3.2210627118515345,2.2436323607056283,2.2436323607056283,1.4332079517234486,1.4332079517234486,-1.5999999999999996,2580.4142437867595,8.974738249053242,4.072611969877132,1.8314413265306126,84.19333013697033,0.0,0.0,0.0,0.0,6.544756405912575,5.733667477162185,0.0,0.0,0.0,0.0,54.59730361615449,11.126902983393991,5.563451491696996,0.0,0.0,0.0,0.0,5.733667477162185,0.0,6.544756405912575,0.0,60.160755107851486,0.0,11.126902983393991,5.733667477162185,0.0,0.0,0.0,0.0,6.544756405912575,0.0,5.563451491696996,54.59730361615449,0.0,11.126902983393991,0.0,22.3,0.0,0.0,0.0,6.544756405912575,0.0,5.563451491696996,11.126902983393991,0.0,42.46456947923127,12.13273413692322,5.733667477162185,0.0,0.0,0.0,0.0,12.236525730662636,0.0,18.157254346182917,0.0,0.10621992315444717,0.0,0.07692307692307693,14.0,0.0,1.0,0.0,0.0,0.0,0.0,2.0,0.0,2.0,0.0,0.0,0.0,0.0,1.0,0.0,2.0,0.0,0.0,0.0,0.0,0.0,2.610759029972026,2.0,2.922300000000001,57.71600000000003,0.0,0.0,0.0,0.0,0.0,0.0,0.0,0.0,0.0,0.0,0.0,0.0,0.0,0.0,0.0,1.0,0.0,0.0,0.0,0.0,0.0,0.0,0.0,0.0,0.0,0.0,0.0,0.0,0.0,0.0,0.0,0.0,0.0,0.0,2.0,0.0,0.0,0.0,0.0,0.0,0.0,0.0,0.0,0.0,0.0,0.0,0.0,0.0,0.0,0.0,0.0,0.0,0.0,0.0,0.0,0.0,0.0,0.0,0.0,0.0,0.0,0.0,0.0,0.0,0.0,0.0,0.0,0.0,0.0,0.0,0.0,0.0,0.0,0.0,0.0,0.0,0.0,0.0,0.0,0.0,0.0,0.0,0.0,0.0,0.0
S(=O)(=O)(OC1C2OCC([N+])C2OC1)c1ccccc1,616.0,High,30.0,,Table4,12.062405045351476,12.062405045351476,0.0944401927437648,-3.84147297808012,0.7287552384774121,34.36842105263158,283.30499999999995,270.20099999999996,283.05089493609,101.0,3.0,0.42746823777309967,-0.36539234923094266,0.42746823777309967,0.36539234923094266,1.105263157894737,1.7894736842105263,2.526315789473684,32.239977999482115,10.099853816883122,2.551019081903418,-2.1516843276406976,2.2997359530220987,-2.3416889271466914,7.863778343059272,0.03332830074236804,2.952433460799831,1.757325929306128,546.4979872183754,13.457819157813608,10.007069323362867,10.823565904290593,9.077316827624754,5.973960268805952,7.382208559269814,4.565098955040939,6.137201856025711,3.2639989773929794,4.614068533286197,2.3318812301839977,3.4239569122562314,-0.9900000000000001,34035.65293610045,13.014520228641302,4.841221870839234,2.3940245262353503,111.12432214219614,9.473725907600098,18.814814740009524,6.103966387748303,0.0,10.118126859033554,11.775508306310146,4.183085432649707,0.0,8.417796984328938,0.0,18.19910120538483,12.13273413692322,0.0,11.502365440030694,22.074608324578744,10.118126859033554,0.0,5.733667477162185,0.0,29.249223467910642,13.213763929025836,30.33183534230805,0.0,0.0,5.733667477162185,0.0,0.0,0.0,45.985300905747636,23.77493819928336,0.0,0.0,35.227318817825825,0.0,0.0,0.0,84.13000000000001,34.47186685142643,14.151464461491123,0.0,18.10924740454361,0.0,0.0,12.13273413692322,18.19910120538483,0.0,0.0,13.656811340249806,39.92114795918368,0.0,0.0944401927437648,0.0,9.57748607623337,0.0,7.18285928258917,-1.7529474783740673,0.23515361237087484,-3.84147297808012,0.5,19.0,0.0,6.0,0.0,2.0,2.0,0.0,1.0,0.0,1.0,4.0,0.0,5.0,0.0,7.0,2.0,3.0,0.0,2.0,2.0,0.0,4.0,3.3161147352304154,3.0,-0.0046000000000003816,63.90280000000004,0.0,0.0,0.0,0.0,0.0,0.0,0.0,0.0,0.0,0.0,0.0,0.0,0.0,0.0,0.0,1.0,0.0,0.0,0.0,0.0,0.0,0.0,0.0,0.0,0.0,0.0,0.0,0.0,0.0,0.0,0.0,0.0,0.0,0.0,1.0,0.0,1.0,0.0,0.0,0.0,0.0,2.0,0.0,0.0,0.0,0.0,0.0,0.0,0.0,0.0,0.0,0.0,0.0,0.0,0.0,0.0,0.0,0.0,0.0,0.0,0.0,0.0,0.0,0.0,0.0,0.0,0.0,0.0,0.0,0.0,0.0,0.0,0.0,0.0,0.0,0.0,0.0,0.0,0.0,0.0,0.0,0.0,0.0,0.0,0.0
[N+]C(C(C)N1CCOCC1)c1ccccc1,613.0,High,66.0,,Table4,10.258798185941043,10.258798185941043,0.14472222222222197,-0.41731481481481536,0.7706006957475974,21.625,218.3,200.15599999999995,218.14136461609002,85.0,3.0,0.42904451268346816,-0.37879224554282614,0.42904451268346816,0.37879224554282614,1.1875,1.8125,2.4375,16.477514221226887,9.998959877949924,2.3426686620264334,-2.305154533543786,2.198955360924524,-2.446312878534016,5.19277625805845,0.014441238110787138,2.389251635107567,2.004206839745683,308.96844961661145,11.380468888623982,9.672554490537353,9.672554490537353,7.787693700234704,5.836245920358356,5.836245920358356,4.244465534759515,4.244465534759515,3.2196767692668917,3.2196767692668917,2.1131665771259707,2.1131665771259707,-0.9,6460.536421330862,11.581462906523667,5.434965521888546,2.6115807246633347,97.19343636346697,4.736862953800049,0.0,0.0,0.0,0.0,11.775508306310146,4.899909730850478,0.0,0.0,0.0,30.33183534230805,6.923737199690624,18.652964303522147,19.255604758173796,4.736862953800049,0.0,0.0,10.633577208012664,0.0,19.007418857986544,26.303276740850986,35.89528683400505,0.0,0.0,5.733667477162185,0.0,0.0,0.0,37.24502730084943,4.736862953800049,0.0,18.52902952053558,30.33183534230805,0.0,0.0,0.0,34.769999999999996,6.041840829147961,5.733667477162185,0.0,6.041840829147961,0.0,31.86672823254798,0.0,0.0,30.33183534230805,11.823646930541102,4.736862953800049,5.312019557823129,0.0,2.278935185185185,0.0,11.246290627362056,0.0,9.568700554295791,0.0,5.427387408667171,0.0,0.5384615384615384,16.0,0.0,3.0,0.0,1.0,1.0,0.0,1.0,0.0,1.0,2.0,0.0,2.0,0.0,3.0,1.0,3.0,0.0,1.0,1.0,0.0,2.0,3.9340532243742024,2.0,1.5170999999999997,63.17100000000005,0.0,0.0,0.0,0.0,0.0,0.0,0.0,0.0,0.0,0.0,0.0,0.0,0.0,0.0,0.0,2.0,0.0,0.0,0.0,0.0,0.0,0.0,0.0,0.0,0.0,0.0,0.0,0.0,0.0,0.0,0.0,0.0,0.0,0.0,1.0,0.0,0.0,0.0,0.0,0.0,0.0,1.0,0.0,0.0,0.0,0.0,0.0,0.0,0.0,0.0,0.0,0.0,0.0,0.0,0.0,0.0,1.0,0.0,0.0,0.0,0.0,0.0,0.0,0.0,0.0,0.0,0.0,0.0,0.0,0.0,0.0,0.0,0.0,0.0,0.0,0.0,0.0,0.0,0.0,0.0,0.0,0.0,0.0,0.0,0.0
O(Cc1ccccc1)C1C2OCC([N+])C2OC1,552.0,High,12.0,,Table4,9.59683131432861,9.59683131432861,0.07189247921390796,-0.5089580708826744,0.7758122972615252,36.05882352941177,233.26699999999994,218.14699999999996,233.10464476009,89.0,3.0,0.4274682287894705,-0.3683123723459427,0.4274682287894705,0.3683123723459427,1.1176470588235294,1.8823529411764706,2.7058823529411766,16.614283821333697,10.093440583933962,2.539308789650314,-2.1547844788229242,2.2838791541996994,-2.3281505932092252,5.131803372422114,-0.03899571549248136,2.9214851234225407,1.5666151112738174,370.1871411604736,11.664925939000156,9.489431233157823,9.489431233157823,8.34333659290053,5.912064648762107,5.912064648762107,4.498300028976492,4.498300028976492,3.2887426349045836,3.2887426349045836,2.3643661179510005,2.3643661179510005,-0.9400000000000002,17201.70440671192,11.167603668833674,4.740601830944918,2.214226471264656,100.6548619987481,14.210588861400147,18.814814740009524,6.103966387748303,0.0,0.0,11.775508306310146,0.0,0.0,0.0,0.0,30.33183534230805,5.563451491696996,0.0,13.213763929025836,14.210588861400147,0.0,0.0,5.733667477162185,0.0,30.96062195690579,13.213763929025836,35.89528683400505,0.0,0.0,5.733667477162185,0.0,0.0,0.0,37.567503921418705,20.817470825913066,0.0,5.563451491696996,30.33183534230805,0.0,0.0,0.0,49.99000000000001,6.041840829147961,5.733667477162185,0.0,18.31189916324491,19.820645893538753,5.563451491696996,0.0,0.0,30.33183534230805,0.0,14.210588861400147,16.770504535147392,0.0,0.0,0.0,10.730623358924225,0.0,9.499846244040418,-0.40107247837406645,1.4000983402620308,0.0,0.5384615384615384,17.0,0.0,4.0,0.0,2.0,2.0,0.0,1.0,0.0,1.0,4.0,0.0,3.0,0.0,4.0,2.0,3.0,0.0,2.0,2.0,0.0,4.0,3.1141860235141237,3.0,0.8066999999999998,60.42100000000004,0.0,0.0,0.0,0.0,0.0,0.0,0.0,0.0,0.0,0.0,0.0,0.0,0.0,0.0,0.0,1.0,0.0,0.0,0.0,0.0,0.0,0.0,0.0,0.0,0.0,0.0,0.0,0.0,0.0,0.0,0.0,0.0,0.0,0.0,1.0,0.0,1.0,0.0,0.0,0.0,0.0,3.0,0.0,0.0,0.0,0.0,0.0,0.0,0.0,0.0,0.0,0.0,0.0,0.0,0.0,0.0,0.0,0.0,0.0,0.0,0.0,0.0,0.0,0.0,0.0,0.0,0.0,0.0,0.0,0.0,0.0,0.0,0.0,0.0,0.0,0.0,0.0,0.0,0.0,0.0,0.0,0.0,0.0,0.0,0.0
O=C1C2(CO)CC3(C([N+])c4c(C)cccc4C3CC2)C1,542.0,High,26.0,,Table4,12.456625094482236,12.456625094482236,0.06711238662131502,-0.575964663643235,0.85021488332677,41.65,269.344,250.19199999999995,269.14103026809,103.0,3.0,0.4279230610857096,-0.3953347593347172,0.4279230610857096,0.3953347593347172,1.45,2.25,3.0,16.254077337324933,9.62282011584481,2.7076934103574537,-2.3790071399699797,2.6999956680097545,-2.3722482678945287,5.891635397726928,-0.1277716493742672,2.8184881413433094,1.8967560153645895,611.0076092747743,14.120955864630139,11.724960733344648,11.724960733344648,9.539276440695017,7.4568369092549815,7.4568369092549815,7.019947452508378,7.019947452508378,6.208185677241552,6.208185677241552,5.200252012083329,5.200252012083329,-1.19,58669.64915020233,12.543112090348872,3.7142207460338215,1.21486800486472,118.72391946652448,5.106527394840706,5.783244946364939,0.0,0.0,0.0,11.775508306310146,4.794537184071822,0.0,0.0,0.0,18.19910120538483,43.23101109802404,11.984273114623004,17.436862903306476,9.901064578912528,5.783244946364939,0.0,5.733667477162185,10.82998093879356,44.56677056670402,6.606881964512918,34.88945568047582,0.0,0.0,5.733667477162185,0.0,0.0,0.0,17.496654305718565,4.794537184071822,17.75371813848418,54.333387842104386,18.19910120538483,0.0,0.0,0.0,59.599999999999994,11.45683129854474,15.634732056074714,0.0,23.72302342643603,12.841643245852019,23.968546229246012,5.563451491696996,0.0,19.056471336613843,6.06636706846161,0.0,0.0,0.0,12.456625094482236,9.710597600151173,13.393551114890403,0.4356797996976569,5.636574231544469,2.7335964663643235,1.966709026203074,0.0,0.5882352941176471,20.0,1.0,3.0,3.0,0.0,3.0,0.0,1.0,0.0,1.0,4.0,2.0,2.0,1.0,3.0,0.0,1.0,2.0,0.0,2.0,1.0,4.0,2.3293943572900715,4.0,2.3238200000000004,74.22180000000004,0.0,1.0,1.0,0.0,0.0,0.0,0.0,0.0,0.0,0.0,1.0,1.0,0.0,0.0,0.0,1.0,0.0,0.0,0.0,0.0,0.0,0.0,0.0,0.0,0.0,0.0,0.0,0.0,0.0,0.0,1.0,0.0,0.0,0.0,1.0,0.0,3.0,0.0,0.0,0.0,0.0,0.0,0.0,0.0,0.0,0.0,0.0,0.0,0.0,0.0,0.0,1.0,1.0,0.0,0.0,0.0,0.0,0.0,0.0,0.0,0.0,0.0,0.0,0.0,0.0,0.0,0.0,0.0,0.0,0.0,0.0,0.0,0.0,0.0,0.0,0.0,0.0,0.0,0.0,0.0,0.0,0.0,0.0,0.0,0.0
O=C1C2(C)CC3(C([N+])c4c(C)cccc4C3CC2)C1,515.0,High,50.0,,Table4,12.385375094482237,12.385375094482237,0.17318688586545727,-0.444652777777778,0.6985073877162525,43.21052631578947,253.34499999999997,234.19299999999996,253.14611564809,97.0,3.0,0.4279230447086269,-0.2990704302134865,0.4279230447086269,0.2990704302134865,1.368421052631579,2.1578947368421053,2.9473684210526314,16.14003096137756,9.62680700674753,2.6970979794929804,-2.36961907535086,2.6998915234774423,-2.336059241330776,5.885993048908228,-0.12477192659239726,2.713704575337698,1.9291735137206831,592.9249032101961,13.41384908344359,11.570640356658142,11.570640356658142,8.978616268915196,7.2870557526448705,7.2870557526448705,7.1421636553898695,7.1421636553898695,6.112191922251264,6.112191922251264,5.141678883101701,5.141678883101701,-1.15,32282.229628217254,11.658049962907372,3.2936702594297884,1.1912597209721334,113.92968571432847,0.0,5.783244946364939,0.0,0.0,0.0,11.775508306310146,4.794537184071822,0.0,0.0,0.0,25.122838405075452,43.23101109802404,17.399263584019785,5.41499046939678,4.794537184071822,5.783244946364939,0.0,5.733667477162185,10.82998093879356,51.49050776639464,0.0,34.88945568047582,0.0,0.0,5.733667477162185,0.0,0.0,0.0,5.783244946364939,4.794537184071822,17.75371813848418,61.25712504179501,18.19910120538483,0.0,0.0,0.0,39.370000000000005,6.041840829147961,10.528204661234007,0.0,10.82998093879356,18.121972615452343,24.825916360475023,11.126902983393991,0.0,0.0,32.046575604766076,0.0,0.0,0.0,12.385375094482237,0.0,14.147787226001512,0.7605872071050646,5.881640211640211,3.4824853552532127,4.175458238851096,0.0,0.5882352941176471,19.0,0.0,2.0,3.0,0.0,3.0,0.0,1.0,0.0,1.0,4.0,2.0,1.0,0.0,2.0,0.0,0.0,2.0,0.0,2.0,1.0,4.0,2.020935391882871,4.0,3.351420000000002,72.81000000000004,0.0,0.0,0.0,0.0,0.0,0.0,0.0,0.0,0.0,0.0,1.0,1.0,0.0,0.0,0.0,1.0,0.0,0.0,0.0,0.0,0.0,0.0,0.0,0.0,0.0,0.0,0.0,0.0,0.0,0.0,1.0,0.0,0.0,0.0,1.0,0.0,3.0,0.0,0.0,0.0,0.0,0.0,0.0,0.0,0.0,0.0,0.0,0.0,0.0,0.0,0.0,1.0,1.0,0.0,0.0,0.0,0.0,0.0,0.0,0.0,0.0,0.0,0.0,0.0,0.0,0.0,0.0,0.0,0.0,0.0,0.0,0.0,0.0,0.0,0.0,0.0,0.0,0.0,0.0,0.0,0.0,0.0,0.0,0.0,0.0
O=C1C2(C)C([N+])C=CC3(O1)C2C(C[N+])C12C3CCC(O)(C(=C)C1)C2,504.0,High,39.0,,Table4,12.691978891093475,12.691978891093475,0.05666666666666642,-1.0314725056689338,0.57737065454661,60.166666666666664,326.3960000000001,304.2200000000001,326.16194540418,124.0,6.0,0.4278471704826382,-0.4535163574121544,0.4535163574121544,0.4278471704826382,1.5,2.25,2.9583333333333335,16.56607648208126,9.602445329041581,2.8433230535485614,-2.4375343885503145,2.7667791315420476,-2.5019672649406344,5.833064425555476,-0.15751387180226764,2.947332536870623,1.7498906540301098,704.7254695844132,17.120955864630137,13.864879669684644,13.864879669684644,11.244453794726219,8.868948755860833,8.868948755860833,8.909572814044417,8.909572814044417,8.239785926054816,8.239785926054816,7.240386005880278,7.240386005880278,-1.17,364104.6196073861,15.113743157765468,3.972453543996484,1.2536882073833475,141.64892973072594,9.843390348640755,11.016041280380467,0.0,0.0,6.544756405912575,23.47848107142418,4.794537184071822,0.0,0.0,0.0,6.578935683598497,55.747158904528476,17.75371813848418,5.601050810983688,14.637927532712576,5.969305287951849,0.0,11.46733495432437,28.583699077277743,49.85096614251,6.544756405912575,24.304080427335528,0.0,0.0,11.46733495432437,0.0,0.0,0.0,34.86453153982047,9.53140013787187,28.583699077277743,32.60702369139466,24.304080427335528,0.0,0.0,0.0,91.13000000000001,22.658932920512115,21.368399533236897,0.0,35.682770301745386,19.26246486877803,11.993926152995277,0.0,12.999757306524504,6.076020106833881,6.578935683598497,4.736862953800049,5.977216080876795,0.0,12.691978891093475,10.958635046611237,18.727099041005292,-0.7615428949357532,-0.9030404383975814,6.170178335222979,5.8061426051902245,0.0,0.7368421052631579,24.0,1.0,5.0,4.0,1.0,5.0,0.0,0.0,0.0,0.0,8.0,4.0,3.0,1.0,5.0,1.0,1.0,3.0,1.0,4.0,1.0,8.0,2.501610107088252,5.0,1.0875999999999995,84.45380000000003,0.0,1.0,0.0,0.0,0.0,0.0,0.0,0.0,0.0,0.0,1.0,1.0,0.0,0.0,0.0,2.0,0.0,0.0,0.0,0.0,0.0,0.0,0.0,0.0,0.0,0.0,0.0,0.0,0.0,0.0,0.0,0.0,0.0,0.0,0.0,0.0,1.0,0.0,0.0,0.0,1.0,1.0,0.0,0.0,0.0,0.0,0.0,0.0,0.0,0.0,0.0,0.0,0.0,0.0,0.0,0.0,0.0,0.0,0.0,0.0,0.0,0.0,0.0,0.0,0.0,0.0,0.0,0.0,0.0,0.0,0.0,0.0,0.0,0.0,0.0,0.0,0.0,0.0,0.0,0.0,0.0,0.0,0.0,0.0,0.0
O=C(OC)C1(C)C2C(C)(c3c(C([N+])C2)cc(C(C)C)cc3)CCC1,477.0,High,75.0,,Table4,12.543947433171818,12.543947433171818,0.07811224489795943,-0.5167267809901734,0.7475893177323516,35.291666666666664,327.46800000000013,298.23600000000005,327.21928058809,129.0,3.0,0.4272216842025176,-0.46858709373605123,0.46858709373605123,0.4272216842025176,1.2916666666666667,2.0,2.625,16.525175551508426,9.488163059557086,2.5898124843390233,-2.5285505407340585,2.5913526537005755,-2.5304255939436553,5.771644210230582,-0.161212032777371,2.5571015824848677,2.117067305234614,653.2388717938884,17.69830613381976,15.556238916311633,15.556238916311633,11.23605321075789,9.14573378126025,9.14573378126025,8.485543149382233,8.485543149382233,6.757662240265012,6.757662240265012,5.280839204480097,5.280839204480097,-1.35,208171.0827285106,17.47230332155244,5.872345904978777,2.3990900091694876,145.50883055495098,4.736862953800049,0.0,0.0,0.0,0.0,17.744813594261995,4.794537184071822,0.0,0.0,0.0,39.32476735892111,54.209453059117806,11.984273114623004,12.524788010674314,9.53140013787187,5.969305287951849,0.0,5.733667477162185,11.332896515558172,70.75297263517268,7.109797541277533,34.88945568047582,0.0,0.0,5.733667477162185,0.0,0.0,0.0,13.079102829229383,14.94639060726865,11.332896515558172,82.02833664086688,18.19910120538483,0.0,0.0,0.0,48.6,11.45683129854474,10.528204661234007,0.0,17.302201803510023,12.338727669087403,24.825916360475023,18.236700524671523,0.0,6.923737199690624,38.970312804456704,4.736862953800049,5.1399200471179185,0.0,12.543947433171818,0.0,13.817109486541531,0.4224037047925481,6.061667139077853,3.5493779394473837,8.658387548264892,1.4738533682527188,0.6666666666666666,24.0,0.0,3.0,2.0,0.0,2.0,0.0,1.0,0.0,1.0,4.0,0.0,2.0,0.0,3.0,0.0,2.0,1.0,0.0,1.0,0.0,4.0,4.275142035869399,3.0,4.560600000000004,94.83900000000007,0.0,0.0,0.0,0.0,0.0,0.0,0.0,0.0,0.0,0.0,1.0,1.0,0.0,0.0,0.0,1.0,0.0,0.0,0.0,0.0,0.0,0.0,0.0,0.0,0.0,0.0,0.0,0.0,0.0,0.0,0.0,0.0,0.0,0.0,1.0,0.0,3.0,0.0,0.0,0.0,1.0,1.0,0.0,0.0,0.0,0.0,0.0,0.0,0.0,0.0,0.0,0.0,0.0,0.0,0.0,1.0,0.0,0.0,0.0,0.0,0.0,0.0,0.0,0.0,0.0,0.0,0.0,0.0,0.0,0.0,0.0,0.0,0.0,0.0,0.0,0.0,0.0,0.0,0.0,0.0,0.0,0.0,0.0,0.0,0.0
O(C)c1cc2c(C3SC(=O)N4C3CC(C(C=C)C[N+])CC4)ccnc2cc1,458.0,High,58.0,,Table4,12.646083002645504,12.646083002645504,0.05746693121693092,0.05746693121693092,0.7315088073943615,26.074074074074073,381.50100000000015,358.3170000000001,381.15054939609007,139.0,3.0,0.41858370751828367,-0.49674294763847343,0.49674294763847343,0.41858370751828367,1.4814814814814814,2.3333333333333335,3.074074074074074,32.16673007266943,9.792067083928876,2.462683142860385,-2.3742799985470535,2.498259197926912,-2.4315589778839963,8.136721955890977,0.13547626143117705,3.037316916513674,1.717831250434779,871.6255841570883,18.965890847321376,15.375422255720464,16.19191883664819,13.155728303040549,9.29234882013799,10.172001631392883,7.214947902911125,8.307758803179786,5.905160791336378,7.163337792744125,4.391920926049074,5.718845999225164,-2.05,2239948.3303228384,18.319683276743227,7.522515396691219,3.210673858741055,163.5086573878272,9.636772684650527,5.749511833283905,0.0,0.0,11.78396811908486,5.733667477162185,9.77851570501903,0.0,0.0,6.578935683598497,17.837905056224997,48.58846905755685,30.087571067299802,17.876436288875972,9.53140013787187,27.904021594644455,0.0,15.617555728959871,11.835812092322787,24.133422104982156,20.199310353102685,48.68071912758889,0.0,5.749511833283905,10.470530430962235,4.794537184071822,5.749511833283905,11.761884949391115,41.36425114722062,0.0,11.835812092322787,23.65503276753119,43.11726763589189,0.0,10.902924932081056,0.0,64.73,0.0,10.528204661234007,0.0,28.99365302437639,5.917906046161393,41.60228790882655,11.761884949391115,7.109797541277533,41.43824168314387,11.562914204545706,4.736862953800049,5.394518128443092,1.4113451908541192,19.12756727651524,1.2417375283446717,11.711542626904695,1.226499971238878,8.028138295620257,5.468735335948991,4.73432561580209,1.655590030327966,0.42857142857142855,27.0,0.0,5.0,0.0,2.0,2.0,1.0,1.0,1.0,2.0,4.0,0.0,4.0,0.0,6.0,3.0,5.0,0.0,2.0,2.0,0.0,4.0,5.104077759696576,4.0,4.102800000000004,107.92900000000003,0.0,0.0,0.0,0.0,0.0,1.0,0.0,0.0,0.0,0.0,1.0,1.0,0.0,0.0,0.0,3.0,0.0,0.0,0.0,0.0,0.0,0.0,0.0,0.0,0.0,0.0,0.0,1.0,0.0,0.0,0.0,0.0,0.0,0.0,1.0,0.0,2.0,0.0,0.0,0.0,0.0,1.0,0.0,0.0,0.0,0.0,0.0,0.0,0.0,0.0,0.0,0.0,0.0,0.0,0.0,1.0,0.0,0.0,0.0,0.0,0.0,0.0,0.0,0.0,0.0,0.0,0.0,0.0,0.0,1.0,0.0,0.0,0.0,1.0,0.0,1.0,0.0,0.0,0.0,0.0,0.0,0.0,0.0,0.0,0.0
[N+]C(c1ccccc1)c1ccccc1,415.0,High,20.0,,Table4,9.991851851851852,9.991851851851852,0.5162962962962969,-0.5162962962962969,0.6794576398717652,10.428571428571429,181.238,170.14999999999995,181.08860077209,67.0,3.0,0.4328958963652782,-0.06224023512128912,0.4328958963652782,0.06224023512128912,0.6428571428571429,1.0,1.3571428571428572,14.62482518482691,9.999833508531841,2.233183732952635,-1.981490479767274,2.1924799210701047,-2.000680105444107,5.29948639110588,0.8392502832863152,2.303941289095321,2.2962461305928525,340.99502151011234,9.803118619434356,7.798066556585844,7.798066556585844,6.877010097711745,4.656916363982707,4.656916363982707,3.223903662090487,3.223903662090487,2.2306207131570024,2.2306207131570024,1.4631106102222198,1.4631106102222198,-1.5999999999999996,2580.4142437867595,8.974738249053242,4.072611969877132,1.8314413265306126,84.19333013697033,0.0,0.0,0.0,0.0,0.0,11.775508306310146,0.0,0.0,0.0,0.0,60.6636706846161,0.0,11.126902983393991,0.0,0.0,0.0,0.0,5.733667477162185,0.0,6.041840829147961,0.0,71.7905736680101,0.0,0.0,5.733667477162185,0.0,0.0,0.0,0.0,0.0,0.0,17.16874381254195,60.6636706846161,0.0,0.0,0.0,22.3,6.041840829147961,5.733667477162185,0.0,0.0,0.0,11.126902983393991,0.0,0.0,60.6636706846161,0.0,0.0,0.0,0.0,0.0,0.0,11.850555555555555,0.0,18.81611111111111,0.0,0.0,0.0,0.07692307692307693,14.0,0.0,1.0,0.0,0.0,0.0,0.0,2.0,0.0,2.0,0.0,0.0,0.0,0.0,1.0,0.0,2.0,0.0,0.0,0.0,0.0,0.0,2.610759029972026,2.0,2.8447000000000005,56.86100000000003,0.0,0.0,0.0,0.0,0.0,0.0,0.0,0.0,0.0,0.0,0.0,0.0,0.0,0.0,0.0,1.0,0.0,0.0,0.0,0.0,0.0,0.0,0.0,0.0,0.0,0.0,0.0,0.0,0.0,0.0,0.0,0.0,0.0,0.0,2.0,0.0,0.0,0.0,0.0,0.0,0.0,0.0,0.0,0.0,0.0,0.0,0.0,0.0,0.0,0.0,0.0,0.0,0.0,0.0,0.0,0.0,0.0,0.0,0.0,0.0,0.0,0.0,0.0,0.0,0.0,0.0,0.0,0.0,0.0,0.0,0.0,0.0,0.0,0.0,0.0,0.0,0.0,0.0,0.0,0.0,0.0,0.0,0.0,0.0,0.0
O(C)c1ccc(C([N+])C(C)N2CCOCC2)cc1,399.0,High,30.0,,Table4,10.381577853363568,10.381577853363568,0.09934712773998422,-0.4777721088435378,0.8112700625414279,20.38888888888889,248.32599999999994,228.16599999999994,248.15192930009,97.0,3.0,0.42904455436530076,-0.49676815143783437,0.49676815143783437,0.42904455436530076,1.2222222222222223,1.8333333333333333,2.388888888888889,16.477975066316795,9.995935072483555,2.3451415928762946,-2.3054657048422245,2.225528091148602,-2.4463526741267,5.290760840263924,0.014438996000668475,2.4650842550135996,2.013831544611421,360.56167031220724,12.957819157813608,11.00345251181159,11.00345251181159,8.71954535281284,6.35930195857711,6.35930195857711,4.606941671197337,4.606941671197337,3.535906237594808,3.535906237594808,2.2640380492649785,2.2640380492649785,-1.1,16092.070016728778,13.334443369432915,6.179792020447821,3.0150804872173516,108.67192370737045,9.473725907600098,5.749511833283905,0.0,0.0,0.0,11.775508306310146,4.899909730850478,0.0,0.0,0.0,0.0,31.189205473537065,18.652964303522147,26.365402299451333,9.473725907600098,0.0,0.0,10.633577208012664,0.0,19.007418857986544,33.41307428212852,29.828919765543436,0.0,5.749511833283905,10.470530430962235,0.0,5.749511833283905,0.0,44.35482484212696,4.736862953800049,0.0,18.52902952053558,24.26546827384644,0.0,0.0,0.0,44.0,6.041840829147961,5.733667477162185,0.0,6.041840829147961,0.0,37.61624006583189,0.0,7.109797541277533,24.26546827384644,11.823646930541102,9.473725907600098,10.442909737969263,0.0,2.2623004062736207,0.0,11.307311035525322,0.8101625619383559,7.214897486772486,0.0,5.321752570237869,1.6406662012830844,0.5714285714285714,18.0,0.0,4.0,0.0,1.0,1.0,0.0,1.0,0.0,1.0,2.0,0.0,3.0,0.0,4.0,1.0,4.0,0.0,1.0,1.0,0.0,2.0,4.578004818418605,2.0,1.5257,69.72300000000004,0.0,0.0,0.0,0.0,0.0,0.0,0.0,0.0,0.0,0.0,0.0,0.0,0.0,0.0,0.0,2.0,0.0,0.0,0.0,0.0,0.0,0.0,0.0,0.0,0.0,0.0,0.0,0.0,0.0,0.0,0.0,0.0,0.0,0.0,1.0,0.0,0.0,0.0,0.0,0.0,0.0,2.0,0.0,0.0,0.0,0.0,0.0,0.0,0.0,0.0,0.0,0.0,0.0,0.0,0.0,1.0,1.0,0.0,0.0,0.0,0.0,0.0,0.0,0.0,0.0,0.0,0.0,0.0,0.0,0.0,0.0,0.0,0.0,0.0,0.0,0.0,0.0,0.0,0.0,0.0,0.0,0.0,0.0,0.0,0.0
O=C(NC1C(N)C=C(C(=O)NCC[N+])CC1OC(CC)CC)C,894.6,High,1.6,,Table4,12.112876511715799,12.112876511715799,0.05862147791215189,-0.49825113378684804,0.578251002897044,24.26086956521739,324.4250000000001,296.201,324.21559217609,129.0,3.0,0.4199522042995793,-0.3724515901306767,0.4199522042995793,0.3724515901306767,1.434782608695652,2.0869565217391304,2.608695652173913,16.499918204857707,9.875741072342962,2.3536976956906077,-2.367928425251244,2.238156082334561,-2.568779445217662,5.934843643396772,-0.1220014714633463,2.518816481111678,2.904143501832733,435.0412850781369,17.405412915006313,14.171593987962043,14.171593987962043,10.921452615420641,8.202629394745925,8.202629394745925,5.792233838295225,5.792233838295225,3.9668151936485847,3.9668151936485847,2.7318914678567294,2.7318914678567294,-1.4400000000000002,89035.1249743356,19.60638218923933,9.643715839276885,5.929684499314127,137.73404374890112,21.104107638974895,0.0,0.0,11.814359458703011,6.544756405912575,5.733667477162185,9.589074368143644,0.0,0.0,0.0,19.92349450621513,12.841643245852019,24.95950418183386,24.79453001055714,14.325937321943693,11.814359458703011,0.0,16.367244685174846,5.733667477162185,64.32529090164242,13.08951281182515,11.64912463690315,0.0,0.0,22.100912162337032,0.0,0.0,0.0,49.195486704320686,14.325937321943693,0.0,40.0336764678499,11.64912463690315,0.0,0.0,0.0,115.75,6.041840829147961,9.589074368143644,0.0,43.15364587517273,11.993926152995277,12.841643245852019,6.923737199690624,6.076020106833881,13.847474399381248,10.633577208012662,16.20419790812442,6.093609536407156,0.0,23.547597087656612,5.456937279541446,15.47408568935941,-0.4313880427566388,-0.8570550149071978,3.462210416931286,5.587336381101262,0.0,0.75,23.0,4.0,7.0,1.0,0.0,1.0,2.0,0.0,0.0,0.0,3.0,0.0,4.0,3.0,7.0,0.0,8.0,0.0,0.0,0.0,0.0,3.0,8.220799063881893,1.0,-0.09279999999999866,87.53380000000004,0.0,0.0,0.0,0.0,0.0,0.0,0.0,0.0,0.0,0.0,2.0,2.0,0.0,0.0,0.0,1.0,2.0,1.0,0.0,0.0,0.0,0.0,0.0,0.0,0.0,0.0,0.0,2.0,0.0,0.0,0.0,0.0,0.0,0.0,0.0,0.0,0.0,0.0,0.0,0.0,0.0,1.0,0.0,0.0,0.0,0.0,0.0,0.0,0.0,0.0,0.0,0.0,0.0,0.0,0.0,0.0,0.0,0.0,0.0,0.0,0.0,0.0,0.0,0.0,0.0,0.0,0.0,0.0,0.0,0.0,0.0,0.0,0.0,0.0,0.0,0.0,0.0,0.0,0.0,0.0,0.0,0.0,0.0,0.0,0.0
[N+]C(C(C)N1CCOCC1)C1CCCCC1,344.0,High,19.0,,Table4,10.41222411186697,10.41222411186697,0.14037037037037092,-0.14037037037037092,0.7314199255309833,28.875,224.34799999999993,200.15599999999995,224.18831480809,91.0,3.0,0.42371455414319037,-0.37879224911885434,0.42371455414319037,0.37879224911885434,1.125,1.75,2.375,16.477516062635825,9.811980166210004,2.400866352810572,-2.3310723793331127,2.283105462903303,-2.4998990698463976,4.856737293250699,0.008169589201073937,2.389251635107567,1.8356173461816296,176.1092748842069,11.380468888623982,10.398687319711588,10.398687319711588,7.787693700234704,6.7867170975016435,6.7867170975016435,5.277627205281462,5.277627205281462,4.248711061935646,4.248711061935646,3.070310464147446,3.070310464147446,-0.12,6460.536421330862,12.339895330293572,5.988074957638308,2.9623451191723498,99.32016369025335,4.736862953800049,0.0,0.0,0.0,6.041840829147961,5.733667477162185,4.899909730850478,0.0,0.0,0.0,19.26246486877803,19.765380445542643,19.007418857986544,19.255604758173796,4.736862953800049,0.0,0.0,10.633577208012664,5.917906046161393,51.1115269726166,26.303276740850986,0.0,0.0,0.0,5.733667477162185,0.0,0.0,0.0,43.28686812999738,4.736862953800049,5.917906046161393,39.02784531432067,0.0,0.0,0.0,0.0,34.769999999999996,0.0,5.733667477162185,0.0,6.041840829147961,11.959746875309353,26.303276740850986,32.10410811463005,0.0,0.0,11.823646930541102,4.736862953800049,5.3517929579239105,0.0,2.3777503779289493,0.0,10.41222411186697,0.5338841647770218,0.15777777777777713,6.398773935500126,5.767796674225246,0.0,1.0,16.0,0.0,3.0,1.0,1.0,2.0,0.0,0.0,0.0,0.0,2.0,0.0,2.0,0.0,3.0,1.0,3.0,1.0,1.0,2.0,0.0,2.0,4.618263637950553,2.0,1.7246999999999995,64.35100000000006,0.0,0.0,0.0,0.0,0.0,0.0,0.0,0.0,0.0,0.0,0.0,0.0,0.0,0.0,0.0,2.0,0.0,0.0,0.0,0.0,0.0,0.0,0.0,0.0,0.0,0.0,0.0,0.0,0.0,0.0,0.0,0.0,0.0,0.0,0.0,0.0,0.0,0.0,0.0,0.0,0.0,1.0,0.0,0.0,0.0,0.0,0.0,0.0,0.0,0.0,0.0,0.0,0.0,0.0,0.0,0.0,1.0,0.0,0.0,0.0,0.0,0.0,0.0,0.0,0.0,0.0,0.0,0.0,0.0,0.0,0.0,0.0,0.0,0.0,0.0,0.0,0.0,0.0,0.0,0.0,0.0,0.0,0.0,0.0,0.0
S(=O)(=O)(NCC[N+])c1c2c(cncc2)ccc1,316.0,High,12.0,,Table4,11.962419690098262,11.962419690098262,0.0037743291761154207,-3.586805555555554,0.8602149618363039,11.823529411764707,249.29500000000004,238.20699999999997,249.05664901209,87.0,3.0,0.4194204160703181,-0.264064037638069,0.4194204160703181,0.264064037638069,1.2941176470588236,2.1176470588235294,2.8823529411764706,32.23327093706434,10.168345323889952,2.167725417844864,-2.0655609267394484,2.209245528409604,-2.266949966249831,7.893356667590761,0.5825222871084254,2.355161258784601,2.554623687092069,620.1540775662471,12.303118619434356,8.997487239902357,9.813983820830083,8.148995134896753,5.082461098280882,6.565624345875275,3.4743407903115124,5.209715905920326,2.3341359837368008,3.8533258821736003,1.584923731423124,2.833569085139116,-1.5,8101.754730219028,11.970156106519743,4.78519692168402,2.4355012093523247,99.71312863400776,0.0,0.0,0.0,10.023291153407584,6.544756405912575,5.733667477162185,4.9839785209472085,13.139891848781026,0.0,0.0,12.13273413692322,12.13273413692322,23.166135572155742,11.440239881430351,8.417796984328938,20.795739582337177,0.0,15.439740862561482,0.0,4.895483475517775,13.08951281182515,36.65915541707259,0.0,0.0,10.455762341614273,0.0,0.0,0.0,26.491288317101297,10.023291153407584,0.0,0.0,41.55463889259037,0.0,10.772448428929591,0.0,81.36,10.023291153407584,8.417796984328938,0.0,17.984996287342923,5.386224214464796,5.386224214464796,6.06636706846161,30.59278834861098,0.0,9.706073385399296,5.733667477162185,26.24375566893424,0.0,4.142829979213909,1.3817715419501142,8.652822656840513,0.0,6.6486130794910565,3.1605084719072813,-0.2268291761148895,-3.586805555555554,0.18181818181818182,17.0,1.0,5.0,0.0,0.0,0.0,0.0,1.0,1.0,2.0,0.0,0.0,3.0,1.0,6.0,1.0,4.0,0.0,0.0,0.0,0.0,0.0,3.3693855384114966,2.0,0.5817999999999997,63.932500000000026,0.0,0.0,0.0,0.0,0.0,1.0,0.0,0.0,0.0,0.0,0.0,0.0,0.0,0.0,0.0,2.0,1.0,0.0,0.0,0.0,0.0,0.0,0.0,0.0,0.0,0.0,0.0,0.0,0.0,0.0,0.0,0.0,0.0,0.0,1.0,0.0,1.0,0.0,0.0,0.0,0.0,0.0,0.0,0.0,0.0,0.0,0.0,0.0,0.0,0.0,0.0,0.0,0.0,0.0,0.0,0.0,0.0,0.0,0.0,0.0,0.0,0.0,0.0,0.0,0.0,0.0,0.0,0.0,0.0,0.0,0.0,0.0,0.0,1.0,0.0,0.0,1.0,0.0,0.0,0.0,0.0,0.0,0.0,0.0,0.0
O=C1C2(C)C(O)C=CC3(O1)C2C(C[N+])C12C3CCC(O)(C(=C)C1)C2,309.0,High,38.0,,Table4,12.691978891093475,12.691978891093475,0.05666666666666642,-1.0314725056689338,0.5549572895676776,60.166666666666664,329.39600000000013,306.21200000000005,329.16215963609,127.0,3.0,0.4182464500595045,-0.45363381157684274,0.45363381157684274,0.4182464500595045,1.5,2.25,2.9583333333333335,16.567554433895705,9.607630280664013,2.8244358650673096,-2.4381029611143257,2.7671383734208845,-2.496375483153918,5.830934166695643,-0.15965016115304678,2.947332536870623,1.7498906540301098,703.4803570865766,17.120955864630137,13.864879669684644,13.864879669684644,11.244453794726219,8.868948755860833,8.868948755860833,8.909572814044417,8.909572814044417,8.239785926054816,8.239785926054816,7.240386005880278,7.240386005880278,-1.17,364104.6196073861,15.113743157765468,3.972453543996484,1.2536882073833475,141.10327278590924,14.94991774348146,11.016041280380467,0.0,0.0,6.544756405912575,11.702972765114033,4.794537184071822,0.0,0.0,0.0,12.654955790432378,49.671138797694596,17.75371813848418,11.70501719873199,19.744454927553285,5.969305287951849,0.0,5.733667477162185,28.583699077277743,49.913091701110346,6.544756405912575,24.304080427335528,0.0,0.0,5.733667477162185,0.0,0.0,0.0,40.033184493261516,9.53140013787187,28.583699077277743,32.60702369139466,24.304080427335528,0.0,0.0,0.0,89.06,22.721058479112457,20.741259450915422,0.0,35.682770301745386,19.26246486877803,11.993926152995277,0.0,12.999757306524504,6.076020106833881,6.578935683598497,4.736862953800049,5.977216080876795,0.0,12.691978891093475,21.508051500692872,8.177682586923659,-0.7615428949357532,0.0,5.267137896825397,5.8061426051902245,0.0,0.7368421052631579,24.0,2.0,5.0,4.0,1.0,5.0,0.0,0.0,0.0,0.0,8.0,4.0,4.0,2.0,5.0,1.0,1.0,3.0,1.0,4.0,1.0,8.0,2.501610107088252,5.0,1.0111999999999994,84.53860000000005,0.0,2.0,1.0,0.0,0.0,0.0,0.0,0.0,0.0,0.0,1.0,1.0,0.0,0.0,0.0,1.0,0.0,0.0,0.0,0.0,0.0,0.0,0.0,0.0,0.0,0.0,0.0,0.0,0.0,0.0,0.0,0.0,0.0,0.0,0.0,0.0,1.0,0.0,0.0,0.0,1.0,1.0,0.0,0.0,0.0,0.0,0.0,0.0,0.0,0.0,0.0,0.0,0.0,0.0,0.0,0.0,0.0,0.0,0.0,0.0,0.0,0.0,0.0,0.0,0.0,0.0,0.0,0.0,0.0,0.0,0.0,0.0,0.0,0.0,0.0,0.0,0.0,0.0,0.0,0.0,0.0,0.0,0.0,0.0,0.0
O=C1C(OC)CC2C3(c4c5OCOc5ccc4C(N)C2[N+](C)CC3)C1,335.0,Low,28.0,,Table4,12.806180555555555,12.806180555555555,0.09848781179138366,-0.32425547996976656,0.7749653192857103,39.08,344.4110000000002,320.21900000000005,344.17305866809,133.0,1.0,0.23081690724279819,-0.4535833463190035,0.4535833463190035,0.23081690724279819,1.36,2.2,3.0,16.697128715298344,9.502591377616797,2.6398994169825363,-2.5575695236319835,2.6043193384192986,-2.668159865532588,5.862986818613756,-0.14011386616694557,3.0790773685614012,1.7530367583512296,751.1847948550143,17.344570503761737,14.657192547615532,14.657192547615532,12.064515919973035,9.009179266023702,9.009179266023702,7.876328185432317,7.876328185432317,6.939368440305018,6.939368440305018,5.82952559694925,5.82952559694925,-1.63,959927.0022679653,15.61137247470989,5.1891493571204395,1.8744460279774566,146.75420814831642,19.944256338562333,19.696394776338067,23.32410944208071,6.792942306099827,0.0,0.0,4.794537184071822,0.0,4.899909730850478,0.0,6.06636706846161,18.050640183084614,36.84778879438472,6.041840829147961,19.005126045471968,5.783244946364939,0.0,4.899909730850478,11.651573523323577,42.86510338421904,27.495168235967128,23.259637120317212,0.0,11.49902366656781,20.107303115612762,0.0,11.49902366656781,0.0,45.424220399228325,14.94639060726865,5.917906046161393,36.43120868131998,12.13273413692322,0.0,0.0,0.0,76.68,0.0,4.794537184071822,0.0,42.09673181406716,6.4208216229260096,42.01232630172639,0.0,7.109797541277533,6.06636706846161,18.013948781989278,19.944256338562333,16.98336577223482,0.0,15.170885770975056,0.0,8.771890117157977,2.064333139119846,4.145295965608464,1.836881141345426,1.1701444003527335,3.773870359872344,0.631578947368421,25.0,2.0,6.0,2.0,2.0,4.0,0.0,1.0,0.0,1.0,5.0,2.0,6.0,1.0,6.0,2.0,1.0,1.0,1.0,2.0,0.0,5.0,3.240389737636342,5.0,1.2027999999999996,91.02940000000005,0.0,0.0,0.0,0.0,0.0,0.0,0.0,0.0,0.0,0.0,1.0,1.0,0.0,0.0,0.0,1.0,0.0,1.0,0.0,1.0,1.0,0.0,0.0,0.0,0.0,0.0,0.0,0.0,0.0,0.0,0.0,0.0,0.0,0.0,1.0,0.0,3.0,0.0,0.0,0.0,0.0,3.0,0.0,0.0,0.0,0.0,0.0,0.0,0.0,0.0,0.0,1.0,1.0,0.0,0.0,1.0,0.0,0.0,0.0,0.0,0.0,0.0,0.0,0.0,0.0,0.0,0.0,0.0,0.0,1.0,0.0,0.0,0.0,0.0,0.0,0.0,0.0,0.0,0.0,0.0,0.0,0.0,0.0,0.0,0.0
S(=O)(=O)(OC1C2OCC([N+])C2OC1)c1ccc(N)cc1,331.0,Low,68.0,,Table4,12.132888794406652,12.132888794406652,0.021940192743764797,-3.913787792894935,0.5990664993668963,33.25,298.32,284.20799999999997,298.06179396809,107.0,3.0,0.42746823777309967,-0.3987277131345219,0.42746823777309967,0.3987277131345219,1.15,1.8,2.5,32.23997808845898,10.099853290757528,2.5511145591218964,-2.1532779855026716,2.301713559750866,-2.3417693262083388,7.863792931357409,0.03332886252383712,2.9457890354943634,1.7562410384840756,588.3701745951029,14.328062645816686,10.507069323362867,11.323565904290593,9.471163677742107,6.173319005923724,7.581567296387587,4.821082019184648,6.39318492016942,3.400893511567299,4.750963067460516,2.3792136298143243,3.4502372351108344,-1.19,47874.963404854396,13.777565172272135,4.973613213119668,2.403649384028532,116.46421283920884,15.207393384762284,18.814814740009524,6.103966387748303,0.0,10.118126859033554,11.775508306310146,4.183085432649707,0.0,8.417796984328938,0.0,0.0,24.26546827384644,5.687386274683562,11.502365440030694,22.074608324578744,15.805513133717117,0.0,5.733667477162185,0.0,29.249223467910642,18.94743140618802,24.26546827384644,0.0,0.0,11.46733495432437,5.687386274683562,0.0,0.0,45.985300905747636,23.77493819928336,0.0,0.0,29.160951749364212,0.0,0.0,0.0,110.15,34.47186685142643,14.151464461491123,0.0,18.10924740454361,5.687386274683562,0.0,24.26546827384644,0.0,0.0,0.0,19.390478817411992,40.05940108759553,0.0,0.021940192743764797,0.0,15.57759498045979,0.0,4.98409128259507,-1.838076341647772,0.19216992448188375,-3.913787792894935,0.5,20.0,2.0,7.0,0.0,2.0,2.0,0.0,1.0,0.0,1.0,4.0,0.0,6.0,1.0,8.0,2.0,3.0,0.0,2.0,2.0,0.0,4.0,3.426214009271502,3.0,-0.4223999999999992,68.31520000000003,0.0,0.0,0.0,1.0,0.0,0.0,0.0,0.0,0.0,0.0,0.0,0.0,0.0,0.0,0.0,1.0,0.0,1.0,0.0,0.0,0.0,0.0,0.0,0.0,0.0,0.0,0.0,0.0,0.0,1.0,0.0,0.0,0.0,0.0,1.0,0.0,1.0,0.0,0.0,0.0,0.0,2.0,0.0,0.0,0.0,0.0,0.0,0.0,0.0,0.0,0.0,0.0,0.0,0.0,0.0,0.0,0.0,0.0,0.0,0.0,0.0,0.0,0.0,0.0,0.0,0.0,0.0,0.0,0.0,0.0,0.0,0.0,0.0,0.0,0.0,0.0,0.0,0.0,0.0,0.0,0.0,0.0,0.0,0.0,0.0
OC(CC(O)CCC1C(C)C=CC=2C1C(O)CC(C)C=2)CC[N+],323.0,Low,6.0,,Table4,10.538594587347745,10.538594587347745,0.05660113973949432,-0.6432848476345956,0.6713283184798657,36.26086956521739,321.4610000000001,290.21299999999997,321.22984527209,129.0,3.0,0.4179929748751943,-0.3930290606514619,0.4179929748751943,0.3930290606514619,1.2173913043478262,1.9130434782608696,2.608695652173913,16.283324189466953,9.651624671696892,2.380812642711084,-2.4141082955235116,2.431732273913839,-2.381927560277974,5.307040548095494,0.03695132880655815,2.4619640865515127,1.9544013385372188,434.33066232270886,16.98276318419594,14.304997761015379,14.304997761015379,10.917922655570505,8.969288410669053,8.969288410669053,7.487853476822434,7.487853476822434,5.458231977200363,5.458231977200363,4.215287149561676,4.215287149561676,-0.68,109003.45993206822,18.6556978307624,8.427366924811293,4.895086805555555,139.63993266914227,15.319582184522117,0.0,0.0,0.0,6.544756405912575,5.733667477162185,0.0,0.0,0.0,0.0,32.07553471988289,49.010109160257485,12.338727669087403,18.31189916324491,15.319582184522117,0.0,0.0,5.733667477162185,23.671624184645573,64.26348167725621,6.544756405912575,23.80116485057091,0.0,0.0,5.733667477162185,0.0,0.0,0.0,40.176237753679594,0.0,23.671624184645573,45.95158251401129,23.80116485057091,0.0,0.0,0.0,82.99,12.207932775496605,15.319582184522117,0.0,18.566628839822272,37.0161830072622,12.841643245852019,5.573104530069267,0.0,0.0,32.07553471988289,5.733667477162185,0.0,0.0,0.0,30.35584486684685,10.059303016866183,1.294533862110486,0.0,8.032125493754279,4.258192760422198,0.0,0.7894736842105263,23.0,3.0,4.0,2.0,0.0,2.0,0.0,0.0,0.0,0.0,7.0,0.0,3.0,3.0,4.0,0.0,7.0,0.0,0.0,0.0,0.0,7.0,6.83558308079308,2.0,2.1026999999999996,90.63740000000006,0.0,3.0,3.0,0.0,0.0,0.0,0.0,0.0,0.0,0.0,0.0,0.0,0.0,0.0,0.0,1.0,0.0,0.0,0.0,0.0,0.0,0.0,0.0,0.0,0.0,0.0,3.0,0.0,0.0,0.0,0.0,0.0,0.0,0.0,0.0,0.0,1.0,0.0,0.0,0.0,0.0,0.0,0.0,0.0,0.0,0.0,0.0,0.0,0.0,0.0,0.0,0.0,0.0,0.0,0.0,0.0,0.0,0.0,0.0,0.0,0.0,0.0,0.0,0.0,0.0,0.0,0.0,0.0,0.0,0.0,0.0,0.0,0.0,0.0,0.0,0.0,0.0,0.0,0.0,0.0,0.0,0.0,0.0,0.0,0.0
FC(F)(F)c1n2c(nn1)CN(C(=O)CC([N+])Cc1c(F)cc(F)c(F)c1)CC2,275.0,Low,9.0,,Table4,13.623905632337408,13.623905632337408,0.04808805996125587,-4.664555837721909,0.5779938164146425,15.464285714285714,405.30200000000013,392.1980000000001,405.10188077609,149.0,3.0,0.4512191363355807,-0.3331394464336729,0.4512191363355807,0.3331394464336729,1.1071428571428572,1.7857142857142858,2.4642857142857144,19.41333647775598,10.02236506364105,2.3997238563414895,-2.2743474174960387,2.2917877448181523,-2.405065375009514,5.764675329686822,-0.14779354763122238,3.0256848690734643,1.6262839581617263,896.3804853871784,20.637463722575188,14.179687819520632,14.179687819520632,13.057569213703692,8.144791031893982,8.144791031893982,6.324323614352531,6.324323614352531,4.314557357603113,4.314557357603113,2.9571734237661165,2.9571734237661165,-2.6299999999999994,1435297.1570272483,20.113235134596483,7.414058798688895,4.105785673487758,154.48354340992927,9.467009378641833,5.817220841045895,17.45884618009172,11.731584227351433,6.041840829147961,11.90996599460566,4.794537184071822,13.171245143024459,13.171245143024459,10.197363616602075,0.0,11.629818560158606,25.57670150321277,12.965578028838586,31.137027470120742,5.907179729351506,0.0,25.398040472406095,0.0,38.14929540426861,6.544756405912575,46.79665714775775,0.0,0.0,5.733667477162185,26.34249028604892,0.0,0.0,38.15814995965595,30.481170136266456,17.451662523137685,23.63308211062286,12.13273413692322,0.0,0.0,0.0,73.32000000000001,54.24302934293257,36.87069494728293,0.0,31.022125207434648,12.13273413692322,4.567099647791355,4.899909730850478,0.0,0.0,10.197363616602075,0.0,79.05289972886682,0.0,13.466120467477115,6.539525081883938,9.683359011635979,-5.514632593567617,-0.4515188214427175,-5.5715812986243085,-0.45417157622920534,0.0,0.4375,28.0,0.0,6.0,0.0,1.0,1.0,1.0,1.0,1.0,2.0,1.0,0.0,4.0,0.0,12.0,2.0,4.0,0.0,0.0,0.0,0.0,1.0,5.325739568562631,3.0,2.1265,81.00000000000001,0.0,0.0,0.0,0.0,0.0,3.0,0.0,0.0,0.0,0.0,1.0,1.0,0.0,0.0,0.0,5.0,0.0,0.0,0.0,0.0,0.0,0.0,0.0,0.0,0.0,3.0,0.0,1.0,0.0,0.0,0.0,0.0,0.0,0.0,1.0,0.0,1.0,0.0,0.0,0.0,0.0,0.0,0.0,0.0,6.0,0.0,0.0,0.0,0.0,0.0,0.0,0.0,0.0,0.0,0.0,0.0,0.0,0.0,0.0,0.0,0.0,0.0,0.0,0.0,0.0,0.0,0.0,0.0,0.0,0.0,0.0,0.0,0.0,0.0,0.0,0.0,0.0,0.0,0.0,0.0,0.0,0.0,0.0,0.0,0.0
O(C)c1c(OC)ccc(CC[N+])c1,255.0,Low,19.0,,Table4,8.737715813177122,8.737715813177122,0.1482967214663644,0.1482967214663644,0.6989074987397407,9.76923076923077,179.21899999999997,166.11499999999998,179.09408007609,69.0,3.0,0.418269152015981,-0.492869978457294,0.492869978457294,0.418269152015981,1.1538461538461537,1.8461538461538463,2.3846153846153846,16.507740670061583,10.12814781916238,2.0529861360269837,-2.072181104105395,2.2691157754787428,-1.950775760385445,5.423972127917831,0.3542816775520981,2.1796287342111245,2.9136960689124027,273.6272976636779,9.681798275874712,7.909974546369659,7.909974546369659,6.312391710140018,4.132559899714287,4.132559899714287,2.662942486197372,2.662942486197372,1.8484300474652282,1.8484300474652282,1.1652386627659053,1.1652386627659053,-1.2200000000000002,974.2940441923727,9.864889643463497,4.720060902254262,2.356224225123366,78.45815273310987,9.473725907600098,0.0,11.49902366656781,0.0,6.544756405912575,5.733667477162185,0.0,0.0,0.0,0.0,6.06636706846161,17.696185628620217,6.4208216229260096,14.219595082555067,9.473725907600098,0.0,0.0,5.733667477162185,0.0,6.4208216229260096,20.764351488467643,23.762552697081826,0.0,11.49902366656781,15.207393384762284,0.0,11.49902366656781,0.0,20.764351488467643,6.4208216229260096,0.0,5.563451491696996,18.19910120538483,0.0,0.0,0.0,40.760000000000005,0.0,0.0,0.0,6.544756405912575,17.91984528949382,5.563451491696996,0.0,14.219595082555067,18.19910120538483,0.0,15.207393384762284,10.198418603552533,0.0,0.0,0.0,9.779521368732677,1.4144812925170074,5.6214814814814815,0.6392403628117913,0.1482967214663644,3.198560169438146,0.4,13.0,0.0,3.0,0.0,0.0,0.0,0.0,1.0,0.0,1.0,0.0,0.0,2.0,0.0,3.0,0.0,4.0,0.0,0.0,0.0,0.0,0.0,3.581759993166541,1.0,1.315,50.25100000000003,0.0,0.0,0.0,0.0,0.0,0.0,0.0,0.0,0.0,0.0,0.0,0.0,0.0,0.0,0.0,1.0,0.0,0.0,0.0,0.0,0.0,0.0,0.0,0.0,0.0,0.0,0.0,0.0,0.0,0.0,0.0,0.0,0.0,0.0,1.0,0.0,0.0,0.0,0.0,0.0,0.0,2.0,0.0,0.0,0.0,0.0,0.0,0.0,0.0,0.0,0.0,0.0,0.0,0.0,0.0,2.0,0.0,0.0,0.0,0.0,0.0,0.0,0.0,0.0,0.0,0.0,0.0,0.0,0.0,0.0,0.0,0.0,0.0,0.0,0.0,0.0,0.0,0.0,0.0,0.0,0.0,0.0,0.0,0.0,0.0
O=C(OC1C2OCC([N+])C2OC1)C,372.0,High,3.0,,Table4,10.673979119425548,10.673979119425548,0.2570417611489042,-0.5920757747543464,0.49906876094025454,43.23076923076923,185.17899999999997,174.09099999999998,185.06825925209,71.0,3.0,0.4274692146167424,-0.4571978156269281,0.4571978156269281,0.4274692146167424,1.3846153846153846,2.076923076923077,2.769230769230769,16.62870537125064,10.096081081107704,2.5471167150637197,-2.1372903362235873,2.2779808654660725,-2.3368761692431876,5.658226775720086,-0.1503916380608792,2.56499692757303,1.9795730634118365,220.18956631445678,9.422285251880869,7.30382139648701,7.30382139648701,6.181540550352055,4.267400811514924,4.267400811514924,3.311129989353883,3.311129989353883,2.2991801654719364,2.2991801654719364,1.7581709439029056,1.7581709439029056,-0.6500000000000001,1333.7984023379756,8.926807081036344,3.2472417522985393,1.544056386136495,76.12423200712445,14.210588861400147,12.71084835226122,12.207932775496605,0.0,0.0,17.744813594261995,4.794537184071822,0.0,0.0,0.0,0.0,0.0,6.923737199690624,6.606881964512918,19.005126045471968,5.969305287951849,0.0,5.733667477162185,0.0,31.27747719208349,13.213763929025836,0.0,0.0,0.0,5.733667477162185,0.0,0.0,0.0,43.53680920937055,19.005126045471968,0.0,6.923737199690624,0.0,0.0,0.0,0.0,67.06,6.041840829147961,10.528204661234007,0.0,30.88808641570968,6.606881964512918,0.0,6.923737199690624,0.0,0.0,0.0,14.210588861400147,15.474212962962962,0.0,10.673979119425548,0.0,9.360773337112622,-0.34792611489040026,-0.5920757747543464,-0.983425925925927,1.914462396069539,0.0,0.875,13.0,0.0,5.0,0.0,2.0,2.0,0.0,0.0,0.0,0.0,4.0,0.0,4.0,0.0,5.0,2.0,1.0,0.0,2.0,2.0,0.0,4.0,2.2298077437119592,2.0,-0.847,40.95600000000002,0.0,0.0,0.0,0.0,0.0,0.0,0.0,0.0,0.0,0.0,1.0,1.0,0.0,0.0,0.0,1.0,0.0,0.0,0.0,0.0,0.0,0.0,0.0,0.0,0.0,0.0,0.0,0.0,0.0,0.0,0.0,0.0,0.0,0.0,0.0,0.0,1.0,0.0,0.0,0.0,1.0,3.0,0.0,0.0,0.0,0.0,0.0,0.0,0.0,0.0,0.0,0.0,0.0,0.0,0.0,0.0,0.0,0.0,0.0,0.0,0.0,0.0,0.0,0.0,0.0,0.0,0.0,0.0,0.0,0.0,0.0,0.0,0.0,0.0,0.0,0.0,0.0,0.0,0.0,0.0,0.0,0.0,0.0,0.0,0.0
O(C)C=1C(=O)NCC23c4c5OCOc5ccc4C([N+])C(N(C)CC2)C3C=1,219.0,Low,16.0,,Table4,12.446280313051147,12.446280313051147,0.07560185185185242,-0.6754785525321243,0.8041504056899845,34.96153846153846,355.3940000000001,334.2260000000001,355.15265757209005,135.0,3.0,0.42909955028339963,-0.4914211829740329,0.4914211829740329,0.42909955028339963,1.3846153846153846,2.230769230769231,3.0384615384615383,16.697129613124673,9.555153359727804,2.619780378906855,-2.530011707340048,2.577910560993155,-2.6205266965124787,5.9176519158070064,-0.12006110970261571,3.063004067158454,1.7979562869323567,823.2474143627785,18.051677284948283,14.819949092739318,14.819949092739318,12.564515919973035,8.919303459679552,8.919303459679552,7.529255540102249,7.529255540102249,6.476143063216593,6.476143063216593,5.230719203424186,5.230719203424186,-2.2499999999999996,1488166.6520370692,15.962482753023293,5.374200243438095,1.8708655370899874,151.6144672997402,19.527377465406477,0.0,17.258188538223987,6.792942306099827,5.907179729351506,11.775508306310146,9.694446914922299,0.0,0.0,0.0,0.0,38.22200425527288,29.004555904864738,13.151638370425495,19.005126045471968,5.907179729351506,0.0,15.950365812018994,5.917906046161393,23.91949375061871,34.0399246418797,35.09482209880727,0.0,11.49902366656781,20.524181988768614,0.0,11.49902366656781,0.0,50.88885493122964,14.94639060726865,5.917906046161393,23.58956543546796,23.967919115413277,0.0,0.0,0.0,82.33,6.041840829147961,10.528204661234007,0.0,30.07485938015747,23.80294494413656,24.092481012232575,7.109797541277533,0.0,25.25642622643429,10.216698334856808,14.210588861400147,16.742809193121694,0.0,14.627513306248426,3.0239332955404383,12.694407123960698,1.418817266103973,2.9940919469639704,2.7380914588057443,1.4815775384227763,3.5287588708322835,0.5263157894736842,26.0,1.0,7.0,1.0,3.0,4.0,1.0,1.0,0.0,1.0,4.0,2.0,5.0,1.0,7.0,3.0,1.0,0.0,1.0,1.0,0.0,4.0,3.299445334506699,5.0,0.7568999999999999,91.74470000000005,0.0,0.0,0.0,0.0,0.0,0.0,0.0,0.0,0.0,0.0,1.0,1.0,0.0,0.0,0.0,2.0,1.0,0.0,0.0,1.0,1.0,0.0,0.0,0.0,0.0,0.0,0.0,1.0,0.0,0.0,0.0,0.0,0.0,0.0,1.0,0.0,3.0,0.0,0.0,0.0,0.0,3.0,0.0,0.0,0.0,0.0,0.0,0.0,0.0,0.0,0.0,0.0,0.0,0.0,0.0,1.0,0.0,0.0,0.0,0.0,0.0,0.0,0.0,0.0,0.0,0.0,0.0,0.0,0.0,1.0,0.0,0.0,0.0,0.0,0.0,0.0,0.0,0.0,0.0,0.0,0.0,0.0,0.0,0.0,0.0
O(C)c1c(C[N+])ccc(OC)c1,206.0,Low,22.0,,Table4,8.892316704459562,8.892316704459562,0.020667044595615858,-0.020667044595615858,0.6763534539095676,9.583333333333334,165.19199999999998,154.10399999999998,165.07843001209,63.0,3.0,0.42366845795565755,-0.49662438258966735,0.49662438258966735,0.42366845795565755,1.25,2.0,2.5,16.47582316772845,10.168636254056539,2.084560403048613,-2.0443580075316685,2.2337689305372384,-1.9315929353378876,5.3993273119432486,0.39077085006025075,2.163299516536892,3.018127395112653,260.70548992551977,8.974691494688164,7.20286776518311,7.20286776518311,5.812391710140018,3.6325598997142863,3.6325598997142863,2.3358911791023096,2.3358911791023096,1.6645867229809923,1.6645867229809923,0.9824851811218573,0.9824851811218573,-1.2200000000000002,610.0504636634034,8.872764378478664,3.97035601964101,1.6810870266638485,72.09321061871326,9.473725907600098,11.49902366656781,0.0,0.0,6.544756405912575,5.733667477162185,0.0,0.0,0.0,0.0,0.0,12.13273413692322,6.06636706846161,19.78304657425206,9.473725907600098,0.0,0.0,5.733667477162185,0.0,6.544756405912575,14.219595082555067,23.762552697081826,0.0,11.49902366656781,15.207393384762284,0.0,11.49902366656781,0.0,14.219595082555067,6.544756405912575,0.0,5.563451491696996,18.19910120538483,0.0,0.0,0.0,40.760000000000005,0.0,0.0,0.0,6.544756405912575,5.749511833283905,11.3129633249809,0.0,32.418696287939895,0.0,0.0,15.207393384762284,10.033238851095994,0.0,0.0,0.0,9.654631519274377,1.3758333333333337,5.30287037037037,0.0,-0.020667044595615858,3.1540929705215417,0.3333333333333333,12.0,0.0,3.0,0.0,0.0,0.0,0.0,1.0,0.0,1.0,0.0,0.0,2.0,0.0,3.0,0.0,3.0,0.0,0.0,0.0,0.0,0.0,2.9356694550790903,1.0,1.2725,45.38400000000003,0.0,0.0,0.0,0.0,0.0,0.0,0.0,0.0,0.0,0.0,0.0,0.0,0.0,0.0,0.0,1.0,0.0,0.0,0.0,0.0,0.0,0.0,0.0,0.0,0.0,0.0,0.0,0.0,0.0,0.0,0.0,0.0,0.0,0.0,1.0,0.0,0.0,0.0,0.0,0.0,0.0,2.0,0.0,0.0,0.0,0.0,0.0,0.0,0.0,0.0,0.0,0.0,0.0,0.0,0.0,2.0,0.0,0.0,0.0,0.0,0.0,0.0,0.0,0.0,0.0,0.0,0.0,0.0,0.0,0.0,0.0,0.0,0.0,0.0,0.0,0.0,0.0,0.0,0.0,0.0,0.0,0.0,0.0,0.0,0.0
O(C)c1c(O)c2c(cc1)CC1[N+]CCC32C1CC(OC)C([N+])C3,204.0,Low,14.0,,Table4,10.821088356638953,10.821088356638953,0.14053180377089158,-0.507823129251701,0.8969497196367063,38.56521739130435,315.39300000000003,292.209,315.16977043618004,121.0,5.0,0.4246484919980052,-0.5040429864893305,0.5040429864893305,0.4246484919980052,1.3478260869565217,2.1739130434782608,2.9130434782608696,16.478101789128598,9.510400152076915,2.6414678156253344,-2.50630727916259,2.5754259513091924,-2.6162361745705756,5.56187440756948,-0.03378126278437423,2.5314117587520895,1.879388732896884,620.5294156373059,16.189869965382485,13.657772888498096,13.657772888498096,11.10252072243382,8.372234067236025,8.372234067236025,7.122166549752189,7.122166549752189,6.261359262079766,6.261359262079766,5.2610040582723565,5.2610040582723565,-1.3000000000000003,225495.6280578774,15.240756281860056,5.363902409710953,2.030976490492664,136.7042921234991,14.580253302440804,6.103966387748303,18.043780072480384,6.041840829147961,0.0,11.775508306310146,0.0,0.0,0.0,0.0,6.06636706846161,18.050640183084617,43.26861041731074,12.426586145283864,14.580253302440804,0.0,0.0,11.050456081168516,5.917906046161393,49.28592500714504,20.764351488467643,23.259637120317212,0.0,11.49902366656781,15.787319034968565,0.0,11.49902366656781,0.0,44.05852692935257,16.57267504612284,5.917906046161393,30.389367852172022,12.13273413692322,0.0,0.0,0.0,75.09,6.041840829147961,10.84019487200289,0.0,23.310309519576947,18.08823950237131,36.934124258084594,0.0,14.219595082555067,6.06636706846161,6.06636706846161,14.790514511606428,10.832218915343915,0.0,0.0,15.66465734441925,12.51052807697153,1.0784398095658023,3.632197893046106,2.9974309229864784,0.7932790060468631,3.2412480316200556,0.6666666666666666,23.0,1.0,5.0,2.0,1.0,3.0,0.0,1.0,0.0,1.0,5.0,2.0,3.0,1.0,5.0,1.0,2.0,1.0,1.0,2.0,0.0,5.0,3.5543447541776736,4.0,1.4336999999999995,84.88980000000005,0.0,0.0,0.0,0.0,0.0,0.0,0.0,1.0,0.0,0.0,0.0,0.0,0.0,0.0,0.0,2.0,0.0,0.0,0.0,0.0,0.0,0.0,0.0,0.0,0.0,0.0,0.0,0.0,0.0,0.0,0.0,0.0,0.0,0.0,1.0,0.0,1.0,0.0,0.0,0.0,0.0,2.0,0.0,0.0,0.0,0.0,0.0,0.0,0.0,0.0,0.0,0.0,0.0,0.0,0.0,2.0,0.0,0.0,0.0,0.0,0.0,0.0,0.0,0.0,0.0,1.0,1.0,0.0,0.0,1.0,0.0,0.0,0.0,0.0,0.0,0.0,0.0,0.0,0.0,0.0,0.0,0.0,0.0,0.0,0.0
O=C(OC)COC1C2OCC([N+])C2OC1,175.0,Low,14.0,,Table4,10.846763432224742,10.846763432224742,0.1178552532123962,-0.5956234515411105,0.5513890871234635,39.06666666666667,215.20499999999996,202.10099999999997,215.07882393609,83.0,3.0,0.42746822878992635,-0.467301903816585,0.467301903816585,0.42746822878992635,1.4,2.1333333333333333,2.8666666666666667,16.624580542420343,10.096078019108088,2.5405692757886835,-2.143275043816541,2.27757400977405,-2.339950115605127,5.6995526575801065,-0.14949811677911384,2.7893917574844975,1.8219975246903748,246.65720293544632,10.836498814253964,8.41917646813742,8.41917646813742,7.21954535281284,4.817877627166873,4.817877627166873,3.58883408248308,3.58883408248308,2.6247733369889255,2.6247733369889255,1.8208724038882909,1.8208724038882909,-0.6900000000000002,4105.98466701718,10.815469160963003,4.441475409041874,2.1243375538597813,87.60271935102793,18.947451815200196,25.421696704522443,6.103966387748303,0.0,0.0,17.744813594261995,0.0,4.794537184071822,0.0,0.0,0.0,0.0,0.0,13.716679505790452,23.741988999272017,5.969305287951849,0.0,5.733667477162185,0.0,24.353739992392867,26.93044343481629,0.0,0.0,0.0,5.733667477162185,0.0,0.0,0.0,57.25348871516099,23.741988999272017,0.0,0.0,0.0,0.0,0.0,0.0,76.29,12.011146117099809,10.528204661234007,0.0,31.525663092270747,6.606881964512918,0.0,7.109797541277533,0.0,0.0,4.736862953800049,14.210588861400147,20.360901439279417,0.0,10.846763432224742,0.0,9.443526549508693,-0.4333375850340133,-0.5956234515411105,-0.8994879062736219,0.4761974836230787,1.3010600382128157,0.8888888888888888,15.0,0.0,6.0,0.0,2.0,2.0,0.0,0.0,0.0,0.0,4.0,0.0,5.0,0.0,6.0,2.0,3.0,0.0,2.0,2.0,0.0,4.0,3.202442687711195,2.0,-1.2204999999999993,47.15800000000003,0.0,0.0,0.0,0.0,0.0,0.0,0.0,0.0,0.0,0.0,1.0,1.0,0.0,0.0,0.0,1.0,0.0,0.0,0.0,0.0,0.0,0.0,0.0,0.0,0.0,0.0,0.0,0.0,0.0,0.0,0.0,0.0,0.0,0.0,0.0,0.0,1.0,0.0,0.0,0.0,1.0,4.0,0.0,0.0,0.0,0.0,0.0,0.0,0.0,0.0,0.0,0.0,0.0,0.0,0.0,1.0,0.0,0.0,0.0,0.0,0.0,0.0,0.0,0.0,0.0,0.0,0.0,0.0,0.0,0.0,0.0,0.0,0.0,0.0,0.0,0.0,0.0,0.0,0.0,0.0,0.0,0.0,0.0,0.0,0.0
O(C)c1cc2c(C(N)C3[N+]4CC(C=C)C(C3)CC4)ccnc2cc1,167.0,Low,12.0,,Table4,6.7646839569161,6.7646839569161,0.0035449735449741837,-0.0035449735449741837,0.6950299543562504,30.25,323.44,298.24,323.19921384009,125.0,1.0,0.15187598229530477,-0.49674294482594866,0.49674294482594866,0.15187598229530477,1.4166666666666667,2.2916666666666665,3.0,16.46529547198866,9.729061870855757,2.4836835068623766,-2.4308907651472538,2.3965910284749747,-2.5940835287058133,5.83629415717932,0.07709762587400903,2.6616583780599465,1.6870853618182946,759.6324135403677,16.681433796945207,14.189062348482405,14.189062348482405,11.707039898056806,8.758124804861964,8.758124804861964,7.0553397719588435,7.0553397719588435,5.910030571185813,5.910030571185813,4.522209547689622,4.522209547689622,-1.9099999999999997,512499.65903706464,15.60801064990268,6.187607918654215,2.5024063339993896,142.85908314802163,10.470530430962235,18.839024645109056,6.041840829147961,0.0,0.0,0.0,4.9839785209472085,0.0,4.899909730850478,6.578935683598497,6.076020106833881,35.74682581170483,30.342617078091283,18.668339088041755,4.736862953800049,10.902924932081056,0.0,9.883888251797686,17.56947956948497,24.92532490414794,20.199310353102685,48.68071912758889,0.0,5.749511833283905,15.370440161812713,0.0,5.749511833283905,0.0,31.225129703197855,0.0,11.835812092322787,24.446935566696975,43.11726763589189,0.0,10.902924932081056,0.0,54.040000000000006,0.0,0.0,0.0,6.041840829147961,11.959746875309353,42.08067724627752,11.984273114623004,7.109797541277533,18.329577708536295,34.671578179153286,10.470530430962235,5.390388028094107,0.0,7.039082131309314,1.1039515096161925,8.913100618333754,2.1979704759926624,8.477706394668877,6.425291615868366,6.259692171961847,1.692817054154883,0.45,24.0,2.0,4.0,0.0,3.0,3.0,0.0,1.0,1.0,2.0,5.0,2.0,4.0,1.0,4.0,4.0,4.0,0.0,3.0,3.0,0.0,5.0,4.024010428824048,5.0,2.9777000000000013,97.29040000000003,0.0,0.0,0.0,0.0,0.0,1.0,0.0,0.0,0.0,0.0,0.0,0.0,0.0,0.0,0.0,2.0,0.0,1.0,0.0,0.0,0.0,0.0,0.0,0.0,0.0,0.0,0.0,0.0,0.0,0.0,0.0,0.0,0.0,0.0,1.0,0.0,4.0,0.0,0.0,0.0,0.0,1.0,0.0,0.0,0.0,0.0,0.0,0.0,0.0,0.0,0.0,0.0,0.0,0.0,0.0,1.0,0.0,0.0,0.0,0.0,0.0,0.0,0.0,0.0,0.0,0.0,0.0,0.0,0.0,3.0,0.0,0.0,0.0,1.0,0.0,0.0,0.0,0.0,0.0,0.0,0.0,0.0,0.0,0.0,0.0
O=C(OCC(OCn1c2N=C(N)NC(=O)c2nc1)CO)C(N)C(C)C,165.0,Low,9.0,,Table4,11.7258561995097,11.7258561995097,0.04670253486097331,-0.7637908635676502,0.41429377068433654,13.96,354.36700000000013,332.1910000000001,354.165167804,138.0,0.0,0.32276859106197864,-0.4616618554030007,0.4616618554030007,0.32276859106197864,1.48,2.2,2.84,16.570266438054283,10.066647971343258,2.2057075055009414,-2.1865302753043734,2.078492190736774,-2.386350563028493,5.753123748916288,-0.15260293479752546,2.9669690867503973,1.9705446797766402,785.6005784335678,18.560113453385565,14.007269502552685,14.007269502552685,11.828606258093465,7.683919522972122,7.683919522972122,5.83792751499729,5.83792751499729,3.547947856500226,3.547947856500226,1.947964557764216,1.947964557764216,-2.5,349571.2647700186,18.83318243549117,8.051124972154154,4.526159169550173,142.49977233657356,26.047588256765174,25.483505928908667,11.16387793838399,5.948339280986494,5.559266895052008,5.969305287951849,19.140152536882205,4.9839785209472085,4.9839785209472085,0.0,13.847474399381248,5.917906046161393,0.0,12.934202039277459,19.374790486512623,23.081522507322333,0.0,19.51903521063298,11.651573523323577,32.724098363776996,18.94743140618802,16.68112415388837,0.0,0.0,17.026601849376377,5.948339280986494,0.0,0.0,55.95443903934763,20.999079839171404,5.917906046161393,13.847474399381248,11.121857258836364,0.0,11.16387793838399,0.0,171.37,23.674379399900122,14.69560176298435,0.0,42.9747039420572,0.0,0.0,10.894419722555895,13.847474399381248,0.0,14.951935562841626,20.94106086192447,11.975002020870075,0.0,33.6997285691324,9.353784276056102,11.10080858755129,-0.6725937896224896,-0.7399669988901592,0.59877648127152,3.0177941869646006,0.0,0.5714285714285714,25.0,6.0,11.0,0.0,0.0,0.0,0.0,0.0,2.0,2.0,2.0,0.0,10.0,4.0,11.0,2.0,8.0,0.0,0.0,0.0,0.0,2.0,6.065132216460719,2.0,-1.4366999999999985,88.29230000000001,0.0,1.0,1.0,1.0,0.0,4.0,1.0,0.0,0.0,0.0,1.0,1.0,0.0,0.0,0.0,3.0,1.0,2.0,0.0,0.0,0.0,1.0,0.0,0.0,0.0,0.0,0.0,0.0,0.0,1.0,0.0,0.0,0.0,0.0,0.0,0.0,1.0,0.0,0.0,0.0,1.0,2.0,0.0,0.0,0.0,0.0,0.0,1.0,0.0,0.0,0.0,0.0,0.0,0.0,0.0,0.0,0.0,0.0,0.0,0.0,0.0,0.0,0.0,0.0,0.0,0.0,0.0,0.0,0.0,0.0,0.0,0.0,0.0,0.0,0.0,0.0,0.0,0.0,0.0,0.0,0.0,0.0,0.0,0.0,0.0
O=C(OC)C(NC(C(=O)N1C(C(=O)OC)CCC1)CCCC[N+])CCc1ccccc1,155.0,Low,20.0,,Table4,13.332182732290956,13.332182732290956,0.031595049242679085,-0.6597570494247083,0.39719664713747665,17.774193548387096,431.53300000000024,398.2690000000002,431.24147257609,169.0,3.0,0.4178788914312134,-0.46784777915745557,0.46784777915745557,0.4178788914312134,1.096774193548387,1.8387096774193548,2.4838709677419355,16.528811629566945,10.015863511278079,2.3839337304831965,-2.2977614640340343,2.210371330834278,-2.5419384944354815,5.884483998434226,-0.15204300610718138,3.2950791793753234,2.132275439566242,712.4233111959263,22.639617433688308,18.41843182751517,18.41843182751517,15.010769012897681,10.883736064100088,10.883736064100088,7.751478548474964,7.751478548474964,5.660731227759739,5.660731227759739,3.9601143160229926,3.9601143160229926,-2.4499999999999993,9238070.80697994,24.81614674144886,13.067782252570064,7.3251427835382215,183.99083122067924,14.373635638450576,12.083681658295921,0.0,5.907179729351506,6.544756405912575,17.672278053065885,14.905862972149976,4.794537184071822,0.0,0.0,30.33183534230805,44.08838122925306,12.965578028838586,20.26143591170303,23.85733745981556,17.845790305255207,0.0,15.950365812018994,0.0,63.071273847925966,27.30910789438022,35.89528683400505,0.0,0.0,11.050456081168516,0.0,0.0,0.0,68.18033041792977,30.27815908274157,0.0,44.08838122925306,30.33183534230805,0.0,0.0,0.0,107.24000000000001,30.064133063347583,14.383611552215466,0.0,12.45193613526408,45.069686143468644,11.984273114623004,14.219595082555067,4.899909730850478,30.33183534230805,5.316788604006331,15.207393384762284,9.825537472424058,0.0,39.423830818899944,3.188609693877551,10.232935207730863,-1.0742251470047621,7.8842007696598575,4.032438390777482,0.50747423617661,2.645865224125054,0.6086956521739131,31.0,1.0,8.0,0.0,1.0,1.0,1.0,1.0,0.0,1.0,3.0,0.0,6.0,1.0,8.0,1.0,12.0,0.0,1.0,1.0,0.0,3.0,10.461032321454189,2.0,1.5220000000000002,115.09370000000004,0.0,0.0,0.0,0.0,0.0,0.0,0.0,0.0,0.0,0.0,3.0,3.0,0.0,0.0,0.0,2.0,1.0,0.0,0.0,0.0,1.0,0.0,0.0,0.0,0.0,0.0,0.0,1.0,0.0,0.0,1.0,0.0,0.0,0.0,1.0,0.0,0.0,0.0,0.0,0.0,2.0,2.0,0.0,0.0,0.0,0.0,0.0,0.0,0.0,0.0,0.0,0.0,0.0,0.0,0.0,2.0,0.0,0.0,0.0,0.0,0.0,0.0,0.0,0.0,0.0,0.0,0.0,0.0,0.0,0.0,0.0,0.0,0.0,0.0,0.0,0.0,0.0,0.0,0.0,0.0,0.0,0.0,0.0,1.0,0.0
O=C(OCCOCn1c2N=C(N)NC(=O)c2nc1)C(N)C(C)C,141.0,Low,6.0,,Table4,11.621369122650238,11.621369122650238,0.0007898803149735123,-0.6467659406891013,0.44214276395859164,12.695652173913043,324.34100000000007,304.18100000000004,324.15460312,126.0,0.0,0.32275628263485007,-0.46206895361928013,0.46206895361928013,0.32275628263485007,1.434782608695652,2.1739130434782608,2.869565217391304,16.56004301771635,10.067390203844859,2.1791079468257117,-2.1401710039828745,2.060380219937757,-2.370288453640413,5.752703561273712,-0.1477799255800739,2.8869383038356067,1.8360165118449854,737.6302383315938,16.98276318419594,12.9827056378631,12.9827056378631,10.896754605515328,7.104168050226855,7.104168050226855,5.312383963596549,5.312383963596549,3.1858691736203086,3.1858691736203086,1.7977354675584583,1.7977354675584583,-2.46,138290.11863033322,16.902780825378105,7.201217920264318,4.047252656578504,131.3405964699809,20.94106086192447,19.379539541160362,11.16387793838399,5.948339280986494,5.559266895052008,5.969305287951849,19.140152536882205,4.9839785209472085,4.9839785209472085,0.0,13.847474399381248,5.917906046161393,0.0,12.934202039277459,14.268263091671919,23.081522507322333,0.0,19.51903521063298,11.651573523323577,26.62013197602869,18.94743140618802,16.68112415388837,0.0,0.0,17.026601849376377,5.948339280986494,0.0,0.0,44.74394525675863,20.999079839171404,5.917906046161393,13.847474399381248,11.121857258836364,0.0,11.16387793838399,0.0,151.14,17.570413012151818,9.589074368143644,0.0,37.327526721289466,5.647177220767728,0.0,10.894419722555895,0.0,13.847474399381248,14.951935562841626,20.94106086192447,11.904539057907114,0.0,33.48268696545388,0.0,11.24724902174966,-0.4501259398282509,-0.6467659406891013,1.4236444423448393,4.038772393061854,0.0,0.5384615384615384,23.0,5.0,10.0,0.0,0.0,0.0,0.0,0.0,2.0,2.0,1.0,0.0,9.0,3.0,10.0,2.0,7.0,0.0,0.0,0.0,0.0,1.0,5.292200355739692,2.0,-0.7975999999999981,82.28550000000001,0.0,0.0,0.0,1.0,0.0,4.0,1.0,0.0,0.0,0.0,1.0,1.0,0.0,0.0,0.0,3.0,1.0,2.0,0.0,0.0,0.0,1.0,0.0,0.0,0.0,0.0,0.0,0.0,0.0,1.0,0.0,0.0,0.0,0.0,0.0,0.0,1.0,0.0,0.0,0.0,1.0,2.0,0.0,0.0,0.0,0.0,0.0,1.0,0.0,0.0,0.0,0.0,0.0,0.0,0.0,0.0,0.0,0.0,0.0,0.0,0.0,0.0,0.0,0.0,0.0,0.0,0.0,0.0,0.0,0.0,0.0,0.0,0.0,0.0,0.0,0.0,0.0,0.0,0.0,0.0,0.0,0.0,0.0,0.0,0.0
S(=O)(=O)(NCCCCCC[N+])c1c2c(ccc1)cccc2,108.0,Low,16.0,,Table4,12.383911485890653,12.383911485890653,0.19616255127027316,-3.479008028365666,0.7618795174898617,11.857142857142858,304.41499999999996,284.255,304.12400030008996,111.0,3.0,0.417878880145415,-0.21113253613296745,0.417878880145415,0.21113253613296745,0.9047619047619048,1.619047619047619,2.4285714285714284,32.2332712398356,10.12774826435538,2.1557595119746065,-2.089995088814943,2.21965485209156,-2.245608969111559,7.893350762350969,0.572531204020117,2.4988718102026657,2.0455001076684884,678.2413841355645,15.131545744180547,11.956051038338217,12.772547619265943,10.148995134896754,7.232729985453226,8.715893233047618,5.012879356937471,6.748254472546285,3.4161199254369685,4.935309823873767,2.304666083816936,3.6063619119128085,-1.4299999999999997,58708.49430890143,15.949462423506628,7.5419195337380405,4.266366509191104,125.95324911064769,0.0,0.0,0.0,10.023291153407584,6.544756405912575,5.733667477162185,0.0,13.139891848781026,0.0,0.0,42.81902403369567,24.294234528778425,18.351802243303382,4.895483475517775,8.417796984328938,20.795739582337177,0.0,10.455762341614273,0.0,30.578769967221813,13.08951281182515,42.46456947923127,0.0,0.0,10.455762341614273,0.0,0.0,0.0,21.50730979615409,10.023291153407584,0.0,25.683286491704038,47.360052954749044,0.0,10.772448428929591,0.0,68.47,10.023291153407584,8.417796984328938,0.0,6.544756405912575,11.440239881430351,36.45573492063363,0.0,12.13273413692322,30.33183534230805,4.722094864452088,5.733667477162185,27.421895864827412,0.0,0.32959091815738684,1.6630567597919699,8.689797521662497,0.0,12.773579151663046,3.394029333177511,0.6237251457525108,-3.479008028365666,0.375,21.0,1.0,4.0,0.0,0.0,0.0,0.0,2.0,0.0,2.0,0.0,0.0,2.0,1.0,5.0,0.0,8.0,0.0,0.0,0.0,0.0,0.0,5.728074390688834,2.0,2.747200000000001,84.60550000000006,0.0,0.0,0.0,0.0,0.0,0.0,0.0,0.0,0.0,0.0,0.0,0.0,0.0,0.0,0.0,1.0,1.0,0.0,0.0,0.0,0.0,0.0,0.0,0.0,0.0,0.0,0.0,0.0,0.0,0.0,0.0,0.0,0.0,0.0,2.0,0.0,1.0,0.0,0.0,0.0,0.0,0.0,0.0,0.0,0.0,0.0,0.0,0.0,0.0,0.0,0.0,0.0,0.0,0.0,0.0,0.0,0.0,0.0,0.0,0.0,0.0,0.0,0.0,0.0,0.0,0.0,0.0,0.0,0.0,0.0,0.0,0.0,0.0,0.0,0.0,0.0,1.0,0.0,0.0,0.0,0.0,0.0,0.0,3.0,0.0
O=C(NC1C(OC(CC)CC)C=C(C(=O)OCC)CC1[N+])C,83.0,Low,11.0,,Table4,11.898432067271354,11.898432067271354,0.005790475140673879,-0.8817885487528347,0.7199811573930238,24.818181818181817,310.394,284.186,310.18870873209,123.0,3.0,0.42450392173495377,-0.4626295986032384,0.4626295986032384,0.42450392173495377,1.3636363636363635,2.0,2.5,16.533298928464397,9.878815178122961,2.444079242375666,-2.3082230321173483,2.2420570256964805,-2.5403131338259644,5.88690337708959,-0.13873205905205546,2.4693050621799513,2.981510040235151,418.36886868127584,16.698306133819763,13.795385228049732,13.795385228049732,10.421452615420641,7.907619855562933,7.907619855562933,5.449357682170738,5.449357682170738,3.73080200855859,3.73080200855859,2.5567056197404794,2.5567056197404794,-1.4000000000000001,53534.533748061345,18.64854368932039,8.901512287334594,5.103401360544219,131.95783609778724,14.790514511606428,12.145807216896262,0.0,5.907179729351506,0.0,17.744813594261995,4.794537184071822,4.794537184071822,0.0,0.0,13.847474399381248,25.841400552376523,12.496841729759891,19.13166997518723,19.06280027574374,11.876485017303356,0.0,11.050456081168516,0.0,71.24902810133304,6.606881964512918,11.64912463690315,0.0,0.0,11.050456081168516,0.0,0.0,0.0,42.77498141560879,19.06280027574374,0.0,46.95741366754052,11.64912463690315,0.0,0.0,0.0,86.92999999999999,24.156953333996075,15.322741845305828,0.0,25.038849704538737,5.573104530069267,12.841643245852019,6.923737199690624,12.999757306524504,13.847474399381248,5.316788604006331,9.473725907600098,10.96408415217939,0.0,23.254174732794866,2.715979623330814,10.68602702191988,-0.6841170372469971,-1.4407917611489047,2.9128227880658444,7.425153813438445,0.0,0.75,22.0,1.0,6.0,1.0,0.0,1.0,1.0,0.0,0.0,0.0,3.0,0.0,4.0,1.0,6.0,0.0,7.0,0.0,0.0,0.0,0.0,3.0,7.545465490517339,1.0,1.3953999999999989,82.10270000000004,0.0,0.0,0.0,0.0,0.0,0.0,0.0,0.0,0.0,0.0,2.0,2.0,0.0,0.0,0.0,1.0,1.0,0.0,0.0,0.0,0.0,0.0,0.0,0.0,0.0,0.0,0.0,1.0,0.0,0.0,0.0,0.0,0.0,0.0,0.0,0.0,0.0,0.0,0.0,0.0,1.0,2.0,0.0,0.0,0.0,0.0,0.0,0.0,0.0,0.0,0.0,0.0,0.0,0.0,0.0,0.0,0.0,0.0,0.0,0.0,0.0,0.0,0.0,0.0,0.0,0.0,0.0,0.0,0.0,0.0,0.0,0.0,0.0,0.0,0.0,0.0,0.0,0.0,0.0,0.0,0.0,0.0,0.0,0.0,0.0
O=C1N2C(=NN1)c1c(nc(c(-c3ccccc3)c1)-c1ccc(C3([N+])CCC3)cc1)C=C2,81.0,Low,5.0,,Table4,12.012232443323295,12.012232443323295,0.2715245746373647,-0.6841048464716291,0.4840987211162921,15.258064516129032,405.46100000000024,386.3090000000002,405.15841164809007,149.0,3.0,0.43086987637035595,-0.2498350219727375,0.43086987637035595,0.2498350219727375,0.967741935483871,1.7419354838709677,2.4516129032258065,16.148353150614344,9.724449838080563,2.511657481316854,-2.2325424690707054,2.4112261218306865,-2.348304024563217,5.976377919218214,0.24183418452901165,3.182313349912265,1.5861978992103931,1478.2307639979133,21.00142475325411,16.746626246298852,16.746626246298852,15.121941584798401,10.416086945102144,10.416086945102144,8.183958376907663,8.183958376907663,6.340007072152216,6.340007072152216,4.4083010689133415,4.4083010689133415,-3.7699999999999982,22021302.879311282,18.035309996054,6.617690246209264,2.794770804499503,177.92816407093056,0.0,0.0,5.647177220767728,0.0,0.0,16.962336127749005,0.0,19.27789211958186,5.098681808301038,0.0,54.59730361615449,24.117007251546227,41.11506550702087,11.210628712464722,0.0,16.550102152848787,0.0,25.315704220973263,0.0,24.801390121161372,0.0,88.9746133986631,0.0,22.384282469939446,11.423410875365658,0.0,0.0,0.0,19.582036743811077,5.538925252383345,0.0,24.825916360475023,77.72141850876261,0.0,38.93438462278824,0.0,85.35000000000001,5.538925252383345,10.528204661234007,0.0,5.689743398203474,5.647177220767728,58.11312376249553,4.400694606261793,6.196843571613076,48.53093654769288,28.396464821986903,4.9839785209472085,1.492626314744197,0.0,16.987648165167588,7.516392264958734,15.827326430840053,0.0,22.042274711656525,4.383732112632899,0.0,0.0,0.16,31.0,1.0,6.0,1.0,0.0,1.0,0.0,2.0,3.0,5.0,0.0,0.0,4.0,1.0,6.0,3.0,3.0,1.0,0.0,1.0,0.0,0.0,3.850067582201516,6.0,4.352700000000003,119.64869999999999,0.0,0.0,0.0,0.0,0.0,4.0,1.0,0.0,0.0,0.0,0.0,0.0,0.0,0.0,0.0,4.0,1.0,0.0,0.0,0.0,0.0,1.0,0.0,0.0,0.0,0.0,0.0,0.0,0.0,0.0,0.0,0.0,0.0,0.0,2.0,0.0,3.0,0.0,0.0,0.0,0.0,0.0,0.0,0.0,0.0,0.0,0.0,0.0,0.0,0.0,0.0,0.0,0.0,0.0,0.0,0.0,0.0,0.0,0.0,0.0,0.0,0.0,0.0,0.0,0.0,0.0,0.0,0.0,0.0,0.0,0.0,0.0,0.0,2.0,0.0,0.0,0.0,0.0,0.0,0.0,0.0,0.0,0.0,0.0,0.0
[N+]CCC(c1ccccc1)c1ccccc1,61.0,Low,3.0,,Table4,9.159308390022677,9.159308390022677,0.21672146636432377,0.21672146636432377,0.7370977635753725,10.625,209.292,194.17199999999994,209.11990090009,79.0,3.0,0.417918601158729,-0.062248007630875415,0.417918601158729,0.062248007630875415,0.75,1.1875,1.5625,14.52021834421732,9.885879532401269,2.1532172460251915,-2.1419557595674,2.2652404117734797,-2.0345995529300342,5.316383733855029,0.7168238036117082,2.3793304750871744,2.3139747030809095,368.4647893410623,11.217332181807452,9.212280118958939,9.212280118958939,7.915014900172529,5.623193530716245,5.623193530716245,3.8862349951519812,3.8862349951519812,2.821657416416455,2.821657416416455,2.0255763222402683,2.0255763222402683,-1.5999999999999996,7042.818206258036,10.902614268848035,5.474503135295994,2.4978361956723916,96.92321436576354,0.0,0.0,0.0,0.0,6.544756405912575,5.733667477162185,0.0,0.0,0.0,0.0,60.6636706846161,11.126902983393991,12.338727669087403,0.0,0.0,0.0,0.0,5.733667477162185,0.0,12.338727669087403,6.544756405912575,71.7905736680101,0.0,0.0,5.733667477162185,0.0,0.0,0.0,6.544756405912575,0.0,0.0,23.465630652481394,60.6636706846161,0.0,0.0,0.0,22.3,0.0,0.0,0.0,6.544756405912575,5.917906046161393,6.4208216229260096,11.126902983393991,0.0,36.39820241076966,24.26546827384644,5.733667477162185,0.0,0.0,0.0,0.0,11.692178760393048,0.2985185185185184,20.687396069538927,0.7718518518518519,0.21672146636432377,0.0,0.2,16.0,0.0,1.0,0.0,0.0,0.0,0.0,2.0,0.0,2.0,0.0,0.0,0.0,0.0,1.0,0.0,4.0,0.0,0.0,0.0,0.0,0.0,3.7303997498582135,2.0,3.277300000000002,66.34500000000004,0.0,0.0,0.0,0.0,0.0,0.0,0.0,0.0,0.0,0.0,0.0,0.0,0.0,0.0,0.0,1.0,0.0,0.0,0.0,0.0,0.0,0.0,0.0,0.0,0.0,0.0,0.0,0.0,0.0,0.0,0.0,0.0,0.0,0.0,2.0,0.0,0.0,0.0,0.0,0.0,0.0,0.0,0.0,0.0,0.0,0.0,0.0,0.0,0.0,0.0,0.0,0.0,0.0,0.0,0.0,0.0,0.0,0.0,0.0,0.0,0.0,0.0,0.0,0.0,0.0,0.0,0.0,0.0,0.0,0.0,0.0,0.0,0.0,0.0,0.0,0.0,0.0,0.0,0.0,0.0,0.0,0.0,0.0,0.0,0.0
S(=O)(=O)(OC1C2OCC([N+])C2OC1)CCCCCCCCCCCC,61.0,Low,11.0,,Table4,12.096349657964813,12.096349657964813,0.041607379062735816,-3.570462199495162,0.36497393054417643,29.2,375.5310000000003,342.2670000000001,375.20739557609,145.0,3.0,0.4274682377642537,-0.3653925843671008,0.4274682377642537,0.3653925843671008,0.88,1.44,2.08,32.2399347549823,10.069632077835331,2.549786487867253,-2.1524702988449604,2.291226608576307,-2.34642565530797,7.862408892156209,0.033330480177626555,3.1274732335108895,1.5186987485147798,470.0868831483503,18.123109575743268,15.398492570466763,16.21498915139449,12.032805283882038,9.854934436832423,11.432284706022047,7.241704476620468,8.957757928464618,4.9999384948304275,6.329025107775937,3.5291497014123516,4.724744207163848,-0.21000000000000008,442424.8735053845,21.09418383576839,10.821979548139584,7.1344586340160685,152.44653330889142,9.473725907600098,18.814814740009524,6.103966387748303,0.0,10.118126859033554,11.775508306310146,4.183085432649707,0.0,8.417796984328938,0.0,64.71113180602472,6.4208216229260096,0.0,12.359735571259707,22.074608324578744,10.118126859033554,0.0,5.733667477162185,0.0,95.48569342134361,18.966617535772624,0.0,0.0,0.0,5.733667477162185,0.0,0.0,0.0,51.738154512494425,23.77493819928336,0.0,71.13195342895074,0.0,0.0,0.0,0.0,84.13000000000001,34.47186685142643,14.151464461491123,0.0,18.966617535772624,6.4208216229260096,12.841643245852019,44.94575136048208,0.0,0.0,6.923737199690624,13.656811340249806,40.22384191532505,0.0,0.0,0.0,9.664967280925083,0.041607379062735816,-0.69141051294436,10.028569678630527,2.5528864584961233,-3.570462199495162,1.0,25.0,0.0,6.0,0.0,2.0,2.0,0.0,0.0,0.0,0.0,4.0,0.0,5.0,0.0,7.0,2.0,13.0,0.0,2.0,2.0,0.0,4.0,9.131233042215285,2.0,2.8571999999999997,95.90580000000007,0.0,0.0,0.0,0.0,0.0,0.0,0.0,0.0,0.0,0.0,0.0,0.0,0.0,0.0,0.0,1.0,0.0,0.0,0.0,0.0,0.0,0.0,0.0,0.0,0.0,0.0,0.0,0.0,0.0,0.0,0.0,0.0,0.0,0.0,0.0,0.0,1.0,0.0,0.0,0.0,0.0,2.0,0.0,0.0,0.0,0.0,0.0,0.0,0.0,0.0,0.0,0.0,0.0,0.0,0.0,0.0,0.0,0.0,0.0,0.0,0.0,0.0,0.0,0.0,0.0,0.0,0.0,0.0,0.0,0.0,0.0,0.0,0.0,0.0,0.0,0.0,0.0,0.0,0.0,0.0,0.0,0.0,0.0,9.0,0.0
O=C(OC1C2(C)C(=O)OC1C=C1C2C(C(=O)NC2CC2)C23C1CCC(O)(C(=C)C2)C3)C(N)C(C)C,47.0,Low,1.0,,Table4,13.920045369259835,13.920045369259835,0.048958858234651625,-1.2075434618291765,0.40065364923361396,46.0,484.5930000000005,448.3050000000003,484.257336872,190.0,0.0,0.32313428046128867,-0.4556421785456912,0.4556421785456912,0.32313428046128867,1.3142857142857143,2.0285714285714285,2.6857142857142855,16.60844348634476,9.60270413467033,2.760776975979146,-2.4274382775118917,2.738905689897623,-2.543232770460753,5.884587316330964,-0.16249914391346454,3.48043769024357,1.4490401428777675,1063.8897136339226,25.076621311330612,20.711705208021367,20.711705208021367,16.420029073169044,13.01981581064595,13.01981581064595,12.497890015325511,12.497890015325511,10.091859444111325,10.091859444111325,8.045806447277927,8.045806447277927,-2.1899999999999995,87172900.94356705,23.2231011549346,7.188909606781229,2.954752463157442,205.20919640855928,25.63070938360932,11.45683129854474,12.207932775496605,5.907179729351506,0.0,11.938610575903699,14.383611552215466,0.0,0.0,0.0,25.999514613049012,74.34859413586939,11.959746875309353,11.518956857145081,28.963864854656265,17.845790305255203,0.0,5.316788604006331,40.23527260060132,89.18880658140414,0.0,23.801164850570917,0.0,0.0,11.050456081168516,0.0,0.0,0.0,52.844982944872115,23.85733745981556,34.501605123439134,59.296141336627926,23.801164850570917,0.0,0.0,0.0,127.95000000000002,58.455228022648285,19.490138947056174,0.0,23.784832650822253,19.26246486877803,30.408673928916564,0.0,6.923737199690624,19.92349450621513,11.895724287604828,15.207393384762284,11.688440964348704,0.0,40.28296728190307,14.554480792677424,5.218688755837249,-2.164615000933547,-0.652636595048437,4.648725175825438,9.6739486253901,0.0,0.7407407407407407,35.0,4.0,8.0,5.0,1.0,6.0,1.0,0.0,0.0,0.0,9.0,4.0,7.0,3.0,8.0,1.0,5.0,4.0,1.0,5.0,1.0,9.0,4.769964999770331,6.0,1.7552999999999999,125.38890000000006,0.0,1.0,0.0,0.0,0.0,0.0,0.0,0.0,0.0,0.0,3.0,3.0,0.0,0.0,0.0,0.0,1.0,1.0,0.0,0.0,0.0,0.0,0.0,0.0,0.0,0.0,1.0,1.0,0.0,0.0,0.0,0.0,0.0,0.0,0.0,0.0,6.0,0.0,0.0,0.0,2.0,2.0,0.0,0.0,0.0,0.0,0.0,0.0,0.0,0.0,0.0,0.0,0.0,0.0,0.0,0.0,0.0,0.0,0.0,0.0,0.0,0.0,0.0,0.0,0.0,0.0,0.0,0.0,0.0,0.0,0.0,0.0,0.0,0.0,0.0,0.0,0.0,0.0,0.0,0.0,0.0,0.0,0.0,0.0,0.0
O(C)c1c(O)c2c(cc1)CC1[N+](C)CCC32C1CC(=O)C(=N)C3,46.0,Low,5.0,,Table4,12.173207357016882,12.173207357016882,0.030776932686654712,-0.29724537037037035,0.7752307805286616,33.130434782608695,314.385,292.209,314.16249398409,121.0,1.0,0.17638562452028447,-0.5040428710295428,0.5040428710295428,0.17638562452028447,1.391304347826087,2.1739130434782608,2.9130434782608696,16.474139140497314,9.513760119424578,2.6052027359018557,-2.5321326700436346,2.5693144640806653,-2.6375163478816535,6.391884094252418,-0.11683587101828757,2.52113968471513,1.9582292411823514,714.4634034945407,16.353006672199015,13.555858754618885,13.555858754618885,10.975199522495993,8.178699234286864,8.178699234286864,7.197895770544379,7.197895770544379,6.2591961818585204,6.2591961818585204,5.116801066117092,5.116801066117092,-1.8800000000000001,198080.90274869834,14.695868584110958,4.806246711915726,1.8277063437994276,135.30770078288342,15.252673954432277,19.634269217737724,17.28226861293275,0.0,0.0,0.0,4.794537184071822,0.0,4.899909730850478,0.0,6.06636706846161,11.629818560158606,42.57963449895921,12.821482544048235,14.637927532712578,11.494929949135642,5.409283605791522,4.899909730850478,5.917906046161393,37.14011779024878,20.7022259298673,23.259637120317212,0.0,11.49902366656781,9.636772684650527,0.0,11.49902366656781,0.0,43.345524102991604,16.63034927639461,11.327189651952915,30.389367852172022,12.13273413692322,0.0,0.0,0.0,76.28,0.0,9.901064578912528,0.0,28.577338297977718,24.632995908283885,30.51330263515859,0.0,7.109797541277533,12.13273413692322,11.947581713527669,10.146146559591571,5.313192003653313,0.0,14.515821916729656,18.92497047430083,1.9817564247921398,0.8360673605862103,4.165917107583773,2.572390164399093,0.9292925642479214,3.6772586503737297,0.5555555555555556,23.0,2.0,5.0,2.0,1.0,3.0,0.0,1.0,0.0,1.0,3.0,2.0,5.0,2.0,5.0,1.0,1.0,1.0,1.0,2.0,0.0,3.0,3.070955220049083,4.0,1.7357699999999998,86.82850000000003,0.0,0.0,0.0,0.0,0.0,0.0,0.0,1.0,0.0,0.0,1.0,1.0,0.0,0.0,0.0,1.0,1.0,0.0,0.0,1.0,1.0,0.0,0.0,0.0,0.0,0.0,0.0,0.0,0.0,0.0,0.0,0.0,0.0,0.0,1.0,0.0,1.0,0.0,0.0,0.0,0.0,1.0,0.0,0.0,0.0,0.0,0.0,0.0,0.0,0.0,0.0,1.0,1.0,0.0,0.0,1.0,0.0,0.0,0.0,0.0,0.0,0.0,0.0,0.0,0.0,1.0,1.0,0.0,0.0,1.0,0.0,0.0,0.0,0.0,0.0,0.0,0.0,0.0,0.0,0.0,0.0,0.0,0.0,0.0,0.0
[N+]CC1CCN(c2nc(-c3cc4c(cc3)cccc4)ccn2)CC1,40.0,Low,3.0,,Table4,9.277418837401216,9.277418837401216,0.28355797622517054,0.28355797622517054,0.7418647548208498,15.791666666666666,316.40800000000013,296.248,316.16824806009004,119.0,3.0,0.41820775333548477,-0.34078419228921036,0.41820775333548477,0.34078419228921036,1.0,1.7916666666666667,2.5833333333333335,15.24948150020899,9.97320085497782,2.239355268427176,-2.290554414577493,2.2528986072801374,-2.3557611424075686,5.863114657814179,0.40738398625316435,2.6760730132420965,1.616425591199482,837.6713896291143,16.355160383312146,13.597890979828831,13.597890979828831,11.830831138144493,8.513446859019538,8.513446859019538,6.416808955245359,6.416808955245359,4.843664969264067,4.843664969264067,3.3257250083195418,3.3257250083195418,-2.4599999999999995,591508.47455498,15.09028564710477,6.5736244844559755,2.971841644677493,141.89300371925574,4.899909730850478,0.0,0.0,5.948339280986494,6.544756405912575,5.733667477162185,0.0,9.967957041894417,0.0,0.0,36.39820241076966,35.74682581170483,30.767713921296615,5.693927994848461,0.0,16.720787709916085,0.0,15.701624519056601,5.917906046161393,12.841643245852019,24.534178948588202,54.72778011930596,0.0,11.257379486545457,10.633577208012664,5.948339280986494,0.0,0.0,29.602226259632143,0.0,5.917906046161393,12.841643245852019,54.72778011930596,0.0,22.02982791547505,0.0,51.32,0.0,5.733667477162185,0.0,6.544756405912575,5.917906046161393,43.13687482520912,10.772448428929591,0.0,12.263210640074686,52.34845773102896,4.9839785209472085,0.0,0.0,11.449695609725373,2.4588219985748854,11.344667803345619,1.210156336786859,16.76310658999172,3.838405750411072,2.1018125778311427,0.0,0.3,24.0,0.0,4.0,0.0,1.0,1.0,0.0,2.0,1.0,3.0,0.0,0.0,3.0,0.0,4.0,2.0,3.0,0.0,1.0,1.0,0.0,0.0,4.133244633635104,4.0,3.581900000000002,96.91200000000005,0.0,0.0,0.0,0.0,0.0,2.0,0.0,0.0,0.0,0.0,0.0,0.0,0.0,0.0,0.0,4.0,0.0,0.0,0.0,0.0,0.0,0.0,0.0,0.0,0.0,0.0,0.0,0.0,0.0,1.0,0.0,0.0,0.0,0.0,2.0,0.0,1.0,0.0,0.0,0.0,0.0,0.0,0.0,0.0,0.0,0.0,0.0,0.0,0.0,0.0,0.0,0.0,0.0,0.0,0.0,0.0,0.0,0.0,0.0,0.0,0.0,0.0,0.0,0.0,0.0,0.0,0.0,0.0,0.0,1.0,0.0,0.0,0.0,0.0,0.0,0.0,0.0,0.0,0.0,0.0,0.0,0.0,0.0,0.0,0.0
O=C(NCC[N+])C1(C)C2C(C)(C3C(C=C(C(C)C)CC3)=CC2)CCC1,38.0,Low,12.0,,Table4,12.922435481168796,12.922435481168796,0.013099394453006452,-0.31325455876795116,0.8131206593247028,37.68,342.52700000000027,308.25500000000005,342.26656512809,137.0,3.0,0.4199519727435613,-0.34917685907707385,0.4199519727435613,0.34917685907707385,1.36,2.12,2.8,16.15069773801066,9.463959294529781,2.563757033965849,-2.5731551138738515,2.615864573973532,-2.5546850904636367,5.826006661570054,-0.14370321332242184,2.5848031778511062,1.9148331526619282,590.8346398210213,18.242276208189775,16.399067481404334,16.399067481404334,11.825369608234931,10.12341196015121,10.12341196015121,9.2139728973513,9.2139728973513,7.495780126924225,7.495780126924225,5.987723855788455,5.987723855788455,-1.09,370945.1040534123,18.69368535444889,6.904725039381707,3.092829532188688,153.05761088586664,5.316788604006331,0.0,0.0,5.907179729351506,6.544756405912575,5.733667477162185,4.794537184071822,0.0,0.0,0.0,51.84091516542553,60.84592125258028,0.0,11.959746875309355,4.794537184071822,5.907179729351506,0.0,11.050456081168516,28.583699077277736,66.21987853631857,13.08951281182515,23.2982492738063,0.0,0.0,11.050456081168516,0.0,0.0,0.0,18.996692541176657,4.794537184071822,28.583699077277736,66.21987853631857,23.2982492738063,0.0,0.0,0.0,51.400000000000006,0.0,4.794537184071822,0.0,23.28191707405764,24.298474544396754,19.26246486877803,24.835569398847294,5.573104530069267,0.0,45.16377761643659,5.733667477162185,0.0,0.0,12.922435481168796,2.9652846242695627,12.09822211458511,1.769459629242919,0.0,11.667570025089416,9.577028125644198,0.0,0.7727272727272727,25.0,1.0,3.0,3.0,0.0,3.0,1.0,0.0,0.0,0.0,4.0,0.0,1.0,1.0,3.0,0.0,4.0,1.0,0.0,1.0,0.0,4.0,5.162990293807453,3.0,4.306500000000003,101.91070000000006,0.0,0.0,0.0,0.0,0.0,0.0,0.0,0.0,0.0,0.0,1.0,1.0,0.0,0.0,0.0,1.0,1.0,0.0,0.0,0.0,0.0,0.0,0.0,0.0,0.0,0.0,4.0,1.0,0.0,0.0,0.0,0.0,0.0,0.0,0.0,0.0,3.0,0.0,0.0,0.0,0.0,0.0,0.0,0.0,0.0,0.0,0.0,0.0,0.0,0.0,0.0,0.0,0.0,0.0,0.0,0.0,0.0,0.0,0.0,0.0,0.0,0.0,0.0,0.0,0.0,0.0,0.0,0.0,0.0,0.0,0.0,0.0,0.0,0.0,0.0,0.0,0.0,0.0,0.0,0.0,0.0,0.0,0.0,0.0,0.0
[N+]C1(C)C2C(C)(C3C(C=C(C(C)C)CC3)=CC2)CCC1,28.0,Low,6.0,,Table4,10.820665889812716,10.820665889812716,0.31035997732426324,-0.4612406698790623,0.6441670655720863,44.5,271.448,242.21599999999992,271.22945134809,109.0,3.0,0.4252552932001156,-0.08045601154498645,0.4252552932001156,0.08045601154498645,1.25,2.0,2.7,14.784093094664884,9.490119679472004,2.603456101007362,-2.521694519204425,2.5860680031726715,-2.5373969661197227,5.351888608495934,-0.0074348693815222576,2.3670033775924137,1.9679546502052343,454.3867080466997,14.543605595440514,13.576605628567375,13.576605628567375,9.343989132800083,8.473113456059146,8.473113456059146,8.174171122110689,8.174171122110689,6.5481154020562835,6.5481154020562835,5.311638060753936,5.311638060753936,-0.56,30539.07757769732,14.380319391846736,4.728545717712032,2.094405387190068,124.251400259025,0.0,0.0,0.0,0.0,5.538925252383345,5.733667477162185,0.0,0.0,0.0,0.0,38.4963563428089,54.92801520641889,19.262464868778025,0.0,0.0,0.0,0.0,5.733667477162185,23.16870860788096,71.75880378870191,0.0,23.2982492738063,0.0,0.0,5.733667477162185,0.0,0.0,0.0,5.538925252383345,0.0,23.16870860788096,66.21987853631857,23.2982492738063,0.0,0.0,0.0,22.3,5.538925252383345,5.733667477162185,0.0,0.0,23.16870860788096,12.841643245852019,25.683286491704038,11.146209060138535,0.0,39.84698901243026,0.0,0.0,0.0,0.0,0.0,13.872118199903419,1.8045074719702694,0.0,12.003709005207021,9.152998656252624,0.0,0.7894736842105263,20.0,0.0,1.0,3.0,0.0,3.0,0.0,0.0,0.0,0.0,4.0,0.0,0.0,0.0,1.0,0.0,1.0,1.0,0.0,1.0,0.0,4.0,3.399899883982408,3.0,4.942700000000005,84.33200000000005,0.0,0.0,0.0,0.0,0.0,0.0,0.0,0.0,0.0,0.0,0.0,0.0,0.0,0.0,0.0,1.0,0.0,0.0,0.0,0.0,0.0,0.0,0.0,0.0,0.0,0.0,4.0,0.0,0.0,0.0,0.0,0.0,0.0,0.0,0.0,0.0,3.0,0.0,0.0,0.0,0.0,0.0,0.0,0.0,0.0,0.0,0.0,0.0,0.0,0.0,0.0,0.0,0.0,0.0,0.0,0.0,0.0,0.0,0.0,0.0,0.0,0.0,0.0,0.0,0.0,0.0,0.0,0.0,0.0,0.0,0.0,0.0,0.0,0.0,0.0,0.0,0.0,0.0,0.0,0.0,0.0,0.0,0.0,0.0,0.0
O=C(OC1C2OCC([N+])C2OC1)CN,23.0,Low,0.4,,Table4,10.917034674981103,10.917034674981103,0.15630928760393048,-0.6235383597883599,0.5249533038039877,41.0,200.19399999999996,188.09799999999998,200.07915828409,77.0,3.0,0.42746921461682874,-0.45606374731592775,0.45606374731592775,0.42746921461682874,1.4285714285714286,2.142857142857143,2.857142857142857,16.62928903730795,10.095773998507703,2.548093761761518,-2.1458861964781826,2.2779582165738907,-2.354333247845572,5.711387769418392,-0.1513680245942373,2.7156448902130075,1.9307959045997296,235.381168943422,10.129392033067417,7.588278446863184,7.588278446863184,6.71954535281284,4.529202492572061,4.529202492572061,3.3956809787167637,3.3956809787167637,2.4313290352741785,2.4313290352741785,1.7619468387894115,1.7619468387894115,-0.6900000000000002,2441.364756301494,9.849516086105751,3.8173626150647246,1.6118942097332114,81.46412270413717,19.944256338562333,12.71084835226122,12.207932775496605,0.0,0.0,17.744813594261995,4.794537184071822,0.0,0.0,0.0,0.0,0.0,0.0,13.151638370425493,19.005126045471968,5.969305287951849,0.0,5.733667477162185,5.733667477162185,24.353739992392867,19.75852033493841,0.0,0.0,0.0,11.46733495432437,0.0,0.0,0.0,50.081565615283125,19.005126045471968,0.0,0.0,0.0,0.0,0.0,0.0,93.08,18.115112504848113,10.528204661234007,0.0,31.96645311043502,0.0,0.0,0.0,0.0,0.0,0.0,19.944256338562333,15.505888133030991,0.0,10.917034674981103,0.0,14.502339380196524,-0.48218537414965934,-0.6235383597883599,-1.1534495464852619,0.33391109221466375,0.0,0.875,14.0,2.0,6.0,0.0,2.0,2.0,0.0,0.0,0.0,0.0,4.0,0.0,5.0,1.0,6.0,2.0,2.0,0.0,2.0,2.0,0.0,4.0,2.685655320255623,2.0,-1.9081999999999981,44.33640000000002,0.0,0.0,0.0,0.0,0.0,0.0,0.0,0.0,0.0,0.0,1.0,1.0,0.0,0.0,0.0,1.0,0.0,1.0,0.0,0.0,0.0,0.0,0.0,0.0,0.0,0.0,0.0,0.0,0.0,0.0,0.0,0.0,0.0,0.0,0.0,0.0,1.0,0.0,0.0,0.0,1.0,3.0,0.0,0.0,0.0,0.0,0.0,0.0,0.0,0.0,0.0,0.0,0.0,0.0,0.0,0.0,0.0,0.0,0.0,0.0,0.0,0.0,0.0,0.0,0.0,0.0,0.0,0.0,0.0,0.0,0.0,0.0,0.0,0.0,0.0,0.0,0.0,0.0,0.0,0.0,0.0,0.0,0.0,0.0,0.0
[N+]C1C2OCC([N+])C2OC1,20.0,Low,0.0,,Table4,9.156018518518518,9.156018518518518,0.2841203703703705,-0.5535648148148151,0.41769247667901827,53.4,140.142,132.078,140.05748033618,52.0,6.0,0.42747166830858024,-0.3609834390973016,0.42747166830858024,0.3609834390973016,0.9,1.3,1.7,16.570978309212254,10.085652113436232,2.5862636075297885,-1.98523594859131,2.2520544728290415,-2.3196179234676326,4.967196648187517,0.06852215302472828,2.405109318244186,2.0917705580984776,125.70950594454669,7.1378282015046945,5.43453841105924,5.43453841105924,4.787693700234704,3.381649150402706,3.381649150402706,2.730593189539349,2.730593189539349,2.0011373981104263,2.0011373981104263,1.4588053397393717,1.4588053397393717,-0.16,339.1204138724302,6.543966449258588,2.1655790225487195,0.7689940828402367,59.45917114579331,9.473725907600098,13.213763929025836,12.207932775496605,0.0,0.0,23.55101661262029,0.0,0.0,0.0,0.0,0.0,0.0,0.0,0.0,9.473725907600098,0.0,0.0,11.46733495432437,0.0,24.291614433792525,13.213763929025836,0.0,0.0,0.0,11.46733495432437,0.0,0.0,0.0,37.50537836281836,9.473725907600098,0.0,0.0,0.0,0.0,0.0,0.0,63.06,12.083681658295921,0.0,0.0,25.421696704522443,0.0,0.0,0.0,0.0,0.0,0.0,20.94106086192447,10.152777777777779,0.0,0.0,0.0,18.312037037037037,0.0,-1.1071296296296302,-0.5925925925925934,0.568240740740741,0.0,1.0,10.0,0.0,4.0,0.0,2.0,2.0,0.0,0.0,0.0,0.0,4.0,0.0,2.0,0.0,4.0,2.0,0.0,0.0,2.0,2.0,0.0,4.0,1.4171476466777029,2.0,-1.3413999999999997,31.32399999999999,0.0,0.0,0.0,0.0,0.0,0.0,0.0,0.0,0.0,0.0,0.0,0.0,0.0,0.0,0.0,2.0,0.0,0.0,0.0,0.0,0.0,0.0,0.0,0.0,0.0,0.0,0.0,0.0,0.0,0.0,0.0,0.0,0.0,0.0,0.0,0.0,1.0,0.0,0.0,0.0,0.0,2.0,0.0,0.0,0.0,0.0,0.0,0.0,0.0,0.0,0.0,0.0,0.0,0.0,0.0,0.0,0.0,0.0,0.0,0.0,0.0,0.0,0.0,0.0,0.0,0.0,0.0,0.0,0.0,0.0,0.0,0.0,0.0,0.0,0.0,0.0,0.0,0.0,0.0,0.0,0.0,0.0,0.0,0.0,0.0
S(CC(=O)OC1C2(C)C(C)CCC3(C(C)C(O)C(C=C)(C)C1)C2C(=O)CC3)CC[N+],20.0,Low,5.0,,Table4,13.283890890671643,13.283890890671643,0.0216632460235906,-0.6469240008394956,0.3905699817847186,45.93333333333333,435.63000000000034,398.3340000000002,435.24378108409,167.0,3.0,0.4188494666965979,-0.4611012325879561,0.4611012325879561,0.4188494666965979,1.3666666666666667,2.066666666666667,2.7,32.16649244597203,9.435868823937534,2.677659416359219,-2.614130431103357,2.6748455172076513,-2.6269572046628697,7.994564772862302,-0.20490459819544046,3.0687523284475606,2.064774408785399,698.6934132857459,22.3196264773794,18.85548299867205,19.67197957959977,14.06338568771304,11.289798393873982,12.444498932253232,10.340510448629415,11.445682164151954,9.031038752684957,9.942114478742267,6.9141478228726,7.42229288345423,-0.8500000000000001,3654445.191598077,23.805606769914124,8.589562077183947,3.566486212744008,185.11964707034798,9.843390348640755,11.887211334113243,0.0,0.0,6.544756405912575,11.702972765114033,9.589074368143644,0.0,0.0,18.34082063298961,33.770968905596376,42.934089053423605,23.168708607880962,17.60967360124188,19.4324647167844,23.514435183707903,0.0,5.733667477162185,33.99868954667452,72.00698968888915,18.050463619406152,12.654955790432378,0.0,0.0,5.733667477162185,0.0,0.0,11.761884949391115,47.11747402406024,14.325937321943691,33.99868954667452,59.79905691339255,12.654955790432378,0.0,0.0,0.0,85.9,23.037913714290166,14.69560176298435,0.0,47.21886885485711,18.59449685259881,19.26246486877803,11.761884949391115,0.0,12.999757306524504,27.35014728267037,10.470530430962235,6.114152021919878,1.3465793886999242,25.997331067668366,11.461896426601964,7.669774819453942,0.6158544123508498,0.0,4.400203033782127,12.477542162856276,0.0,0.8333333333333334,30.0,1.0,5.0,3.0,0.0,3.0,0.0,0.0,0.0,0.0,8.0,2.0,5.0,1.0,6.0,0.0,6.0,3.0,0.0,3.0,0.0,8.0,6.815991237840261,3.0,3.6948000000000025,118.96680000000008,0.0,1.0,1.0,0.0,0.0,0.0,0.0,0.0,0.0,0.0,2.0,2.0,0.0,0.0,0.0,1.0,0.0,0.0,0.0,0.0,0.0,0.0,0.0,0.0,0.0,0.0,0.0,0.0,0.0,0.0,0.0,0.0,0.0,0.0,0.0,0.0,0.0,0.0,0.0,0.0,1.0,1.0,0.0,0.0,0.0,0.0,0.0,0.0,0.0,0.0,0.0,1.0,1.0,0.0,0.0,0.0,0.0,0.0,0.0,0.0,0.0,0.0,0.0,0.0,0.0,0.0,0.0,0.0,0.0,0.0,0.0,0.0,0.0,0.0,0.0,1.0,0.0,0.0,0.0,0.0,0.0,0.0,0.0,0.0,0.0
O=C1C(c2c3c(n4c2CC(C[N+])CC4)cccc3)=C(c2c3c(n(C)c2)cccc3)C(=O)N1,17.0,Low,7.0,,Table4,13.235013699924412,13.235013699924412,0.11242045641080622,-0.361202024019484,0.5142353167379551,18.625,422.4880000000001,400.3120000000002,422.17372736409004,157.0,3.0,0.4182212126537226,-0.3499023004568569,0.4182212126537226,0.3499023004568569,0.96875,1.65625,2.4375,16.1725995832193,9.890253997179556,2.3811265420859704,-2.216012015177215,2.422214972537533,-2.241862826795584,6.505967815431203,-0.122342111038924,3.4133544381674623,1.7062546139925587,1470.0338010186335,21.982398705266423,17.760067184070053,17.760067184070053,15.579718698118981,10.938610635953523,10.938610635953523,8.735956928438817,8.735956928438817,6.927241963338795,6.927241963338795,5.437458442256124,5.437458442256124,-3.6399999999999992,43521443.28056187,19.07595673101806,6.934379873485613,2.561073394380101,184.8510430896823,9.13419929558271,0.0,0.0,0.0,18.359115864615585,5.733667477162185,14.905862972149976,0.0,0.0,0.0,36.39820241076966,24.974377382775238,64.3338588487688,11.146209060138535,9.589074368143644,44.76641838300366,0.0,20.184655376751223,12.965578028838582,19.386399651764595,6.544756405912575,71.54861109754842,0.0,0.0,11.050456081168516,0.0,0.0,0.0,27.493315160198296,29.602324379659418,5.917906046161393,23.24165260116846,54.727780119305955,0.0,32.952058924300644,0.0,78.33,0.0,15.322741845305828,0.0,24.27702191077698,17.567030683064544,51.592258871243146,0.0,0.0,60.27618468131289,15.950255320259295,0.0,4.237197434516608,0.0,26.357506062610227,4.468110224027883,15.379433786187002,-0.5736625141332936,15.958041011175064,3.4957331611223204,0.8976583171785191,1.946649183982337,0.23076923076923078,32.0,1.0,6.0,0.0,2.0,2.0,2.0,2.0,2.0,4.0,1.0,0.0,4.0,1.0,6.0,4.0,3.0,0.0,0.0,0.0,0.0,1.0,4.133747825720438,6.0,3.3313000000000015,123.63270000000004,0.0,0.0,0.0,0.0,0.0,2.0,0.0,0.0,0.0,0.0,2.0,2.0,0.0,0.0,0.0,3.0,1.0,0.0,0.0,0.0,0.0,0.0,0.0,0.0,0.0,0.0,0.0,2.0,0.0,0.0,2.0,0.0,0.0,0.0,2.0,0.0,4.0,0.0,0.0,0.0,0.0,0.0,0.0,0.0,0.0,0.0,0.0,0.0,1.0,0.0,0.0,0.0,0.0,0.0,0.0,0.0,0.0,0.0,0.0,0.0,0.0,0.0,0.0,0.0,2.0,0.0,0.0,0.0,0.0,0.0,0.0,0.0,0.0,0.0,0.0,0.0,0.0,0.0,0.0,0.0,0.0,0.0,0.0,0.0,0.0
O=C(OC)C1(C)C2C(C)(C3C(O)(C2C[N+])C2C(C(C)C)(OC(=O)O2)CC3)CCC1,16.0,Low,6.0,,Table4,12.900457097190728,12.900457097190728,0.05028444402452381,-1.4558848261526824,0.7215279881201417,50.96551724137931,407.50700000000035,374.24300000000017,407.23023919608994,161.0,3.0,0.5090058540541745,-0.4685870965950042,0.5090058540541745,0.4685870965950042,1.3103448275862069,2.0,2.586206896551724,16.783574885496208,9.525688217191867,2.8003605909795724,-2.525417948089696,2.718326914785658,-2.659561653932289,5.77088666510133,-0.19957530147370436,3.118911800591809,1.8884994773329646,726.0910497173744,21.405412915006302,18.065060676386647,18.065060676386647,13.518727488974521,10.833121687196423,10.833121687196423,10.473326403764048,10.473326403764048,9.159736790256703,9.159736790256703,8.051226950780874,8.051226950780874,-1.34,2749801.064638971,20.913569545664014,6.330117035395646,2.31638406745105,172.1775151538583,19.31711625624085,5.601050810983688,11.70501719873199,0.0,6.544756405912575,17.85833839465279,4.794537184071822,4.794537184071822,0.0,0.0,27.19203322199788,55.77573229927563,0.0,18.442694056835705,28.906190624384493,12.124670917490608,0.0,5.733667477162185,34.50160512343913,77.10512492310824,13.65455394719011,0.0,0.0,0.0,5.733667477162185,4.794537184071822,0.0,0.0,48.1918202692371,19.005126045471968,34.50160512343913,59.79905691339256,0.0,0.0,0.0,0.0,104.36,34.794330154812606,20.429269240146535,0.0,35.682770301745386,19.26246486877803,12.841643245852019,7.109797541277533,0.0,20.771211599071872,6.923737199690624,14.210588861400147,16.51411655171328,0.0,25.12939083466771,12.286260393046106,6.967088647959185,-1.4437965849920233,0.0,1.9845987391870321,7.6728818132191146,1.3894596051995944,0.9090909090909091,29.0,1.0,7.0,3.0,1.0,4.0,0.0,0.0,0.0,0.0,8.0,0.0,6.0,1.0,7.0,1.0,3.0,3.0,1.0,4.0,0.0,8.0,4.565011822480668,4.0,2.741900000000001,102.65880000000007,0.0,1.0,0.0,0.0,0.0,0.0,0.0,0.0,0.0,0.0,2.0,2.0,0.0,0.0,0.0,1.0,0.0,0.0,0.0,0.0,0.0,0.0,0.0,0.0,0.0,0.0,0.0,0.0,0.0,0.0,0.0,0.0,0.0,0.0,0.0,0.0,5.0,0.0,0.0,0.0,1.0,3.0,0.0,0.0,0.0,0.0,0.0,0.0,0.0,0.0,0.0,0.0,0.0,0.0,0.0,1.0,0.0,0.0,0.0,0.0,0.0,0.0,0.0,0.0,0.0,0.0,0.0,0.0,0.0,0.0,0.0,0.0,0.0,0.0,0.0,0.0,0.0,0.0,0.0,0.0,0.0,0.0,0.0,0.0,0.0
O(C)c1c2OC(C[N+])C34C(CCO)C([N+](C)CC3)Cc(c24)cc1,5.0,Low,0.0,,Table4,10.034939058956915,10.034939058956915,0.004328231292516804,-0.2494444444444448,0.8379337062972677,34.869565217391305,316.40100000000007,292.20900000000006,316.17759546818,122.0,4.0,0.42227416493721814,-0.49285745293691313,0.49285745293691313,0.42227416493721814,1.4782608695652173,2.3043478260869565,3.0,16.527140634967534,9.546397401142508,2.6569407641081475,-2.493269187730334,2.600194094860807,-2.6429238480762707,5.6033712062160355,0.008628718086689179,2.895535111181541,1.9489375783638663,620.5294156373058,16.189869965382485,13.787529400495018,13.787529400495018,11.16739897843228,8.459513482244931,8.459513482244931,7.08135928083588,7.08135928083588,6.333326598032077,6.333326598032077,5.356696993239335,5.356696993239335,-1.2999999999999998,282450.7634904258,15.240756281860056,5.363902409710953,1.8412742382271465,136.91426361009442,14.580253302440804,19.634269217737724,17.602990054316113,0.0,0.0,12.27842388307476,0.0,0.0,4.899909730850478,0.0,6.06636706846161,18.050640183084614,30.929882748223324,12.524788010674314,14.580253302440804,0.0,0.0,10.633577208012664,5.917906046161393,36.82326255507107,33.85386430029279,23.259637120317212,0.0,11.49902366656781,20.107303115612762,0.0,11.49902366656781,0.0,51.106198912029754,11.83581209232279,5.917906046161393,23.96854622924601,12.13273413692322,0.0,0.0,0.0,66.89000000000001,0.0,10.84019487200289,0.0,24.670595227570576,11.959746875309353,37.30624494125841,11.126902983393991,7.109797541277533,6.06636706846161,18.013948781989278,9.473725907600098,11.721670997102546,0.0,2.4079131235827664,9.648096970269588,12.37543886999244,1.8596763983371127,4.514822924540185,2.4080657123960694,1.1544866465104566,3.8264950239355002,0.6666666666666666,23.0,1.0,5.0,1.0,2.0,3.0,0.0,1.0,0.0,1.0,4.0,2.0,4.0,1.0,5.0,2.0,4.0,0.0,1.0,1.0,1.0,4.0,3.5543447541776736,4.0,0.8595999999999997,86.31580000000005,0.0,1.0,1.0,0.0,0.0,0.0,0.0,0.0,0.0,0.0,0.0,0.0,0.0,0.0,0.0,2.0,0.0,0.0,0.0,1.0,1.0,0.0,0.0,0.0,0.0,0.0,0.0,0.0,0.0,0.0,0.0,0.0,0.0,0.0,1.0,0.0,1.0,0.0,0.0,0.0,0.0,2.0,0.0,0.0,0.0,0.0,0.0,0.0,0.0,0.0,0.0,0.0,0.0,0.0,0.0,1.0,0.0,0.0,0.0,0.0,0.0,0.0,0.0,0.0,0.0,0.0,0.0,0.0,0.0,1.0,0.0,0.0,0.0,0.0,0.0,0.0,0.0,0.0,0.0,0.0,0.0,0.0,0.0,0.0,0.0
OC1C2OCC([N+])C2OC1,0.0,Low,0.0,,Table4,9.156018518518518,9.156018518518518,0.2841203703703705,-0.5535648148148151,0.452526559222009,53.4,143.142,134.07,143.05769456809,55.0,3.0,0.4274682270969819,-0.38788975807528325,0.4274682270969819,0.38788975807528325,1.2,1.9,2.6,16.587600694975922,10.100070316911502,2.5298283570114037,-2.0617379183387867,2.255374671239306,-2.31253670296663,4.950787443651069,0.018162485486749414,2.405109318244186,2.0917705580984776,124.95461844238322,7.1378282015046945,5.43453841105924,5.43453841105924,4.787693700234704,3.381649150402706,3.381649150402706,2.730593189539349,2.730593189539349,2.0011373981104263,2.0011373981104263,1.4588053397393717,1.4588053397393717,-0.16,339.1204138724302,6.543966449258588,2.1655790225487195,0.7689940828402367,58.913514200976614,14.580253302440804,18.814814740009524,6.103966387748303,0.0,0.0,11.775508306310146,0.0,0.0,0.0,0.0,0.0,0.0,0.0,6.606881964512918,14.580253302440804,0.0,0.0,5.733667477162185,0.0,24.353739992392867,13.213763929025836,0.0,0.0,0.0,5.733667477162185,0.0,0.0,0.0,42.67403131625941,9.473725907600098,0.0,0.0,0.0,0.0,0.0,0.0,60.99000000000001,12.145807216896262,0.0,0.0,25.421696704522443,0.0,0.0,0.0,0.0,0.0,0.0,20.313920779602988,10.152777777777779,0.0,0.0,9.156018518518518,9.156018518518518,0.0,-0.5535648148148151,-1.1461574074074086,0.568240740740741,0.0,1.0,10.0,1.0,4.0,0.0,2.0,2.0,0.0,0.0,0.0,0.0,4.0,0.0,3.0,1.0,4.0,2.0,0.0,0.0,2.0,2.0,0.0,4.0,1.4171476466777029,2.0,-1.4178,31.40879999999999,0.0,1.0,1.0,0.0,0.0,0.0,0.0,0.0,0.0,0.0,0.0,0.0,0.0,0.0,0.0,1.0,0.0,0.0,0.0,0.0,0.0,0.0,0.0,0.0,0.0,0.0,0.0,0.0,0.0,0.0,0.0,0.0,0.0,0.0,0.0,0.0,1.0,0.0,0.0,0.0,0.0,2.0,0.0,0.0,0.0,0.0,0.0,0.0,0.0,0.0,0.0,0.0,0.0,0.0,0.0,0.0,0.0,0.0,0.0,0.0,0.0,0.0,0.0,0.0,0.0,0.0,0.0,0.0,0.0,0.0,0.0,0.0,0.0,0.0,0.0,0.0,0.0,0.0,0.0,0.0,0.0,0.0,0.0,0.0,0.0
O=C(OC)C1(C)C2C(C)(C3C(C([N+])C(O)(C(C)C)CC3)=CC2)CCC1,0.0,Low,0.0,,Table4,12.570202970880729,12.570202970880729,0.01534299470604461,-1.0358640006928699,0.6134792117342865,46.88,347.49900000000025,314.23500000000007,347.24549533609,139.0,3.0,0.4302461159892024,-0.4685871216618592,0.4685871216618592,0.4302461159892024,1.32,2.0,2.6,16.525207841467775,9.449439244910854,2.637055822316936,-2.578606898951647,2.6291907177027416,-2.5955483432164317,5.768040588970839,-0.16776826398596723,2.565586840640047,1.99990989313135,585.6902362449431,18.620955864630133,16.34031580499506,16.34031580499506,11.608878665815869,9.797808926734033,9.797808926734033,9.400558545372691,9.400558545372691,8.038595221413447,8.038595221413447,6.317456512429479,6.317456512429479,-0.8700000000000001,295083.5360630556,18.90731100744621,6.089470688291114,2.511031420345325,151.74018860174914,9.843390348640755,5.601050810983688,0.0,0.0,0.0,17.744813594261995,4.794537184071822,0.0,0.0,0.0,33.26805332883176,62.196553922201645,5.573104530069267,12.524788010674314,14.637927532712576,5.969305287951849,0.0,5.733667477162185,28.583699077277736,77.86277017645023,7.109797541277533,11.64912463690315,0.0,0.0,5.733667477162185,0.0,0.0,0.0,29.828521864201733,9.53140013787187,28.583699077277736,66.21987853631857,11.64912463690315,0.0,0.0,0.0,68.83,17.05788210952843,15.634732056074713,0.0,29.138013895832806,6.4208216229260096,37.67721264469931,7.109797541277533,0.0,13.847474399381248,19.92349450621513,4.736862953800049,5.159394279712192,0.0,12.570202970880729,10.999964279706118,10.46669457829428,0.3831830913928671,-0.7959867357436805,7.340446336713697,8.309892610938112,1.4828752547723507,0.8571428571428571,25.0,1.0,4.0,3.0,0.0,3.0,0.0,0.0,0.0,0.0,6.0,0.0,3.0,1.0,4.0,0.0,2.0,2.0,0.0,2.0,0.0,6.0,4.605420646969906,3.0,3.5366000000000017,96.70480000000006,0.0,1.0,0.0,0.0,0.0,0.0,0.0,0.0,0.0,0.0,1.0,1.0,0.0,0.0,0.0,1.0,0.0,0.0,0.0,0.0,0.0,0.0,0.0,0.0,0.0,0.0,1.0,0.0,0.0,0.0,0.0,0.0,0.0,0.0,0.0,0.0,3.0,0.0,0.0,0.0,1.0,1.0,0.0,0.0,0.0,0.0,0.0,0.0,0.0,0.0,0.0,0.0,0.0,0.0,0.0,1.0,0.0,0.0,0.0,0.0,0.0,0.0,0.0,0.0,0.0,0.0,0.0,0.0,0.0,0.0,0.0,0.0,0.0,0.0,0.0,0.0,0.0,0.0,0.0,0.0,0.0,0.0,0.0,0.0,0.0
[N+]C(c1ccccc1)(c1ccccc1)c1ccccc1,0.0,Low,0.0,,Table4,11.42527777777778,11.42527777777778,0.8725925925925926,-1.1212499999999999,0.631686580959097,11.25,257.336,242.21599999999992,257.11990090009,95.0,3.0,0.4423529684351043,-0.06223938355291991,0.4423529684351043,0.06223938355291991,0.45,0.7,0.95,14.747439009837235,9.779451834999138,2.4902413080279784,-2.1624618126690893,2.348078231706357,-2.3021627264743447,5.47760110373944,0.6278058060678006,2.5638813113805274,2.2388084635451477,563.2391420701314,13.838652525367095,11.10746763334435,11.10746763334435,9.815515146567616,6.705657605318857,6.705657605318857,4.808486407978286,4.808486407978286,3.5746909434510994,3.5746909434510994,2.538065355408003,2.538065355408003,-2.379999999999999,65635.3615713415,12.64357639181139,5.3155196755806156,2.126898830153495,119.25042434303437,0.0,0.0,0.0,0.0,0.0,11.27259272954553,0.0,0.0,0.0,0.0,90.99550602692418,0.0,16.690354475090988,0.0,0.0,0.0,0.0,5.733667477162185,0.0,5.538925252383345,0.0,107.68586050201517,0.0,0.0,5.733667477162185,0.0,0.0,0.0,0.0,5.538925252383345,0.0,16.690354475090988,90.99550602692418,0.0,0.0,0.0,22.3,5.538925252383345,5.733667477162185,0.0,0.0,0.0,16.690354475090988,0.0,0.0,90.99550602692418,0.0,0.0,0.0,0.0,0.0,0.0,12.921805555555558,0.0,29.328194444444446,0.0,0.0,0.0,0.05263157894736842,20.0,0.0,1.0,0.0,0.0,0.0,0.0,3.0,0.0,3.0,0.0,0.0,0.0,0.0,1.0,0.0,3.0,0.0,0.0,0.0,0.0,0.0,3.360358954019001,3.0,4.047200000000003,81.34200000000004,0.0,0.0,0.0,0.0,0.0,0.0,0.0,0.0,0.0,0.0,0.0,0.0,0.0,0.0,0.0,1.0,0.0,0.0,0.0,0.0,0.0,0.0,0.0,0.0,0.0,0.0,0.0,0.0,0.0,0.0,0.0,0.0,0.0,0.0,3.0,0.0,0.0,0.0,0.0,0.0,0.0,0.0,0.0,0.0,0.0,0.0,0.0,0.0,0.0,0.0,0.0,0.0,0.0,0.0,0.0,0.0,0.0,0.0,0.0,0.0,0.0,0.0,0.0,0.0,0.0,0.0,0.0,0.0,0.0,0.0,0.0,0.0,0.0,0.0,0.0,0.0,0.0,0.0,0.0,0.0,0.0,0.0,0.0,0.0,0.0
